topology,K,p,k,realization,baseSeed,runSeed,outputDir,status
complete,0.00,,,1,20260607,5691450448881782049,outputs\fhn-sweep-T500-dt005-init05-observables\runs\complete\K_0.00\seed_0001,OK
complete,0.00,,,5,20260607,5691450448881782053,outputs\fhn-sweep-T500-dt005-init05-observables\runs\complete\K_0.00\seed_0005,OK
complete,0.00,,,3,20260607,5691450448881782051,outputs\fhn-sweep-T500-dt005-init05-observables\runs\complete\K_0.00\seed_0003,OK
complete,0.00,,,2,20260607,5691450448881782050,outputs\fhn-sweep-T500-dt005-init05-observables\runs\complete\K_0.00\seed_0002,OK
complete,0.00,,,4,20260607,5691450448881782052,outputs\fhn-sweep-T500-dt005-init05-observables\runs\complete\K_0.00\seed_0004,OK
complete,0.00,,,6,20260607,5691450448881782054,outputs\fhn-sweep-T500-dt005-init05-observables\runs\complete\K_0.00\seed_0006,OK
complete,0.00,,,7,20260607,5691450448881782055,outputs\fhn-sweep-T500-dt005-init05-observables\runs\complete\K_0.00\seed_0007,OK
complete,0.00,,,8,20260607,5691450448881782056,outputs\fhn-sweep-T500-dt005-init05-observables\runs\complete\K_0.00\seed_0008,OK
complete,0.00,,,9,20260607,5691450448881782057,outputs\fhn-sweep-T500-dt005-init05-observables\runs\complete\K_0.00\seed_0009,OK
complete,0.00,,,10,20260607,5691450448881782058,outputs\fhn-sweep-T500-dt005-init05-observables\runs\complete\K_0.00\seed_0010,OK
complete,0.00,,,11,20260607,5691450448881782059,outputs\fhn-sweep-T500-dt005-init05-observables\runs\complete\K_0.00\seed_0011,OK
complete,0.00,,,13,20260607,5691450448881782061,outputs\fhn-sweep-T500-dt005-init05-observables\runs\complete\K_0.00\seed_0013,OK
complete,0.00,,,12,20260607,5691450448881782060,outputs\fhn-sweep-T500-dt005-init05-observables\runs\complete\K_0.00\seed_0012,OK
complete,0.00,,,14,20260607,5691450448881782062,outputs\fhn-sweep-T500-dt005-init05-observables\runs\complete\K_0.00\seed_0014,OK
complete,0.00,,,15,20260607,5691450448881782063,outputs\fhn-sweep-T500-dt005-init05-observables\runs\complete\K_0.00\seed_0015,OK
complete,0.10,,,1,20260607,1041934193584493895,outputs\fhn-sweep-T500-dt005-init05-observables\runs\complete\K_0.10\seed_0001,OK
complete,0.10,,,2,20260607,1041934193584493896,outputs\fhn-sweep-T500-dt005-init05-observables\runs\complete\K_0.10\seed_0002,OK
complete,0.10,,,3,20260607,1041934193584493897,outputs\fhn-sweep-T500-dt005-init05-observables\runs\complete\K_0.10\seed_0003,OK
complete,0.10,,,4,20260607,1041934193584493898,outputs\fhn-sweep-T500-dt005-init05-observables\runs\complete\K_0.10\seed_0004,OK
complete,0.10,,,5,20260607,1041934193584493899,outputs\fhn-sweep-T500-dt005-init05-observables\runs\complete\K_0.10\seed_0005,OK
complete,0.10,,,6,20260607,1041934193584493900,outputs\fhn-sweep-T500-dt005-init05-observables\runs\complete\K_0.10\seed_0006,OK
complete,0.10,,,7,20260607,1041934193584493901,outputs\fhn-sweep-T500-dt005-init05-observables\runs\complete\K_0.10\seed_0007,OK
complete,0.10,,,8,20260607,1041934193584493902,outputs\fhn-sweep-T500-dt005-init05-observables\runs\complete\K_0.10\seed_0008,OK
complete,0.10,,,9,20260607,1041934193584493903,outputs\fhn-sweep-T500-dt005-init05-observables\runs\complete\K_0.10\seed_0009,OK
complete,0.10,,,10,20260607,1041934193584493904,outputs\fhn-sweep-T500-dt005-init05-observables\runs\complete\K_0.10\seed_0010,OK
complete,0.10,,,11,20260607,1041934193584493905,outputs\fhn-sweep-T500-dt005-init05-observables\runs\complete\K_0.10\seed_0011,OK
complete,0.10,,,12,20260607,1041934193584493906,outputs\fhn-sweep-T500-dt005-init05-observables\runs\complete\K_0.10\seed_0012,OK
complete,0.10,,,14,20260607,1041934193584493908,outputs\fhn-sweep-T500-dt005-init05-observables\runs\complete\K_0.10\seed_0014,OK
complete,0.10,,,13,20260607,1041934193584493907,outputs\fhn-sweep-T500-dt005-init05-observables\runs\complete\K_0.10\seed_0013,OK
complete,0.10,,,15,20260607,1041934193584493909,outputs\fhn-sweep-T500-dt005-init05-observables\runs\complete\K_0.10\seed_0015,OK
complete,0.20,,,5,20260607,6081462176612078923,outputs\fhn-sweep-T500-dt005-init05-observables\runs\complete\K_0.20\seed_0005,OK
complete,0.20,,,1,20260607,6081462176612078919,outputs\fhn-sweep-T500-dt005-init05-observables\runs\complete\K_0.20\seed_0001,OK
complete,0.20,,,3,20260607,6081462176612078921,outputs\fhn-sweep-T500-dt005-init05-observables\runs\complete\K_0.20\seed_0003,OK
complete,0.20,,,4,20260607,6081462176612078922,outputs\fhn-sweep-T500-dt005-init05-observables\runs\complete\K_0.20\seed_0004,OK
complete,0.20,,,2,20260607,6081462176612078920,outputs\fhn-sweep-T500-dt005-init05-observables\runs\complete\K_0.20\seed_0002,OK
complete,0.20,,,6,20260607,6081462176612078924,outputs\fhn-sweep-T500-dt005-init05-observables\runs\complete\K_0.20\seed_0006,OK
complete,0.20,,,7,20260607,6081462176612078925,outputs\fhn-sweep-T500-dt005-init05-observables\runs\complete\K_0.20\seed_0007,OK
complete,0.20,,,9,20260607,6081462176612078927,outputs\fhn-sweep-T500-dt005-init05-observables\runs\complete\K_0.20\seed_0009,OK
complete,0.20,,,8,20260607,6081462176612078926,outputs\fhn-sweep-T500-dt005-init05-observables\runs\complete\K_0.20\seed_0008,OK
complete,0.20,,,10,20260607,6081462176612078928,outputs\fhn-sweep-T500-dt005-init05-observables\runs\complete\K_0.20\seed_0010,OK
complete,0.20,,,11,20260607,6081462176612078929,outputs\fhn-sweep-T500-dt005-init05-observables\runs\complete\K_0.20\seed_0011,OK
complete,0.20,,,12,20260607,6081462176612078930,outputs\fhn-sweep-T500-dt005-init05-observables\runs\complete\K_0.20\seed_0012,OK
complete,0.20,,,14,20260607,6081462176612078932,outputs\fhn-sweep-T500-dt005-init05-observables\runs\complete\K_0.20\seed_0014,OK
complete,0.20,,,13,20260607,6081462176612078931,outputs\fhn-sweep-T500-dt005-init05-observables\runs\complete\K_0.20\seed_0013,OK
complete,0.20,,,15,20260607,6081462176612078933,outputs\fhn-sweep-T500-dt005-init05-observables\runs\complete\K_0.20\seed_0015,OK
complete,0.30,,,3,20260607,-5652216292539029232,outputs\fhn-sweep-T500-dt005-init05-observables\runs\complete\K_0.30\seed_0003,OK
complete,0.30,,,4,20260607,-5652216292539029231,outputs\fhn-sweep-T500-dt005-init05-observables\runs\complete\K_0.30\seed_0004,OK
complete,0.30,,,5,20260607,-5652216292539029230,outputs\fhn-sweep-T500-dt005-init05-observables\runs\complete\K_0.30\seed_0005,OK
complete,0.30,,,1,20260607,-5652216292539029234,outputs\fhn-sweep-T500-dt005-init05-observables\runs\complete\K_0.30\seed_0001,OK
complete,0.30,,,2,20260607,-5652216292539029233,outputs\fhn-sweep-T500-dt005-init05-observables\runs\complete\K_0.30\seed_0002,OK
complete,0.30,,,6,20260607,-5652216292539029229,outputs\fhn-sweep-T500-dt005-init05-observables\runs\complete\K_0.30\seed_0006,OK
complete,0.30,,,7,20260607,-5652216292539029228,outputs\fhn-sweep-T500-dt005-init05-observables\runs\complete\K_0.30\seed_0007,OK
complete,0.30,,,8,20260607,-5652216292539029227,outputs\fhn-sweep-T500-dt005-init05-observables\runs\complete\K_0.30\seed_0008,OK
complete,0.30,,,9,20260607,-5652216292539029226,outputs\fhn-sweep-T500-dt005-init05-observables\runs\complete\K_0.30\seed_0009,OK
complete,0.30,,,10,20260607,-5652216292539029225,outputs\fhn-sweep-T500-dt005-init05-observables\runs\complete\K_0.30\seed_0010,OK
complete,0.30,,,12,20260607,-5652216292539029223,outputs\fhn-sweep-T500-dt005-init05-observables\runs\complete\K_0.30\seed_0012,OK
complete,0.30,,,11,20260607,-5652216292539029224,outputs\fhn-sweep-T500-dt005-init05-observables\runs\complete\K_0.30\seed_0011,OK
complete,0.30,,,13,20260607,-5652216292539029222,outputs\fhn-sweep-T500-dt005-init05-observables\runs\complete\K_0.30\seed_0013,OK
complete,0.30,,,14,20260607,-5652216292539029221,outputs\fhn-sweep-T500-dt005-init05-observables\runs\complete\K_0.30\seed_0014,OK
complete,0.30,,,15,20260607,-5652216292539029220,outputs\fhn-sweep-T500-dt005-init05-observables\runs\complete\K_0.30\seed_0015,OK
complete,0.40,,,2,20260607,-7325753914069887672,outputs\fhn-sweep-T500-dt005-init05-observables\runs\complete\K_0.40\seed_0002,OK
complete,0.40,,,1,20260607,-7325753914069887673,outputs\fhn-sweep-T500-dt005-init05-observables\runs\complete\K_0.40\seed_0001,OK
complete,0.40,,,3,20260607,-7325753914069887671,outputs\fhn-sweep-T500-dt005-init05-observables\runs\complete\K_0.40\seed_0003,OK
complete,0.40,,,4,20260607,-7325753914069887670,outputs\fhn-sweep-T500-dt005-init05-observables\runs\complete\K_0.40\seed_0004,OK
complete,0.40,,,5,20260607,-7325753914069887669,outputs\fhn-sweep-T500-dt005-init05-observables\runs\complete\K_0.40\seed_0005,OK
complete,0.40,,,6,20260607,-7325753914069887668,outputs\fhn-sweep-T500-dt005-init05-observables\runs\complete\K_0.40\seed_0006,OK
complete,0.40,,,8,20260607,-7325753914069887666,outputs\fhn-sweep-T500-dt005-init05-observables\runs\complete\K_0.40\seed_0008,OK
complete,0.40,,,7,20260607,-7325753914069887667,outputs\fhn-sweep-T500-dt005-init05-observables\runs\complete\K_0.40\seed_0007,OK
complete,0.40,,,9,20260607,-7325753914069887665,outputs\fhn-sweep-T500-dt005-init05-observables\runs\complete\K_0.40\seed_0009,OK
complete,0.40,,,10,20260607,-7325753914069887664,outputs\fhn-sweep-T500-dt005-init05-observables\runs\complete\K_0.40\seed_0010,OK
complete,0.40,,,14,20260607,-7325753914069887660,outputs\fhn-sweep-T500-dt005-init05-observables\runs\complete\K_0.40\seed_0014,OK
complete,0.40,,,13,20260607,-7325753914069887661,outputs\fhn-sweep-T500-dt005-init05-observables\runs\complete\K_0.40\seed_0013,OK
complete,0.40,,,15,20260607,-7325753914069887659,outputs\fhn-sweep-T500-dt005-init05-observables\runs\complete\K_0.40\seed_0015,OK
complete,0.40,,,11,20260607,-7325753914069887663,outputs\fhn-sweep-T500-dt005-init05-observables\runs\complete\K_0.40\seed_0011,OK
complete,0.40,,,12,20260607,-7325753914069887662,outputs\fhn-sweep-T500-dt005-init05-observables\runs\complete\K_0.40\seed_0012,OK
complete,0.50,,,1,20260607,-8999291535600775903,outputs\fhn-sweep-T500-dt005-init05-observables\runs\complete\K_0.50\seed_0001,OK
complete,0.50,,,2,20260607,-8999291535600775902,outputs\fhn-sweep-T500-dt005-init05-observables\runs\complete\K_0.50\seed_0002,OK
complete,0.50,,,3,20260607,-8999291535600775901,outputs\fhn-sweep-T500-dt005-init05-observables\runs\complete\K_0.50\seed_0003,OK
complete,0.50,,,4,20260607,-8999291535600775900,outputs\fhn-sweep-T500-dt005-init05-observables\runs\complete\K_0.50\seed_0004,OK
complete,0.50,,,5,20260607,-8999291535600775899,outputs\fhn-sweep-T500-dt005-init05-observables\runs\complete\K_0.50\seed_0005,OK
complete,0.50,,,6,20260607,-8999291535600775898,outputs\fhn-sweep-T500-dt005-init05-observables\runs\complete\K_0.50\seed_0006,OK
complete,0.50,,,7,20260607,-8999291535600775897,outputs\fhn-sweep-T500-dt005-init05-observables\runs\complete\K_0.50\seed_0007,OK
complete,0.50,,,8,20260607,-8999291535600775896,outputs\fhn-sweep-T500-dt005-init05-observables\runs\complete\K_0.50\seed_0008,OK
complete,0.50,,,9,20260607,-8999291535600775895,outputs\fhn-sweep-T500-dt005-init05-observables\runs\complete\K_0.50\seed_0009,OK
complete,0.50,,,10,20260607,-8999291535600775894,outputs\fhn-sweep-T500-dt005-init05-observables\runs\complete\K_0.50\seed_0010,OK
complete,0.50,,,12,20260607,-8999291535600775892,outputs\fhn-sweep-T500-dt005-init05-observables\runs\complete\K_0.50\seed_0012,OK
complete,0.50,,,14,20260607,-8999291535600775890,outputs\fhn-sweep-T500-dt005-init05-observables\runs\complete\K_0.50\seed_0014,OK
complete,0.50,,,13,20260607,-8999291535600775891,outputs\fhn-sweep-T500-dt005-init05-observables\runs\complete\K_0.50\seed_0013,OK
complete,0.50,,,11,20260607,-8999291535600775893,outputs\fhn-sweep-T500-dt005-init05-observables\runs\complete\K_0.50\seed_0011,OK
complete,0.50,,,15,20260607,-8999291535600775889,outputs\fhn-sweep-T500-dt005-init05-observables\runs\complete\K_0.50\seed_0015,OK
complete,0.60,,,1,20260607,-612688309511444210,outputs\fhn-sweep-T500-dt005-init05-observables\runs\complete\K_0.60\seed_0001,OK
complete,0.60,,,3,20260607,-612688309511444208,outputs\fhn-sweep-T500-dt005-init05-observables\runs\complete\K_0.60\seed_0003,OK
complete,0.60,,,2,20260607,-612688309511444209,outputs\fhn-sweep-T500-dt005-init05-observables\runs\complete\K_0.60\seed_0002,OK
complete,0.60,,,5,20260607,-612688309511444206,outputs\fhn-sweep-T500-dt005-init05-observables\runs\complete\K_0.60\seed_0005,OK
complete,0.60,,,4,20260607,-612688309511444207,outputs\fhn-sweep-T500-dt005-init05-observables\runs\complete\K_0.60\seed_0004,OK
complete,0.60,,,6,20260607,-612688309511444205,outputs\fhn-sweep-T500-dt005-init05-observables\runs\complete\K_0.60\seed_0006,OK
complete,0.60,,,7,20260607,-612688309511444204,outputs\fhn-sweep-T500-dt005-init05-observables\runs\complete\K_0.60\seed_0007,OK
complete,0.60,,,8,20260607,-612688309511444203,outputs\fhn-sweep-T500-dt005-init05-observables\runs\complete\K_0.60\seed_0008,OK
complete,0.60,,,9,20260607,-612688309511444202,outputs\fhn-sweep-T500-dt005-init05-observables\runs\complete\K_0.60\seed_0009,OK
complete,0.60,,,10,20260607,-612688309511444201,outputs\fhn-sweep-T500-dt005-init05-observables\runs\complete\K_0.60\seed_0010,OK
complete,0.60,,,11,20260607,-612688309511444200,outputs\fhn-sweep-T500-dt005-init05-observables\runs\complete\K_0.60\seed_0011,OK
complete,0.60,,,12,20260607,-612688309511444199,outputs\fhn-sweep-T500-dt005-init05-observables\runs\complete\K_0.60\seed_0012,OK
complete,0.60,,,13,20260607,-612688309511444198,outputs\fhn-sweep-T500-dt005-init05-observables\runs\complete\K_0.60\seed_0013,OK
complete,0.60,,,14,20260607,-612688309511444197,outputs\fhn-sweep-T500-dt005-init05-observables\runs\complete\K_0.60\seed_0014,OK
complete,0.60,,,15,20260607,-612688309511444196,outputs\fhn-sweep-T500-dt005-init05-observables\runs\complete\K_0.60\seed_0015,OK
complete,0.70,,,1,20260607,7773914916577887483,outputs\fhn-sweep-T500-dt005-init05-observables\runs\complete\K_0.70\seed_0001,OK
complete,0.70,,,3,20260607,7773914916577887485,outputs\fhn-sweep-T500-dt005-init05-observables\runs\complete\K_0.70\seed_0003,OK
complete,0.70,,,4,20260607,7773914916577887486,outputs\fhn-sweep-T500-dt005-init05-observables\runs\complete\K_0.70\seed_0004,OK
complete,0.70,,,2,20260607,7773914916577887484,outputs\fhn-sweep-T500-dt005-init05-observables\runs\complete\K_0.70\seed_0002,OK
complete,0.70,,,5,20260607,7773914916577887487,outputs\fhn-sweep-T500-dt005-init05-observables\runs\complete\K_0.70\seed_0005,OK
complete,0.70,,,10,20260607,7773914916577887492,outputs\fhn-sweep-T500-dt005-init05-observables\runs\complete\K_0.70\seed_0010,OK
complete,0.70,,,6,20260607,7773914916577887488,outputs\fhn-sweep-T500-dt005-init05-observables\runs\complete\K_0.70\seed_0006,OK
complete,0.70,,,7,20260607,7773914916577887489,outputs\fhn-sweep-T500-dt005-init05-observables\runs\complete\K_0.70\seed_0007,OK
complete,0.70,,,9,20260607,7773914916577887491,outputs\fhn-sweep-T500-dt005-init05-observables\runs\complete\K_0.70\seed_0009,OK
complete,0.70,,,8,20260607,7773914916577887490,outputs\fhn-sweep-T500-dt005-init05-observables\runs\complete\K_0.70\seed_0008,OK
complete,0.70,,,11,20260607,7773914916577887493,outputs\fhn-sweep-T500-dt005-init05-observables\runs\complete\K_0.70\seed_0011,OK
complete,0.70,,,12,20260607,7773914916577887494,outputs\fhn-sweep-T500-dt005-init05-observables\runs\complete\K_0.70\seed_0012,OK
complete,0.70,,,13,20260607,7773914916577887495,outputs\fhn-sweep-T500-dt005-init05-observables\runs\complete\K_0.70\seed_0013,OK
complete,0.70,,,14,20260607,7773914916577887496,outputs\fhn-sweep-T500-dt005-init05-observables\runs\complete\K_0.70\seed_0014,OK
complete,0.70,,,15,20260607,7773914916577887497,outputs\fhn-sweep-T500-dt005-init05-observables\runs\complete\K_0.70\seed_0015,OK
complete,0.80,,,1,20260607,-2286225931042302649,outputs\fhn-sweep-T500-dt005-init05-observables\runs\complete\K_0.80\seed_0001,OK
complete,0.80,,,2,20260607,-2286225931042302648,outputs\fhn-sweep-T500-dt005-init05-observables\runs\complete\K_0.80\seed_0002,OK
complete,0.80,,,3,20260607,-2286225931042302647,outputs\fhn-sweep-T500-dt005-init05-observables\runs\complete\K_0.80\seed_0003,OK
complete,0.80,,,5,20260607,-2286225931042302645,outputs\fhn-sweep-T500-dt005-init05-observables\runs\complete\K_0.80\seed_0005,OK
complete,0.80,,,4,20260607,-2286225931042302646,outputs\fhn-sweep-T500-dt005-init05-observables\runs\complete\K_0.80\seed_0004,OK
complete,0.80,,,8,20260607,-2286225931042302642,outputs\fhn-sweep-T500-dt005-init05-observables\runs\complete\K_0.80\seed_0008,OK
complete,0.80,,,9,20260607,-2286225931042302641,outputs\fhn-sweep-T500-dt005-init05-observables\runs\complete\K_0.80\seed_0009,OK
complete,0.80,,,10,20260607,-2286225931042302640,outputs\fhn-sweep-T500-dt005-init05-observables\runs\complete\K_0.80\seed_0010,OK
complete,0.80,,,6,20260607,-2286225931042302644,outputs\fhn-sweep-T500-dt005-init05-observables\runs\complete\K_0.80\seed_0006,OK
complete,0.80,,,7,20260607,-2286225931042302643,outputs\fhn-sweep-T500-dt005-init05-observables\runs\complete\K_0.80\seed_0007,OK
complete,0.80,,,11,20260607,-2286225931042302639,outputs\fhn-sweep-T500-dt005-init05-observables\runs\complete\K_0.80\seed_0011,OK
complete,0.80,,,13,20260607,-2286225931042302637,outputs\fhn-sweep-T500-dt005-init05-observables\runs\complete\K_0.80\seed_0013,OK
complete,0.80,,,12,20260607,-2286225931042302638,outputs\fhn-sweep-T500-dt005-init05-observables\runs\complete\K_0.80\seed_0012,OK
complete,0.80,,,14,20260607,-2286225931042302636,outputs\fhn-sweep-T500-dt005-init05-observables\runs\complete\K_0.80\seed_0014,OK
complete,0.80,,,15,20260607,-2286225931042302635,outputs\fhn-sweep-T500-dt005-init05-observables\runs\complete\K_0.80\seed_0015,OK
complete,0.90,,,1,20260607,6100377295047029044,outputs\fhn-sweep-T500-dt005-init05-observables\runs\complete\K_0.90\seed_0001,OK
complete,0.90,,,4,20260607,6100377295047029047,outputs\fhn-sweep-T500-dt005-init05-observables\runs\complete\K_0.90\seed_0004,OK
complete,0.90,,,3,20260607,6100377295047029046,outputs\fhn-sweep-T500-dt005-init05-observables\runs\complete\K_0.90\seed_0003,OK
complete,0.90,,,2,20260607,6100377295047029045,outputs\fhn-sweep-T500-dt005-init05-observables\runs\complete\K_0.90\seed_0002,OK
complete,0.90,,,5,20260607,6100377295047029048,outputs\fhn-sweep-T500-dt005-init05-observables\runs\complete\K_0.90\seed_0005,OK
complete,0.90,,,6,20260607,6100377295047029049,outputs\fhn-sweep-T500-dt005-init05-observables\runs\complete\K_0.90\seed_0006,OK
complete,0.90,,,7,20260607,6100377295047029050,outputs\fhn-sweep-T500-dt005-init05-observables\runs\complete\K_0.90\seed_0007,OK
complete,0.90,,,8,20260607,6100377295047029051,outputs\fhn-sweep-T500-dt005-init05-observables\runs\complete\K_0.90\seed_0008,OK
complete,0.90,,,9,20260607,6100377295047029052,outputs\fhn-sweep-T500-dt005-init05-observables\runs\complete\K_0.90\seed_0009,OK
complete,0.90,,,10,20260607,6100377295047029053,outputs\fhn-sweep-T500-dt005-init05-observables\runs\complete\K_0.90\seed_0010,OK
complete,0.90,,,11,20260607,6100377295047029054,outputs\fhn-sweep-T500-dt005-init05-observables\runs\complete\K_0.90\seed_0011,OK
complete,0.90,,,12,20260607,6100377295047029055,outputs\fhn-sweep-T500-dt005-init05-observables\runs\complete\K_0.90\seed_0012,OK
complete,0.90,,,13,20260607,6100377295047029056,outputs\fhn-sweep-T500-dt005-init05-observables\runs\complete\K_0.90\seed_0013,OK
complete,0.90,,,14,20260607,6100377295047029057,outputs\fhn-sweep-T500-dt005-init05-observables\runs\complete\K_0.90\seed_0014,OK
complete,0.90,,,15,20260607,6100377295047029058,outputs\fhn-sweep-T500-dt005-init05-observables\runs\complete\K_0.90\seed_0015,OK
complete,1.00,,,1,20260607,-3959763552573190879,outputs\fhn-sweep-T500-dt005-init05-observables\runs\complete\K_1.00\seed_0001,OK
complete,1.00,,,2,20260607,-3959763552573190878,outputs\fhn-sweep-T500-dt005-init05-observables\runs\complete\K_1.00\seed_0002,OK
complete,1.00,,,3,20260607,-3959763552573190877,outputs\fhn-sweep-T500-dt005-init05-observables\runs\complete\K_1.00\seed_0003,OK
complete,1.00,,,5,20260607,-3959763552573190875,outputs\fhn-sweep-T500-dt005-init05-observables\runs\complete\K_1.00\seed_0005,OK
complete,1.00,,,4,20260607,-3959763552573190876,outputs\fhn-sweep-T500-dt005-init05-observables\runs\complete\K_1.00\seed_0004,OK
complete,1.00,,,6,20260607,-3959763552573190874,outputs\fhn-sweep-T500-dt005-init05-observables\runs\complete\K_1.00\seed_0006,OK
complete,1.00,,,7,20260607,-3959763552573190873,outputs\fhn-sweep-T500-dt005-init05-observables\runs\complete\K_1.00\seed_0007,OK
complete,1.00,,,9,20260607,-3959763552573190871,outputs\fhn-sweep-T500-dt005-init05-observables\runs\complete\K_1.00\seed_0009,OK
complete,1.00,,,8,20260607,-3959763552573190872,outputs\fhn-sweep-T500-dt005-init05-observables\runs\complete\K_1.00\seed_0008,OK
complete,1.00,,,10,20260607,-3959763552573190870,outputs\fhn-sweep-T500-dt005-init05-observables\runs\complete\K_1.00\seed_0010,OK
complete,1.00,,,11,20260607,-3959763552573190869,outputs\fhn-sweep-T500-dt005-init05-observables\runs\complete\K_1.00\seed_0011,OK
complete,1.00,,,12,20260607,-3959763552573190868,outputs\fhn-sweep-T500-dt005-init05-observables\runs\complete\K_1.00\seed_0012,OK
random,0.00,1.0000e-4,,1,20260607,-3572756102476785768,outputs\fhn-sweep-T500-dt005-init05-observables\runs\random\p_1.0000e-4\K_0.00\seed_0001,OK
complete,1.00,,,13,20260607,-3959763552573190867,outputs\fhn-sweep-T500-dt005-init05-observables\runs\complete\K_1.00\seed_0013,OK
complete,1.00,,,14,20260607,-3959763552573190866,outputs\fhn-sweep-T500-dt005-init05-observables\runs\complete\K_1.00\seed_0014,OK
random,0.00,1.0000e-4,,3,20260607,-3572756102476785766,outputs\fhn-sweep-T500-dt005-init05-observables\runs\random\p_1.0000e-4\K_0.00\seed_0003,OK
random,0.00,1.0000e-4,,2,20260607,-3572756102476785767,outputs\fhn-sweep-T500-dt005-init05-observables\runs\random\p_1.0000e-4\K_0.00\seed_0002,OK
random,0.00,1.0000e-4,,4,20260607,-3572756102476785765,outputs\fhn-sweep-T500-dt005-init05-observables\runs\random\p_1.0000e-4\K_0.00\seed_0004,OK
random,0.00,1.0000e-4,,5,20260607,-3572756102476785764,outputs\fhn-sweep-T500-dt005-init05-observables\runs\random\p_1.0000e-4\K_0.00\seed_0005,OK
complete,1.00,,,15,20260607,-3959763552573190865,outputs\fhn-sweep-T500-dt005-init05-observables\runs\complete\K_1.00\seed_0015,OK
random,0.00,1.0000e-4,,6,20260607,-3572756102476785763,outputs\fhn-sweep-T500-dt005-init05-observables\runs\random\p_1.0000e-4\K_0.00\seed_0006,OK
random,0.00,1.0000e-4,,7,20260607,-3572756102476785762,outputs\fhn-sweep-T500-dt005-init05-observables\runs\random\p_1.0000e-4\K_0.00\seed_0007,OK
random,0.00,1.0000e-4,,8,20260607,-3572756102476785761,outputs\fhn-sweep-T500-dt005-init05-observables\runs\random\p_1.0000e-4\K_0.00\seed_0008,OK
random,0.00,1.0000e-4,,9,20260607,-3572756102476785760,outputs\fhn-sweep-T500-dt005-init05-observables\runs\random\p_1.0000e-4\K_0.00\seed_0009,OK
random,0.00,1.0000e-4,,10,20260607,-3572756102476785759,outputs\fhn-sweep-T500-dt005-init05-observables\runs\random\p_1.0000e-4\K_0.00\seed_0010,OK
random,0.00,1.0000e-4,,11,20260607,-3572756102476785758,outputs\fhn-sweep-T500-dt005-init05-observables\runs\random\p_1.0000e-4\K_0.00\seed_0011,OK
random,0.00,1.0000e-4,,12,20260607,-3572756102476785757,outputs\fhn-sweep-T500-dt005-init05-observables\runs\random\p_1.0000e-4\K_0.00\seed_0012,OK
random,0.00,1.0000e-4,,13,20260607,-3572756102476785756,outputs\fhn-sweep-T500-dt005-init05-observables\runs\random\p_1.0000e-4\K_0.00\seed_0013,OK
random,0.00,1.0000e-4,,14,20260607,-3572756102476785755,outputs\fhn-sweep-T500-dt005-init05-observables\runs\random\p_1.0000e-4\K_0.00\seed_0014,OK
random,0.00,1.0000e-4,,15,20260607,-3572756102476785754,outputs\fhn-sweep-T500-dt005-init05-observables\runs\random\p_1.0000e-4\K_0.00\seed_0015,OK
random,0.10,1.0000e-4,,1,20260607,-8222272357774073922,outputs\fhn-sweep-T500-dt005-init05-observables\runs\random\p_1.0000e-4\K_0.10\seed_0001,OK
random,0.10,1.0000e-4,,2,20260607,-8222272357774073921,outputs\fhn-sweep-T500-dt005-init05-observables\runs\random\p_1.0000e-4\K_0.10\seed_0002,OK
random,0.10,1.0000e-4,,3,20260607,-8222272357774073920,outputs\fhn-sweep-T500-dt005-init05-observables\runs\random\p_1.0000e-4\K_0.10\seed_0003,OK
random,0.10,1.0000e-4,,4,20260607,-8222272357774073919,outputs\fhn-sweep-T500-dt005-init05-observables\runs\random\p_1.0000e-4\K_0.10\seed_0004,OK
random,0.10,1.0000e-4,,5,20260607,-8222272357774073918,outputs\fhn-sweep-T500-dt005-init05-observables\runs\random\p_1.0000e-4\K_0.10\seed_0005,OK
random,0.10,1.0000e-4,,6,20260607,-8222272357774073917,outputs\fhn-sweep-T500-dt005-init05-observables\runs\random\p_1.0000e-4\K_0.10\seed_0006,OK
random,0.10,1.0000e-4,,7,20260607,-8222272357774073916,outputs\fhn-sweep-T500-dt005-init05-observables\runs\random\p_1.0000e-4\K_0.10\seed_0007,OK
random,0.10,1.0000e-4,,8,20260607,-8222272357774073915,outputs\fhn-sweep-T500-dt005-init05-observables\runs\random\p_1.0000e-4\K_0.10\seed_0008,OK
random,0.10,1.0000e-4,,9,20260607,-8222272357774073914,outputs\fhn-sweep-T500-dt005-init05-observables\runs\random\p_1.0000e-4\K_0.10\seed_0009,OK
random,0.10,1.0000e-4,,10,20260607,-8222272357774073913,outputs\fhn-sweep-T500-dt005-init05-observables\runs\random\p_1.0000e-4\K_0.10\seed_0010,OK
random,0.10,1.0000e-4,,11,20260607,-8222272357774073912,outputs\fhn-sweep-T500-dt005-init05-observables\runs\random\p_1.0000e-4\K_0.10\seed_0011,OK
random,0.10,1.0000e-4,,12,20260607,-8222272357774073911,outputs\fhn-sweep-T500-dt005-init05-observables\runs\random\p_1.0000e-4\K_0.10\seed_0012,OK
random,0.10,1.0000e-4,,13,20260607,-8222272357774073910,outputs\fhn-sweep-T500-dt005-init05-observables\runs\random\p_1.0000e-4\K_0.10\seed_0013,OK
random,0.10,1.0000e-4,,14,20260607,-8222272357774073909,outputs\fhn-sweep-T500-dt005-init05-observables\runs\random\p_1.0000e-4\K_0.10\seed_0014,OK
random,0.10,1.0000e-4,,15,20260607,-8222272357774073908,outputs\fhn-sweep-T500-dt005-init05-observables\runs\random\p_1.0000e-4\K_0.10\seed_0015,OK
random,0.20,1.0000e-4,,1,20260607,-3182744374746488898,outputs\fhn-sweep-T500-dt005-init05-observables\runs\random\p_1.0000e-4\K_0.20\seed_0001,OK
random,0.20,1.0000e-4,,2,20260607,-3182744374746488897,outputs\fhn-sweep-T500-dt005-init05-observables\runs\random\p_1.0000e-4\K_0.20\seed_0002,OK
random,0.20,1.0000e-4,,3,20260607,-3182744374746488896,outputs\fhn-sweep-T500-dt005-init05-observables\runs\random\p_1.0000e-4\K_0.20\seed_0003,OK
random,0.20,1.0000e-4,,4,20260607,-3182744374746488895,outputs\fhn-sweep-T500-dt005-init05-observables\runs\random\p_1.0000e-4\K_0.20\seed_0004,OK
random,0.20,1.0000e-4,,5,20260607,-3182744374746488894,outputs\fhn-sweep-T500-dt005-init05-observables\runs\random\p_1.0000e-4\K_0.20\seed_0005,OK
random,0.20,1.0000e-4,,6,20260607,-3182744374746488893,outputs\fhn-sweep-T500-dt005-init05-observables\runs\random\p_1.0000e-4\K_0.20\seed_0006,OK
random,0.20,1.0000e-4,,7,20260607,-3182744374746488892,outputs\fhn-sweep-T500-dt005-init05-observables\runs\random\p_1.0000e-4\K_0.20\seed_0007,OK
random,0.20,1.0000e-4,,8,20260607,-3182744374746488891,outputs\fhn-sweep-T500-dt005-init05-observables\runs\random\p_1.0000e-4\K_0.20\seed_0008,OK
random,0.20,1.0000e-4,,9,20260607,-3182744374746488890,outputs\fhn-sweep-T500-dt005-init05-observables\runs\random\p_1.0000e-4\K_0.20\seed_0009,OK
random,0.20,1.0000e-4,,10,20260607,-3182744374746488889,outputs\fhn-sweep-T500-dt005-init05-observables\runs\random\p_1.0000e-4\K_0.20\seed_0010,OK
random,0.20,1.0000e-4,,11,20260607,-3182744374746488888,outputs\fhn-sweep-T500-dt005-init05-observables\runs\random\p_1.0000e-4\K_0.20\seed_0011,OK
random,0.20,1.0000e-4,,12,20260607,-3182744374746488887,outputs\fhn-sweep-T500-dt005-init05-observables\runs\random\p_1.0000e-4\K_0.20\seed_0012,OK
random,0.20,1.0000e-4,,13,20260607,-3182744374746488886,outputs\fhn-sweep-T500-dt005-init05-observables\runs\random\p_1.0000e-4\K_0.20\seed_0013,OK
random,0.20,1.0000e-4,,14,20260607,-3182744374746488885,outputs\fhn-sweep-T500-dt005-init05-observables\runs\random\p_1.0000e-4\K_0.20\seed_0014,OK
random,0.30,1.0000e-4,,1,20260607,3530321229811954565,outputs\fhn-sweep-T500-dt005-init05-observables\runs\random\p_1.0000e-4\K_0.30\seed_0001,OK
random,0.20,1.0000e-4,,15,20260607,-3182744374746488884,outputs\fhn-sweep-T500-dt005-init05-observables\runs\random\p_1.0000e-4\K_0.20\seed_0015,OK
random,0.30,1.0000e-4,,2,20260607,3530321229811954566,outputs\fhn-sweep-T500-dt005-init05-observables\runs\random\p_1.0000e-4\K_0.30\seed_0002,OK
random,0.30,1.0000e-4,,3,20260607,3530321229811954567,outputs\fhn-sweep-T500-dt005-init05-observables\runs\random\p_1.0000e-4\K_0.30\seed_0003,OK
random,0.30,1.0000e-4,,4,20260607,3530321229811954568,outputs\fhn-sweep-T500-dt005-init05-observables\runs\random\p_1.0000e-4\K_0.30\seed_0004,OK
random,0.30,1.0000e-4,,5,20260607,3530321229811954569,outputs\fhn-sweep-T500-dt005-init05-observables\runs\random\p_1.0000e-4\K_0.30\seed_0005,OK
random,0.30,1.0000e-4,,6,20260607,3530321229811954570,outputs\fhn-sweep-T500-dt005-init05-observables\runs\random\p_1.0000e-4\K_0.30\seed_0006,OK
random,0.30,1.0000e-4,,7,20260607,3530321229811954571,outputs\fhn-sweep-T500-dt005-init05-observables\runs\random\p_1.0000e-4\K_0.30\seed_0007,OK
random,0.30,1.0000e-4,,8,20260607,3530321229811954572,outputs\fhn-sweep-T500-dt005-init05-observables\runs\random\p_1.0000e-4\K_0.30\seed_0008,OK
random,0.30,1.0000e-4,,9,20260607,3530321229811954573,outputs\fhn-sweep-T500-dt005-init05-observables\runs\random\p_1.0000e-4\K_0.30\seed_0009,OK
random,0.30,1.0000e-4,,10,20260607,3530321229811954574,outputs\fhn-sweep-T500-dt005-init05-observables\runs\random\p_1.0000e-4\K_0.30\seed_0010,OK
random,0.30,1.0000e-4,,11,20260607,3530321229811954575,outputs\fhn-sweep-T500-dt005-init05-observables\runs\random\p_1.0000e-4\K_0.30\seed_0011,OK
random,0.30,1.0000e-4,,12,20260607,3530321229811954576,outputs\fhn-sweep-T500-dt005-init05-observables\runs\random\p_1.0000e-4\K_0.30\seed_0012,OK
random,0.30,1.0000e-4,,13,20260607,3530321229811954577,outputs\fhn-sweep-T500-dt005-init05-observables\runs\random\p_1.0000e-4\K_0.30\seed_0013,OK
random,0.30,1.0000e-4,,14,20260607,3530321229811954578,outputs\fhn-sweep-T500-dt005-init05-observables\runs\random\p_1.0000e-4\K_0.30\seed_0014,OK
random,0.30,1.0000e-4,,15,20260607,3530321229811954579,outputs\fhn-sweep-T500-dt005-init05-observables\runs\random\p_1.0000e-4\K_0.30\seed_0015,OK
random,0.40,1.0000e-4,,1,20260607,1856783608281096126,outputs\fhn-sweep-T500-dt005-init05-observables\runs\random\p_1.0000e-4\K_0.40\seed_0001,OK
random,0.40,1.0000e-4,,2,20260607,1856783608281096127,outputs\fhn-sweep-T500-dt005-init05-observables\runs\random\p_1.0000e-4\K_0.40\seed_0002,OK
random,0.40,1.0000e-4,,3,20260607,1856783608281096128,outputs\fhn-sweep-T500-dt005-init05-observables\runs\random\p_1.0000e-4\K_0.40\seed_0003,OK
random,0.40,1.0000e-4,,4,20260607,1856783608281096129,outputs\fhn-sweep-T500-dt005-init05-observables\runs\random\p_1.0000e-4\K_0.40\seed_0004,OK
random,0.40,1.0000e-4,,5,20260607,1856783608281096130,outputs\fhn-sweep-T500-dt005-init05-observables\runs\random\p_1.0000e-4\K_0.40\seed_0005,OK
random,0.40,1.0000e-4,,6,20260607,1856783608281096131,outputs\fhn-sweep-T500-dt005-init05-observables\runs\random\p_1.0000e-4\K_0.40\seed_0006,OK
random,0.40,1.0000e-4,,7,20260607,1856783608281096132,outputs\fhn-sweep-T500-dt005-init05-observables\runs\random\p_1.0000e-4\K_0.40\seed_0007,OK
random,0.40,1.0000e-4,,8,20260607,1856783608281096133,outputs\fhn-sweep-T500-dt005-init05-observables\runs\random\p_1.0000e-4\K_0.40\seed_0008,OK
random,0.40,1.0000e-4,,9,20260607,1856783608281096134,outputs\fhn-sweep-T500-dt005-init05-observables\runs\random\p_1.0000e-4\K_0.40\seed_0009,OK
random,0.40,1.0000e-4,,10,20260607,1856783608281096135,outputs\fhn-sweep-T500-dt005-init05-observables\runs\random\p_1.0000e-4\K_0.40\seed_0010,OK
random,0.40,1.0000e-4,,11,20260607,1856783608281096136,outputs\fhn-sweep-T500-dt005-init05-observables\runs\random\p_1.0000e-4\K_0.40\seed_0011,OK
random,0.40,1.0000e-4,,12,20260607,1856783608281096137,outputs\fhn-sweep-T500-dt005-init05-observables\runs\random\p_1.0000e-4\K_0.40\seed_0012,OK
random,0.40,1.0000e-4,,13,20260607,1856783608281096138,outputs\fhn-sweep-T500-dt005-init05-observables\runs\random\p_1.0000e-4\K_0.40\seed_0013,OK
random,0.40,1.0000e-4,,14,20260607,1856783608281096139,outputs\fhn-sweep-T500-dt005-init05-observables\runs\random\p_1.0000e-4\K_0.40\seed_0014,OK
random,0.40,1.0000e-4,,15,20260607,1856783608281096140,outputs\fhn-sweep-T500-dt005-init05-observables\runs\random\p_1.0000e-4\K_0.40\seed_0015,OK
random,0.50,1.0000e-4,,2,20260607,183245986750207897,outputs\fhn-sweep-T500-dt005-init05-observables\runs\random\p_1.0000e-4\K_0.50\seed_0002,OK
random,0.50,1.0000e-4,,1,20260607,183245986750207896,outputs\fhn-sweep-T500-dt005-init05-observables\runs\random\p_1.0000e-4\K_0.50\seed_0001,OK
random,0.50,1.0000e-4,,3,20260607,183245986750207898,outputs\fhn-sweep-T500-dt005-init05-observables\runs\random\p_1.0000e-4\K_0.50\seed_0003,OK
random,0.50,1.0000e-4,,4,20260607,183245986750207899,outputs\fhn-sweep-T500-dt005-init05-observables\runs\random\p_1.0000e-4\K_0.50\seed_0004,OK
random,0.50,1.0000e-4,,5,20260607,183245986750207900,outputs\fhn-sweep-T500-dt005-init05-observables\runs\random\p_1.0000e-4\K_0.50\seed_0005,OK
random,0.50,1.0000e-4,,6,20260607,183245986750207901,outputs\fhn-sweep-T500-dt005-init05-observables\runs\random\p_1.0000e-4\K_0.50\seed_0006,OK
random,0.50,1.0000e-4,,7,20260607,183245986750207902,outputs\fhn-sweep-T500-dt005-init05-observables\runs\random\p_1.0000e-4\K_0.50\seed_0007,OK
random,0.50,1.0000e-4,,8,20260607,183245986750207903,outputs\fhn-sweep-T500-dt005-init05-observables\runs\random\p_1.0000e-4\K_0.50\seed_0008,OK
random,0.50,1.0000e-4,,9,20260607,183245986750207904,outputs\fhn-sweep-T500-dt005-init05-observables\runs\random\p_1.0000e-4\K_0.50\seed_0009,OK
random,0.50,1.0000e-4,,10,20260607,183245986750207905,outputs\fhn-sweep-T500-dt005-init05-observables\runs\random\p_1.0000e-4\K_0.50\seed_0010,OK
random,0.50,1.0000e-4,,11,20260607,183245986750207906,outputs\fhn-sweep-T500-dt005-init05-observables\runs\random\p_1.0000e-4\K_0.50\seed_0011,OK
random,0.50,1.0000e-4,,12,20260607,183245986750207907,outputs\fhn-sweep-T500-dt005-init05-observables\runs\random\p_1.0000e-4\K_0.50\seed_0012,OK
random,0.50,1.0000e-4,,13,20260607,183245986750207908,outputs\fhn-sweep-T500-dt005-init05-observables\runs\random\p_1.0000e-4\K_0.50\seed_0013,OK
random,0.50,1.0000e-4,,14,20260607,183245986750207909,outputs\fhn-sweep-T500-dt005-init05-observables\runs\random\p_1.0000e-4\K_0.50\seed_0014,OK
random,0.50,1.0000e-4,,15,20260607,183245986750207910,outputs\fhn-sweep-T500-dt005-init05-observables\runs\random\p_1.0000e-4\K_0.50\seed_0015,OK
random,0.60,1.0000e-4,,1,20260607,8569849212839539589,outputs\fhn-sweep-T500-dt005-init05-observables\runs\random\p_1.0000e-4\K_0.60\seed_0001,OK
random,0.60,1.0000e-4,,2,20260607,8569849212839539590,outputs\fhn-sweep-T500-dt005-init05-observables\runs\random\p_1.0000e-4\K_0.60\seed_0002,OK
random,0.60,1.0000e-4,,3,20260607,8569849212839539591,outputs\fhn-sweep-T500-dt005-init05-observables\runs\random\p_1.0000e-4\K_0.60\seed_0003,OK
random,0.60,1.0000e-4,,4,20260607,8569849212839539592,outputs\fhn-sweep-T500-dt005-init05-observables\runs\random\p_1.0000e-4\K_0.60\seed_0004,OK
random,0.60,1.0000e-4,,6,20260607,8569849212839539594,outputs\fhn-sweep-T500-dt005-init05-observables\runs\random\p_1.0000e-4\K_0.60\seed_0006,OK
random,0.60,1.0000e-4,,5,20260607,8569849212839539593,outputs\fhn-sweep-T500-dt005-init05-observables\runs\random\p_1.0000e-4\K_0.60\seed_0005,OK
random,0.60,1.0000e-4,,7,20260607,8569849212839539595,outputs\fhn-sweep-T500-dt005-init05-observables\runs\random\p_1.0000e-4\K_0.60\seed_0007,OK
random,0.60,1.0000e-4,,8,20260607,8569849212839539596,outputs\fhn-sweep-T500-dt005-init05-observables\runs\random\p_1.0000e-4\K_0.60\seed_0008,OK
random,0.60,1.0000e-4,,9,20260607,8569849212839539597,outputs\fhn-sweep-T500-dt005-init05-observables\runs\random\p_1.0000e-4\K_0.60\seed_0009,OK
random,0.60,1.0000e-4,,11,20260607,8569849212839539599,outputs\fhn-sweep-T500-dt005-init05-observables\runs\random\p_1.0000e-4\K_0.60\seed_0011,OK
random,0.60,1.0000e-4,,10,20260607,8569849212839539598,outputs\fhn-sweep-T500-dt005-init05-observables\runs\random\p_1.0000e-4\K_0.60\seed_0010,OK
random,0.60,1.0000e-4,,12,20260607,8569849212839539600,outputs\fhn-sweep-T500-dt005-init05-observables\runs\random\p_1.0000e-4\K_0.60\seed_0012,OK
random,0.60,1.0000e-4,,13,20260607,8569849212839539601,outputs\fhn-sweep-T500-dt005-init05-observables\runs\random\p_1.0000e-4\K_0.60\seed_0013,OK
random,0.60,1.0000e-4,,14,20260607,8569849212839539602,outputs\fhn-sweep-T500-dt005-init05-observables\runs\random\p_1.0000e-4\K_0.60\seed_0014,OK
random,0.70,1.0000e-4,,2,20260607,-1490291634780680333,outputs\fhn-sweep-T500-dt005-init05-observables\runs\random\p_1.0000e-4\K_0.70\seed_0002,OK
random,0.60,1.0000e-4,,15,20260607,8569849212839539603,outputs\fhn-sweep-T500-dt005-init05-observables\runs\random\p_1.0000e-4\K_0.60\seed_0015,OK
random,0.70,1.0000e-4,,1,20260607,-1490291634780680334,outputs\fhn-sweep-T500-dt005-init05-observables\runs\random\p_1.0000e-4\K_0.70\seed_0001,OK
random,0.70,1.0000e-4,,4,20260607,-1490291634780680331,outputs\fhn-sweep-T500-dt005-init05-observables\runs\random\p_1.0000e-4\K_0.70\seed_0004,OK
random,0.70,1.0000e-4,,6,20260607,-1490291634780680329,outputs\fhn-sweep-T500-dt005-init05-observables\runs\random\p_1.0000e-4\K_0.70\seed_0006,OK
random,0.70,1.0000e-4,,5,20260607,-1490291634780680330,outputs\fhn-sweep-T500-dt005-init05-observables\runs\random\p_1.0000e-4\K_0.70\seed_0005,OK
random,0.70,1.0000e-4,,3,20260607,-1490291634780680332,outputs\fhn-sweep-T500-dt005-init05-observables\runs\random\p_1.0000e-4\K_0.70\seed_0003,OK
random,0.70,1.0000e-4,,7,20260607,-1490291634780680328,outputs\fhn-sweep-T500-dt005-init05-observables\runs\random\p_1.0000e-4\K_0.70\seed_0007,OK
random,0.70,1.0000e-4,,8,20260607,-1490291634780680327,outputs\fhn-sweep-T500-dt005-init05-observables\runs\random\p_1.0000e-4\K_0.70\seed_0008,OK
random,0.70,1.0000e-4,,10,20260607,-1490291634780680325,outputs\fhn-sweep-T500-dt005-init05-observables\runs\random\p_1.0000e-4\K_0.70\seed_0010,OK
random,0.70,1.0000e-4,,11,20260607,-1490291634780680324,outputs\fhn-sweep-T500-dt005-init05-observables\runs\random\p_1.0000e-4\K_0.70\seed_0011,OK
random,0.70,1.0000e-4,,9,20260607,-1490291634780680326,outputs\fhn-sweep-T500-dt005-init05-observables\runs\random\p_1.0000e-4\K_0.70\seed_0009,OK
random,0.70,1.0000e-4,,12,20260607,-1490291634780680323,outputs\fhn-sweep-T500-dt005-init05-observables\runs\random\p_1.0000e-4\K_0.70\seed_0012,OK
random,0.70,1.0000e-4,,14,20260607,-1490291634780680321,outputs\fhn-sweep-T500-dt005-init05-observables\runs\random\p_1.0000e-4\K_0.70\seed_0014,OK
random,0.70,1.0000e-4,,13,20260607,-1490291634780680322,outputs\fhn-sweep-T500-dt005-init05-observables\runs\random\p_1.0000e-4\K_0.70\seed_0013,OK
random,0.80,1.0000e-4,,1,20260607,6896311591308681150,outputs\fhn-sweep-T500-dt005-init05-observables\runs\random\p_1.0000e-4\K_0.80\seed_0001,OK
random,0.70,1.0000e-4,,15,20260607,-1490291634780680320,outputs\fhn-sweep-T500-dt005-init05-observables\runs\random\p_1.0000e-4\K_0.70\seed_0015,OK
random,0.80,1.0000e-4,,2,20260607,6896311591308681151,outputs\fhn-sweep-T500-dt005-init05-observables\runs\random\p_1.0000e-4\K_0.80\seed_0002,OK
random,0.80,1.0000e-4,,4,20260607,6896311591308681153,outputs\fhn-sweep-T500-dt005-init05-observables\runs\random\p_1.0000e-4\K_0.80\seed_0004,OK
random,0.80,1.0000e-4,,3,20260607,6896311591308681152,outputs\fhn-sweep-T500-dt005-init05-observables\runs\random\p_1.0000e-4\K_0.80\seed_0003,OK
random,0.80,1.0000e-4,,5,20260607,6896311591308681154,outputs\fhn-sweep-T500-dt005-init05-observables\runs\random\p_1.0000e-4\K_0.80\seed_0005,OK
random,0.80,1.0000e-4,,6,20260607,6896311591308681155,outputs\fhn-sweep-T500-dt005-init05-observables\runs\random\p_1.0000e-4\K_0.80\seed_0006,OK
random,0.80,1.0000e-4,,7,20260607,6896311591308681156,outputs\fhn-sweep-T500-dt005-init05-observables\runs\random\p_1.0000e-4\K_0.80\seed_0007,OK
random,0.80,1.0000e-4,,8,20260607,6896311591308681157,outputs\fhn-sweep-T500-dt005-init05-observables\runs\random\p_1.0000e-4\K_0.80\seed_0008,OK
random,0.80,1.0000e-4,,10,20260607,6896311591308681159,outputs\fhn-sweep-T500-dt005-init05-observables\runs\random\p_1.0000e-4\K_0.80\seed_0010,OK
random,0.80,1.0000e-4,,9,20260607,6896311591308681158,outputs\fhn-sweep-T500-dt005-init05-observables\runs\random\p_1.0000e-4\K_0.80\seed_0009,OK
random,0.80,1.0000e-4,,11,20260607,6896311591308681160,outputs\fhn-sweep-T500-dt005-init05-observables\runs\random\p_1.0000e-4\K_0.80\seed_0011,OK
random,0.80,1.0000e-4,,12,20260607,6896311591308681161,outputs\fhn-sweep-T500-dt005-init05-observables\runs\random\p_1.0000e-4\K_0.80\seed_0012,OK
random,0.80,1.0000e-4,,13,20260607,6896311591308681162,outputs\fhn-sweep-T500-dt005-init05-observables\runs\random\p_1.0000e-4\K_0.80\seed_0013,OK
random,0.80,1.0000e-4,,14,20260607,6896311591308681163,outputs\fhn-sweep-T500-dt005-init05-observables\runs\random\p_1.0000e-4\K_0.80\seed_0014,OK
random,0.80,1.0000e-4,,15,20260607,6896311591308681164,outputs\fhn-sweep-T500-dt005-init05-observables\runs\random\p_1.0000e-4\K_0.80\seed_0015,OK
random,0.90,1.0000e-4,,1,20260607,-3163829256311538773,outputs\fhn-sweep-T500-dt005-init05-observables\runs\random\p_1.0000e-4\K_0.90\seed_0001,OK
random,0.90,1.0000e-4,,2,20260607,-3163829256311538772,outputs\fhn-sweep-T500-dt005-init05-observables\runs\random\p_1.0000e-4\K_0.90\seed_0002,OK
random,0.90,1.0000e-4,,3,20260607,-3163829256311538771,outputs\fhn-sweep-T500-dt005-init05-observables\runs\random\p_1.0000e-4\K_0.90\seed_0003,OK
random,0.90,1.0000e-4,,4,20260607,-3163829256311538770,outputs\fhn-sweep-T500-dt005-init05-observables\runs\random\p_1.0000e-4\K_0.90\seed_0004,OK
random,0.90,1.0000e-4,,5,20260607,-3163829256311538769,outputs\fhn-sweep-T500-dt005-init05-observables\runs\random\p_1.0000e-4\K_0.90\seed_0005,OK
random,0.90,1.0000e-4,,6,20260607,-3163829256311538768,outputs\fhn-sweep-T500-dt005-init05-observables\runs\random\p_1.0000e-4\K_0.90\seed_0006,OK
random,0.90,1.0000e-4,,7,20260607,-3163829256311538767,outputs\fhn-sweep-T500-dt005-init05-observables\runs\random\p_1.0000e-4\K_0.90\seed_0007,OK
random,0.90,1.0000e-4,,8,20260607,-3163829256311538766,outputs\fhn-sweep-T500-dt005-init05-observables\runs\random\p_1.0000e-4\K_0.90\seed_0008,OK
random,0.90,1.0000e-4,,9,20260607,-3163829256311538765,outputs\fhn-sweep-T500-dt005-init05-observables\runs\random\p_1.0000e-4\K_0.90\seed_0009,OK
random,0.90,1.0000e-4,,10,20260607,-3163829256311538764,outputs\fhn-sweep-T500-dt005-init05-observables\runs\random\p_1.0000e-4\K_0.90\seed_0010,OK
random,0.90,1.0000e-4,,11,20260607,-3163829256311538763,outputs\fhn-sweep-T500-dt005-init05-observables\runs\random\p_1.0000e-4\K_0.90\seed_0011,OK
random,0.90,1.0000e-4,,12,20260607,-3163829256311538762,outputs\fhn-sweep-T500-dt005-init05-observables\runs\random\p_1.0000e-4\K_0.90\seed_0012,OK
random,0.90,1.0000e-4,,13,20260607,-3163829256311538761,outputs\fhn-sweep-T500-dt005-init05-observables\runs\random\p_1.0000e-4\K_0.90\seed_0013,OK
random,0.90,1.0000e-4,,14,20260607,-3163829256311538760,outputs\fhn-sweep-T500-dt005-init05-observables\runs\random\p_1.0000e-4\K_0.90\seed_0014,OK
random,0.90,1.0000e-4,,15,20260607,-3163829256311538759,outputs\fhn-sweep-T500-dt005-init05-observables\runs\random\p_1.0000e-4\K_0.90\seed_0015,OK
random,1.00,1.0000e-4,,1,20260607,5222773969777792920,outputs\fhn-sweep-T500-dt005-init05-observables\runs\random\p_1.0000e-4\K_1.00\seed_0001,OK
random,1.00,1.0000e-4,,2,20260607,5222773969777792921,outputs\fhn-sweep-T500-dt005-init05-observables\runs\random\p_1.0000e-4\K_1.00\seed_0002,OK
random,1.00,1.0000e-4,,3,20260607,5222773969777792922,outputs\fhn-sweep-T500-dt005-init05-observables\runs\random\p_1.0000e-4\K_1.00\seed_0003,OK
random,1.00,1.0000e-4,,4,20260607,5222773969777792923,outputs\fhn-sweep-T500-dt005-init05-observables\runs\random\p_1.0000e-4\K_1.00\seed_0004,OK
random,1.00,1.0000e-4,,5,20260607,5222773969777792924,outputs\fhn-sweep-T500-dt005-init05-observables\runs\random\p_1.0000e-4\K_1.00\seed_0005,OK
random,1.00,1.0000e-4,,6,20260607,5222773969777792925,outputs\fhn-sweep-T500-dt005-init05-observables\runs\random\p_1.0000e-4\K_1.00\seed_0006,OK
random,1.00,1.0000e-4,,7,20260607,5222773969777792926,outputs\fhn-sweep-T500-dt005-init05-observables\runs\random\p_1.0000e-4\K_1.00\seed_0007,OK
random,1.00,1.0000e-4,,8,20260607,5222773969777792927,outputs\fhn-sweep-T500-dt005-init05-observables\runs\random\p_1.0000e-4\K_1.00\seed_0008,OK
random,1.00,1.0000e-4,,9,20260607,5222773969777792928,outputs\fhn-sweep-T500-dt005-init05-observables\runs\random\p_1.0000e-4\K_1.00\seed_0009,OK
random,1.00,1.0000e-4,,10,20260607,5222773969777792929,outputs\fhn-sweep-T500-dt005-init05-observables\runs\random\p_1.0000e-4\K_1.00\seed_0010,OK
random,1.00,1.0000e-4,,11,20260607,5222773969777792930,outputs\fhn-sweep-T500-dt005-init05-observables\runs\random\p_1.0000e-4\K_1.00\seed_0011,OK
random,1.00,1.0000e-4,,13,20260607,5222773969777792932,outputs\fhn-sweep-T500-dt005-init05-observables\runs\random\p_1.0000e-4\K_1.00\seed_0013,OK
random,1.00,1.0000e-4,,14,20260607,5222773969777792933,outputs\fhn-sweep-T500-dt005-init05-observables\runs\random\p_1.0000e-4\K_1.00\seed_0014,OK
random,1.00,1.0000e-4,,12,20260607,5222773969777792931,outputs\fhn-sweep-T500-dt005-init05-observables\runs\random\p_1.0000e-4\K_1.00\seed_0012,OK
random,1.00,1.0000e-4,,15,20260607,5222773969777792934,outputs\fhn-sweep-T500-dt005-init05-observables\runs\random\p_1.0000e-4\K_1.00\seed_0015,OK
random,0.00,2.1544e-4,,1,20260607,1302745805866085375,outputs\fhn-sweep-T500-dt005-init05-observables\runs\random\p_2.1544e-4\K_0.00\seed_0001,OK
random,0.00,2.1544e-4,,2,20260607,1302745805866085376,outputs\fhn-sweep-T500-dt005-init05-observables\runs\random\p_2.1544e-4\K_0.00\seed_0002,OK
random,0.00,2.1544e-4,,3,20260607,1302745805866085377,outputs\fhn-sweep-T500-dt005-init05-observables\runs\random\p_2.1544e-4\K_0.00\seed_0003,OK
random,0.00,2.1544e-4,,4,20260607,1302745805866085378,outputs\fhn-sweep-T500-dt005-init05-observables\runs\random\p_2.1544e-4\K_0.00\seed_0004,OK
random,0.00,2.1544e-4,,5,20260607,1302745805866085379,outputs\fhn-sweep-T500-dt005-init05-observables\runs\random\p_2.1544e-4\K_0.00\seed_0005,OK
random,0.00,2.1544e-4,,6,20260607,1302745805866085380,outputs\fhn-sweep-T500-dt005-init05-observables\runs\random\p_2.1544e-4\K_0.00\seed_0006,OK
random,0.00,2.1544e-4,,7,20260607,1302745805866085381,outputs\fhn-sweep-T500-dt005-init05-observables\runs\random\p_2.1544e-4\K_0.00\seed_0007,OK
random,0.00,2.1544e-4,,8,20260607,1302745805866085382,outputs\fhn-sweep-T500-dt005-init05-observables\runs\random\p_2.1544e-4\K_0.00\seed_0008,OK
random,0.00,2.1544e-4,,9,20260607,1302745805866085383,outputs\fhn-sweep-T500-dt005-init05-observables\runs\random\p_2.1544e-4\K_0.00\seed_0009,OK
random,0.00,2.1544e-4,,10,20260607,1302745805866085384,outputs\fhn-sweep-T500-dt005-init05-observables\runs\random\p_2.1544e-4\K_0.00\seed_0010,OK
random,0.00,2.1544e-4,,11,20260607,1302745805866085385,outputs\fhn-sweep-T500-dt005-init05-observables\runs\random\p_2.1544e-4\K_0.00\seed_0011,OK
random,0.00,2.1544e-4,,12,20260607,1302745805866085386,outputs\fhn-sweep-T500-dt005-init05-observables\runs\random\p_2.1544e-4\K_0.00\seed_0012,OK
random,0.00,2.1544e-4,,14,20260607,1302745805866085388,outputs\fhn-sweep-T500-dt005-init05-observables\runs\random\p_2.1544e-4\K_0.00\seed_0014,OK
random,0.00,2.1544e-4,,13,20260607,1302745805866085387,outputs\fhn-sweep-T500-dt005-init05-observables\runs\random\p_2.1544e-4\K_0.00\seed_0013,OK
random,0.00,2.1544e-4,,15,20260607,1302745805866085389,outputs\fhn-sweep-T500-dt005-init05-observables\runs\random\p_2.1544e-4\K_0.00\seed_0015,OK
random,0.10,2.1544e-4,,1,20260607,-3346770449431202779,outputs\fhn-sweep-T500-dt005-init05-observables\runs\random\p_2.1544e-4\K_0.10\seed_0001,OK
random,0.10,2.1544e-4,,4,20260607,-3346770449431202776,outputs\fhn-sweep-T500-dt005-init05-observables\runs\random\p_2.1544e-4\K_0.10\seed_0004,OK
random,0.10,2.1544e-4,,3,20260607,-3346770449431202777,outputs\fhn-sweep-T500-dt005-init05-observables\runs\random\p_2.1544e-4\K_0.10\seed_0003,OK
random,0.10,2.1544e-4,,2,20260607,-3346770449431202778,outputs\fhn-sweep-T500-dt005-init05-observables\runs\random\p_2.1544e-4\K_0.10\seed_0002,OK
random,0.10,2.1544e-4,,5,20260607,-3346770449431202775,outputs\fhn-sweep-T500-dt005-init05-observables\runs\random\p_2.1544e-4\K_0.10\seed_0005,OK
random,0.10,2.1544e-4,,6,20260607,-3346770449431202774,outputs\fhn-sweep-T500-dt005-init05-observables\runs\random\p_2.1544e-4\K_0.10\seed_0006,OK
random,0.10,2.1544e-4,,7,20260607,-3346770449431202773,outputs\fhn-sweep-T500-dt005-init05-observables\runs\random\p_2.1544e-4\K_0.10\seed_0007,OK
random,0.10,2.1544e-4,,8,20260607,-3346770449431202772,outputs\fhn-sweep-T500-dt005-init05-observables\runs\random\p_2.1544e-4\K_0.10\seed_0008,OK
random,0.10,2.1544e-4,,9,20260607,-3346770449431202771,outputs\fhn-sweep-T500-dt005-init05-observables\runs\random\p_2.1544e-4\K_0.10\seed_0009,OK
random,0.10,2.1544e-4,,10,20260607,-3346770449431202770,outputs\fhn-sweep-T500-dt005-init05-observables\runs\random\p_2.1544e-4\K_0.10\seed_0010,OK
random,0.10,2.1544e-4,,11,20260607,-3346770449431202769,outputs\fhn-sweep-T500-dt005-init05-observables\runs\random\p_2.1544e-4\K_0.10\seed_0011,OK
random,0.10,2.1544e-4,,12,20260607,-3346770449431202768,outputs\fhn-sweep-T500-dt005-init05-observables\runs\random\p_2.1544e-4\K_0.10\seed_0012,OK
random,0.10,2.1544e-4,,13,20260607,-3346770449431202767,outputs\fhn-sweep-T500-dt005-init05-observables\runs\random\p_2.1544e-4\K_0.10\seed_0013,OK
random,0.10,2.1544e-4,,14,20260607,-3346770449431202766,outputs\fhn-sweep-T500-dt005-init05-observables\runs\random\p_2.1544e-4\K_0.10\seed_0014,OK
random,0.20,2.1544e-4,,1,20260607,1692757533596382245,outputs\fhn-sweep-T500-dt005-init05-observables\runs\random\p_2.1544e-4\K_0.20\seed_0001,OK
random,0.10,2.1544e-4,,15,20260607,-3346770449431202765,outputs\fhn-sweep-T500-dt005-init05-observables\runs\random\p_2.1544e-4\K_0.10\seed_0015,OK
random,0.20,2.1544e-4,,2,20260607,1692757533596382246,outputs\fhn-sweep-T500-dt005-init05-observables\runs\random\p_2.1544e-4\K_0.20\seed_0002,OK
random,0.20,2.1544e-4,,3,20260607,1692757533596382247,outputs\fhn-sweep-T500-dt005-init05-observables\runs\random\p_2.1544e-4\K_0.20\seed_0003,OK
random,0.20,2.1544e-4,,4,20260607,1692757533596382248,outputs\fhn-sweep-T500-dt005-init05-observables\runs\random\p_2.1544e-4\K_0.20\seed_0004,OK
random,0.20,2.1544e-4,,6,20260607,1692757533596382250,outputs\fhn-sweep-T500-dt005-init05-observables\runs\random\p_2.1544e-4\K_0.20\seed_0006,OK
random,0.20,2.1544e-4,,5,20260607,1692757533596382249,outputs\fhn-sweep-T500-dt005-init05-observables\runs\random\p_2.1544e-4\K_0.20\seed_0005,OK
random,0.20,2.1544e-4,,7,20260607,1692757533596382251,outputs\fhn-sweep-T500-dt005-init05-observables\runs\random\p_2.1544e-4\K_0.20\seed_0007,OK
random,0.20,2.1544e-4,,8,20260607,1692757533596382252,outputs\fhn-sweep-T500-dt005-init05-observables\runs\random\p_2.1544e-4\K_0.20\seed_0008,OK
random,0.20,2.1544e-4,,9,20260607,1692757533596382253,outputs\fhn-sweep-T500-dt005-init05-observables\runs\random\p_2.1544e-4\K_0.20\seed_0009,OK
random,0.20,2.1544e-4,,10,20260607,1692757533596382254,outputs\fhn-sweep-T500-dt005-init05-observables\runs\random\p_2.1544e-4\K_0.20\seed_0010,OK
random,0.20,2.1544e-4,,11,20260607,1692757533596382255,outputs\fhn-sweep-T500-dt005-init05-observables\runs\random\p_2.1544e-4\K_0.20\seed_0011,OK
random,0.20,2.1544e-4,,12,20260607,1692757533596382256,outputs\fhn-sweep-T500-dt005-init05-observables\runs\random\p_2.1544e-4\K_0.20\seed_0012,OK
random,0.20,2.1544e-4,,13,20260607,1692757533596382257,outputs\fhn-sweep-T500-dt005-init05-observables\runs\random\p_2.1544e-4\K_0.20\seed_0013,OK
random,0.20,2.1544e-4,,14,20260607,1692757533596382258,outputs\fhn-sweep-T500-dt005-init05-observables\runs\random\p_2.1544e-4\K_0.20\seed_0014,OK
random,0.30,2.1544e-4,,1,20260607,8405823138154825708,outputs\fhn-sweep-T500-dt005-init05-observables\runs\random\p_2.1544e-4\K_0.30\seed_0001,OK
random,0.20,2.1544e-4,,15,20260607,1692757533596382259,outputs\fhn-sweep-T500-dt005-init05-observables\runs\random\p_2.1544e-4\K_0.20\seed_0015,OK
random,0.30,2.1544e-4,,2,20260607,8405823138154825709,outputs\fhn-sweep-T500-dt005-init05-observables\runs\random\p_2.1544e-4\K_0.30\seed_0002,OK
random,0.30,2.1544e-4,,3,20260607,8405823138154825710,outputs\fhn-sweep-T500-dt005-init05-observables\runs\random\p_2.1544e-4\K_0.30\seed_0003,OK
random,0.30,2.1544e-4,,4,20260607,8405823138154825711,outputs\fhn-sweep-T500-dt005-init05-observables\runs\random\p_2.1544e-4\K_0.30\seed_0004,OK
random,0.30,2.1544e-4,,5,20260607,8405823138154825712,outputs\fhn-sweep-T500-dt005-init05-observables\runs\random\p_2.1544e-4\K_0.30\seed_0005,OK
random,0.30,2.1544e-4,,6,20260607,8405823138154825713,outputs\fhn-sweep-T500-dt005-init05-observables\runs\random\p_2.1544e-4\K_0.30\seed_0006,OK
random,0.30,2.1544e-4,,7,20260607,8405823138154825714,outputs\fhn-sweep-T500-dt005-init05-observables\runs\random\p_2.1544e-4\K_0.30\seed_0007,OK
random,0.30,2.1544e-4,,8,20260607,8405823138154825715,outputs\fhn-sweep-T500-dt005-init05-observables\runs\random\p_2.1544e-4\K_0.30\seed_0008,OK
random,0.30,2.1544e-4,,9,20260607,8405823138154825716,outputs\fhn-sweep-T500-dt005-init05-observables\runs\random\p_2.1544e-4\K_0.30\seed_0009,OK
random,0.30,2.1544e-4,,10,20260607,8405823138154825717,outputs\fhn-sweep-T500-dt005-init05-observables\runs\random\p_2.1544e-4\K_0.30\seed_0010,OK
random,0.30,2.1544e-4,,11,20260607,8405823138154825718,outputs\fhn-sweep-T500-dt005-init05-observables\runs\random\p_2.1544e-4\K_0.30\seed_0011,OK
random,0.30,2.1544e-4,,12,20260607,8405823138154825719,outputs\fhn-sweep-T500-dt005-init05-observables\runs\random\p_2.1544e-4\K_0.30\seed_0012,OK
random,0.30,2.1544e-4,,13,20260607,8405823138154825720,outputs\fhn-sweep-T500-dt005-init05-observables\runs\random\p_2.1544e-4\K_0.30\seed_0013,OK
random,0.30,2.1544e-4,,14,20260607,8405823138154825721,outputs\fhn-sweep-T500-dt005-init05-observables\runs\random\p_2.1544e-4\K_0.30\seed_0014,OK
random,0.40,2.1544e-4,,1,20260607,6732285516623967269,outputs\fhn-sweep-T500-dt005-init05-observables\runs\random\p_2.1544e-4\K_0.40\seed_0001,OK
random,0.30,2.1544e-4,,15,20260607,8405823138154825722,outputs\fhn-sweep-T500-dt005-init05-observables\runs\random\p_2.1544e-4\K_0.30\seed_0015,OK
random,0.40,2.1544e-4,,2,20260607,6732285516623967270,outputs\fhn-sweep-T500-dt005-init05-observables\runs\random\p_2.1544e-4\K_0.40\seed_0002,OK
random,0.40,2.1544e-4,,3,20260607,6732285516623967271,outputs\fhn-sweep-T500-dt005-init05-observables\runs\random\p_2.1544e-4\K_0.40\seed_0003,OK
random,0.40,2.1544e-4,,4,20260607,6732285516623967272,outputs\fhn-sweep-T500-dt005-init05-observables\runs\random\p_2.1544e-4\K_0.40\seed_0004,OK
random,0.40,2.1544e-4,,5,20260607,6732285516623967273,outputs\fhn-sweep-T500-dt005-init05-observables\runs\random\p_2.1544e-4\K_0.40\seed_0005,OK
random,0.40,2.1544e-4,,6,20260607,6732285516623967274,outputs\fhn-sweep-T500-dt005-init05-observables\runs\random\p_2.1544e-4\K_0.40\seed_0006,OK
random,0.40,2.1544e-4,,7,20260607,6732285516623967275,outputs\fhn-sweep-T500-dt005-init05-observables\runs\random\p_2.1544e-4\K_0.40\seed_0007,OK
random,0.40,2.1544e-4,,8,20260607,6732285516623967276,outputs\fhn-sweep-T500-dt005-init05-observables\runs\random\p_2.1544e-4\K_0.40\seed_0008,OK
random,0.40,2.1544e-4,,9,20260607,6732285516623967277,outputs\fhn-sweep-T500-dt005-init05-observables\runs\random\p_2.1544e-4\K_0.40\seed_0009,OK
random,0.40,2.1544e-4,,10,20260607,6732285516623967278,outputs\fhn-sweep-T500-dt005-init05-observables\runs\random\p_2.1544e-4\K_0.40\seed_0010,OK
random,0.40,2.1544e-4,,11,20260607,6732285516623967279,outputs\fhn-sweep-T500-dt005-init05-observables\runs\random\p_2.1544e-4\K_0.40\seed_0011,OK
random,0.40,2.1544e-4,,12,20260607,6732285516623967280,outputs\fhn-sweep-T500-dt005-init05-observables\runs\random\p_2.1544e-4\K_0.40\seed_0012,OK
random,0.40,2.1544e-4,,13,20260607,6732285516623967281,outputs\fhn-sweep-T500-dt005-init05-observables\runs\random\p_2.1544e-4\K_0.40\seed_0013,OK
random,0.40,2.1544e-4,,14,20260607,6732285516623967282,outputs\fhn-sweep-T500-dt005-init05-observables\runs\random\p_2.1544e-4\K_0.40\seed_0014,OK
random,0.40,2.1544e-4,,15,20260607,6732285516623967283,outputs\fhn-sweep-T500-dt005-init05-observables\runs\random\p_2.1544e-4\K_0.40\seed_0015,OK
random,0.50,2.1544e-4,,1,20260607,5058747895093079039,outputs\fhn-sweep-T500-dt005-init05-observables\runs\random\p_2.1544e-4\K_0.50\seed_0001,OK
random,0.50,2.1544e-4,,2,20260607,5058747895093079040,outputs\fhn-sweep-T500-dt005-init05-observables\runs\random\p_2.1544e-4\K_0.50\seed_0002,OK
random,0.50,2.1544e-4,,3,20260607,5058747895093079041,outputs\fhn-sweep-T500-dt005-init05-observables\runs\random\p_2.1544e-4\K_0.50\seed_0003,OK
random,0.50,2.1544e-4,,4,20260607,5058747895093079042,outputs\fhn-sweep-T500-dt005-init05-observables\runs\random\p_2.1544e-4\K_0.50\seed_0004,OK
random,0.50,2.1544e-4,,5,20260607,5058747895093079043,outputs\fhn-sweep-T500-dt005-init05-observables\runs\random\p_2.1544e-4\K_0.50\seed_0005,OK
random,0.50,2.1544e-4,,6,20260607,5058747895093079044,outputs\fhn-sweep-T500-dt005-init05-observables\runs\random\p_2.1544e-4\K_0.50\seed_0006,OK
random,0.50,2.1544e-4,,7,20260607,5058747895093079045,outputs\fhn-sweep-T500-dt005-init05-observables\runs\random\p_2.1544e-4\K_0.50\seed_0007,OK
random,0.50,2.1544e-4,,8,20260607,5058747895093079046,outputs\fhn-sweep-T500-dt005-init05-observables\runs\random\p_2.1544e-4\K_0.50\seed_0008,OK
random,0.50,2.1544e-4,,9,20260607,5058747895093079047,outputs\fhn-sweep-T500-dt005-init05-observables\runs\random\p_2.1544e-4\K_0.50\seed_0009,OK
random,0.50,2.1544e-4,,10,20260607,5058747895093079048,outputs\fhn-sweep-T500-dt005-init05-observables\runs\random\p_2.1544e-4\K_0.50\seed_0010,OK
random,0.50,2.1544e-4,,11,20260607,5058747895093079049,outputs\fhn-sweep-T500-dt005-init05-observables\runs\random\p_2.1544e-4\K_0.50\seed_0011,OK
random,0.50,2.1544e-4,,12,20260607,5058747895093079050,outputs\fhn-sweep-T500-dt005-init05-observables\runs\random\p_2.1544e-4\K_0.50\seed_0012,OK
random,0.50,2.1544e-4,,13,20260607,5058747895093079051,outputs\fhn-sweep-T500-dt005-init05-observables\runs\random\p_2.1544e-4\K_0.50\seed_0013,OK
random,0.50,2.1544e-4,,14,20260607,5058747895093079052,outputs\fhn-sweep-T500-dt005-init05-observables\runs\random\p_2.1544e-4\K_0.50\seed_0014,OK
random,0.50,2.1544e-4,,15,20260607,5058747895093079053,outputs\fhn-sweep-T500-dt005-init05-observables\runs\random\p_2.1544e-4\K_0.50\seed_0015,OK
random,0.60,2.1544e-4,,1,20260607,-5001392952527140884,outputs\fhn-sweep-T500-dt005-init05-observables\runs\random\p_2.1544e-4\K_0.60\seed_0001,OK
random,0.60,2.1544e-4,,2,20260607,-5001392952527140883,outputs\fhn-sweep-T500-dt005-init05-observables\runs\random\p_2.1544e-4\K_0.60\seed_0002,OK
random,0.60,2.1544e-4,,4,20260607,-5001392952527140881,outputs\fhn-sweep-T500-dt005-init05-observables\runs\random\p_2.1544e-4\K_0.60\seed_0004,OK
random,0.60,2.1544e-4,,3,20260607,-5001392952527140882,outputs\fhn-sweep-T500-dt005-init05-observables\runs\random\p_2.1544e-4\K_0.60\seed_0003,OK
random,0.60,2.1544e-4,,5,20260607,-5001392952527140880,outputs\fhn-sweep-T500-dt005-init05-observables\runs\random\p_2.1544e-4\K_0.60\seed_0005,OK
random,0.60,2.1544e-4,,6,20260607,-5001392952527140879,outputs\fhn-sweep-T500-dt005-init05-observables\runs\random\p_2.1544e-4\K_0.60\seed_0006,OK
random,0.60,2.1544e-4,,7,20260607,-5001392952527140878,outputs\fhn-sweep-T500-dt005-init05-observables\runs\random\p_2.1544e-4\K_0.60\seed_0007,OK
random,0.60,2.1544e-4,,8,20260607,-5001392952527140877,outputs\fhn-sweep-T500-dt005-init05-observables\runs\random\p_2.1544e-4\K_0.60\seed_0008,OK
random,0.60,2.1544e-4,,9,20260607,-5001392952527140876,outputs\fhn-sweep-T500-dt005-init05-observables\runs\random\p_2.1544e-4\K_0.60\seed_0009,OK
random,0.60,2.1544e-4,,10,20260607,-5001392952527140875,outputs\fhn-sweep-T500-dt005-init05-observables\runs\random\p_2.1544e-4\K_0.60\seed_0010,OK
random,0.60,2.1544e-4,,11,20260607,-5001392952527140874,outputs\fhn-sweep-T500-dt005-init05-observables\runs\random\p_2.1544e-4\K_0.60\seed_0011,OK
random,0.60,2.1544e-4,,12,20260607,-5001392952527140873,outputs\fhn-sweep-T500-dt005-init05-observables\runs\random\p_2.1544e-4\K_0.60\seed_0012,OK
random,0.60,2.1544e-4,,13,20260607,-5001392952527140872,outputs\fhn-sweep-T500-dt005-init05-observables\runs\random\p_2.1544e-4\K_0.60\seed_0013,OK
random,0.60,2.1544e-4,,14,20260607,-5001392952527140871,outputs\fhn-sweep-T500-dt005-init05-observables\runs\random\p_2.1544e-4\K_0.60\seed_0014,OK
random,0.60,2.1544e-4,,15,20260607,-5001392952527140870,outputs\fhn-sweep-T500-dt005-init05-observables\runs\random\p_2.1544e-4\K_0.60\seed_0015,OK
random,0.70,2.1544e-4,,1,20260607,3385210273562190809,outputs\fhn-sweep-T500-dt005-init05-observables\runs\random\p_2.1544e-4\K_0.70\seed_0001,OK
random,0.70,2.1544e-4,,2,20260607,3385210273562190810,outputs\fhn-sweep-T500-dt005-init05-observables\runs\random\p_2.1544e-4\K_0.70\seed_0002,OK
random,0.70,2.1544e-4,,4,20260607,3385210273562190812,outputs\fhn-sweep-T500-dt005-init05-observables\runs\random\p_2.1544e-4\K_0.70\seed_0004,OK
random,0.70,2.1544e-4,,3,20260607,3385210273562190811,outputs\fhn-sweep-T500-dt005-init05-observables\runs\random\p_2.1544e-4\K_0.70\seed_0003,OK
random,0.70,2.1544e-4,,5,20260607,3385210273562190813,outputs\fhn-sweep-T500-dt005-init05-observables\runs\random\p_2.1544e-4\K_0.70\seed_0005,OK
random,0.70,2.1544e-4,,6,20260607,3385210273562190814,outputs\fhn-sweep-T500-dt005-init05-observables\runs\random\p_2.1544e-4\K_0.70\seed_0006,OK
random,0.70,2.1544e-4,,7,20260607,3385210273562190815,outputs\fhn-sweep-T500-dt005-init05-observables\runs\random\p_2.1544e-4\K_0.70\seed_0007,OK
random,0.70,2.1544e-4,,8,20260607,3385210273562190816,outputs\fhn-sweep-T500-dt005-init05-observables\runs\random\p_2.1544e-4\K_0.70\seed_0008,OK
random,0.70,2.1544e-4,,9,20260607,3385210273562190817,outputs\fhn-sweep-T500-dt005-init05-observables\runs\random\p_2.1544e-4\K_0.70\seed_0009,OK
random,0.70,2.1544e-4,,10,20260607,3385210273562190818,outputs\fhn-sweep-T500-dt005-init05-observables\runs\random\p_2.1544e-4\K_0.70\seed_0010,OK
random,0.70,2.1544e-4,,11,20260607,3385210273562190819,outputs\fhn-sweep-T500-dt005-init05-observables\runs\random\p_2.1544e-4\K_0.70\seed_0011,OK
random,0.70,2.1544e-4,,12,20260607,3385210273562190820,outputs\fhn-sweep-T500-dt005-init05-observables\runs\random\p_2.1544e-4\K_0.70\seed_0012,OK
random,0.70,2.1544e-4,,14,20260607,3385210273562190822,outputs\fhn-sweep-T500-dt005-init05-observables\runs\random\p_2.1544e-4\K_0.70\seed_0014,OK
random,0.70,2.1544e-4,,13,20260607,3385210273562190821,outputs\fhn-sweep-T500-dt005-init05-observables\runs\random\p_2.1544e-4\K_0.70\seed_0013,OK
random,0.70,2.1544e-4,,15,20260607,3385210273562190823,outputs\fhn-sweep-T500-dt005-init05-observables\runs\random\p_2.1544e-4\K_0.70\seed_0015,OK
random,0.80,2.1544e-4,,1,20260607,-6674930574057999323,outputs\fhn-sweep-T500-dt005-init05-observables\runs\random\p_2.1544e-4\K_0.80\seed_0001,OK
random,0.80,2.1544e-4,,2,20260607,-6674930574057999322,outputs\fhn-sweep-T500-dt005-init05-observables\runs\random\p_2.1544e-4\K_0.80\seed_0002,OK
random,0.80,2.1544e-4,,3,20260607,-6674930574057999321,outputs\fhn-sweep-T500-dt005-init05-observables\runs\random\p_2.1544e-4\K_0.80\seed_0003,OK
random,0.80,2.1544e-4,,4,20260607,-6674930574057999320,outputs\fhn-sweep-T500-dt005-init05-observables\runs\random\p_2.1544e-4\K_0.80\seed_0004,OK
random,0.80,2.1544e-4,,5,20260607,-6674930574057999319,outputs\fhn-sweep-T500-dt005-init05-observables\runs\random\p_2.1544e-4\K_0.80\seed_0005,OK
random,0.80,2.1544e-4,,6,20260607,-6674930574057999318,outputs\fhn-sweep-T500-dt005-init05-observables\runs\random\p_2.1544e-4\K_0.80\seed_0006,OK
random,0.80,2.1544e-4,,7,20260607,-6674930574057999317,outputs\fhn-sweep-T500-dt005-init05-observables\runs\random\p_2.1544e-4\K_0.80\seed_0007,OK
random,0.80,2.1544e-4,,8,20260607,-6674930574057999316,outputs\fhn-sweep-T500-dt005-init05-observables\runs\random\p_2.1544e-4\K_0.80\seed_0008,OK
random,0.80,2.1544e-4,,9,20260607,-6674930574057999315,outputs\fhn-sweep-T500-dt005-init05-observables\runs\random\p_2.1544e-4\K_0.80\seed_0009,OK
random,0.80,2.1544e-4,,10,20260607,-6674930574057999314,outputs\fhn-sweep-T500-dt005-init05-observables\runs\random\p_2.1544e-4\K_0.80\seed_0010,OK
random,0.80,2.1544e-4,,11,20260607,-6674930574057999313,outputs\fhn-sweep-T500-dt005-init05-observables\runs\random\p_2.1544e-4\K_0.80\seed_0011,OK
random,0.80,2.1544e-4,,12,20260607,-6674930574057999312,outputs\fhn-sweep-T500-dt005-init05-observables\runs\random\p_2.1544e-4\K_0.80\seed_0012,OK
random,0.80,2.1544e-4,,13,20260607,-6674930574057999311,outputs\fhn-sweep-T500-dt005-init05-observables\runs\random\p_2.1544e-4\K_0.80\seed_0013,OK
random,0.80,2.1544e-4,,14,20260607,-6674930574057999310,outputs\fhn-sweep-T500-dt005-init05-observables\runs\random\p_2.1544e-4\K_0.80\seed_0014,OK
random,0.80,2.1544e-4,,15,20260607,-6674930574057999309,outputs\fhn-sweep-T500-dt005-init05-observables\runs\random\p_2.1544e-4\K_0.80\seed_0015,OK
random,0.90,2.1544e-4,,1,20260607,1711672652031332370,outputs\fhn-sweep-T500-dt005-init05-observables\runs\random\p_2.1544e-4\K_0.90\seed_0001,OK
random,0.90,2.1544e-4,,2,20260607,1711672652031332371,outputs\fhn-sweep-T500-dt005-init05-observables\runs\random\p_2.1544e-4\K_0.90\seed_0002,OK
random,0.90,2.1544e-4,,3,20260607,1711672652031332372,outputs\fhn-sweep-T500-dt005-init05-observables\runs\random\p_2.1544e-4\K_0.90\seed_0003,OK
random,0.90,2.1544e-4,,4,20260607,1711672652031332373,outputs\fhn-sweep-T500-dt005-init05-observables\runs\random\p_2.1544e-4\K_0.90\seed_0004,OK
random,0.90,2.1544e-4,,5,20260607,1711672652031332374,outputs\fhn-sweep-T500-dt005-init05-observables\runs\random\p_2.1544e-4\K_0.90\seed_0005,OK
random,0.90,2.1544e-4,,6,20260607,1711672652031332375,outputs\fhn-sweep-T500-dt005-init05-observables\runs\random\p_2.1544e-4\K_0.90\seed_0006,OK
random,0.90,2.1544e-4,,7,20260607,1711672652031332376,outputs\fhn-sweep-T500-dt005-init05-observables\runs\random\p_2.1544e-4\K_0.90\seed_0007,OK
random,0.90,2.1544e-4,,8,20260607,1711672652031332377,outputs\fhn-sweep-T500-dt005-init05-observables\runs\random\p_2.1544e-4\K_0.90\seed_0008,OK
random,0.90,2.1544e-4,,9,20260607,1711672652031332378,outputs\fhn-sweep-T500-dt005-init05-observables\runs\random\p_2.1544e-4\K_0.90\seed_0009,OK
random,0.90,2.1544e-4,,10,20260607,1711672652031332379,outputs\fhn-sweep-T500-dt005-init05-observables\runs\random\p_2.1544e-4\K_0.90\seed_0010,OK
random,0.90,2.1544e-4,,11,20260607,1711672652031332380,outputs\fhn-sweep-T500-dt005-init05-observables\runs\random\p_2.1544e-4\K_0.90\seed_0011,OK
random,0.90,2.1544e-4,,12,20260607,1711672652031332381,outputs\fhn-sweep-T500-dt005-init05-observables\runs\random\p_2.1544e-4\K_0.90\seed_0012,OK
random,0.90,2.1544e-4,,13,20260607,1711672652031332382,outputs\fhn-sweep-T500-dt005-init05-observables\runs\random\p_2.1544e-4\K_0.90\seed_0013,OK
random,0.90,2.1544e-4,,14,20260607,1711672652031332383,outputs\fhn-sweep-T500-dt005-init05-observables\runs\random\p_2.1544e-4\K_0.90\seed_0014,OK
random,0.90,2.1544e-4,,15,20260607,1711672652031332384,outputs\fhn-sweep-T500-dt005-init05-observables\runs\random\p_2.1544e-4\K_0.90\seed_0015,OK
random,1.00,2.1544e-4,,1,20260607,-8348468195588887553,outputs\fhn-sweep-T500-dt005-init05-observables\runs\random\p_2.1544e-4\K_1.00\seed_0001,OK
random,1.00,2.1544e-4,,2,20260607,-8348468195588887552,outputs\fhn-sweep-T500-dt005-init05-observables\runs\random\p_2.1544e-4\K_1.00\seed_0002,OK
random,1.00,2.1544e-4,,3,20260607,-8348468195588887551,outputs\fhn-sweep-T500-dt005-init05-observables\runs\random\p_2.1544e-4\K_1.00\seed_0003,OK
random,1.00,2.1544e-4,,4,20260607,-8348468195588887550,outputs\fhn-sweep-T500-dt005-init05-observables\runs\random\p_2.1544e-4\K_1.00\seed_0004,OK
random,1.00,2.1544e-4,,5,20260607,-8348468195588887549,outputs\fhn-sweep-T500-dt005-init05-observables\runs\random\p_2.1544e-4\K_1.00\seed_0005,OK
random,1.00,2.1544e-4,,6,20260607,-8348468195588887548,outputs\fhn-sweep-T500-dt005-init05-observables\runs\random\p_2.1544e-4\K_1.00\seed_0006,OK
random,1.00,2.1544e-4,,7,20260607,-8348468195588887547,outputs\fhn-sweep-T500-dt005-init05-observables\runs\random\p_2.1544e-4\K_1.00\seed_0007,OK
random,1.00,2.1544e-4,,8,20260607,-8348468195588887546,outputs\fhn-sweep-T500-dt005-init05-observables\runs\random\p_2.1544e-4\K_1.00\seed_0008,OK
random,1.00,2.1544e-4,,9,20260607,-8348468195588887545,outputs\fhn-sweep-T500-dt005-init05-observables\runs\random\p_2.1544e-4\K_1.00\seed_0009,OK
random,1.00,2.1544e-4,,10,20260607,-8348468195588887544,outputs\fhn-sweep-T500-dt005-init05-observables\runs\random\p_2.1544e-4\K_1.00\seed_0010,OK
random,1.00,2.1544e-4,,11,20260607,-8348468195588887543,outputs\fhn-sweep-T500-dt005-init05-observables\runs\random\p_2.1544e-4\K_1.00\seed_0011,OK
random,1.00,2.1544e-4,,12,20260607,-8348468195588887542,outputs\fhn-sweep-T500-dt005-init05-observables\runs\random\p_2.1544e-4\K_1.00\seed_0012,OK
random,1.00,2.1544e-4,,13,20260607,-8348468195588887541,outputs\fhn-sweep-T500-dt005-init05-observables\runs\random\p_2.1544e-4\K_1.00\seed_0013,OK
random,1.00,2.1544e-4,,14,20260607,-8348468195588887540,outputs\fhn-sweep-T500-dt005-init05-observables\runs\random\p_2.1544e-4\K_1.00\seed_0014,OK
random,1.00,2.1544e-4,,15,20260607,-8348468195588887539,outputs\fhn-sweep-T500-dt005-init05-observables\runs\random\p_2.1544e-4\K_1.00\seed_0015,OK
random,0.00,4.6416e-4,,2,20260607,6220527505194381137,outputs\fhn-sweep-T500-dt005-init05-observables\runs\random\p_4.6416e-4\K_0.00\seed_0002,OK
random,0.00,4.6416e-4,,1,20260607,6220527505194381136,outputs\fhn-sweep-T500-dt005-init05-observables\runs\random\p_4.6416e-4\K_0.00\seed_0001,OK
random,0.00,4.6416e-4,,3,20260607,6220527505194381138,outputs\fhn-sweep-T500-dt005-init05-observables\runs\random\p_4.6416e-4\K_0.00\seed_0003,OK
random,0.00,4.6416e-4,,5,20260607,6220527505194381140,outputs\fhn-sweep-T500-dt005-init05-observables\runs\random\p_4.6416e-4\K_0.00\seed_0005,OK
random,0.00,4.6416e-4,,4,20260607,6220527505194381139,outputs\fhn-sweep-T500-dt005-init05-observables\runs\random\p_4.6416e-4\K_0.00\seed_0004,OK
random,0.00,4.6416e-4,,6,20260607,6220527505194381141,outputs\fhn-sweep-T500-dt005-init05-observables\runs\random\p_4.6416e-4\K_0.00\seed_0006,OK
random,0.00,4.6416e-4,,7,20260607,6220527505194381142,outputs\fhn-sweep-T500-dt005-init05-observables\runs\random\p_4.6416e-4\K_0.00\seed_0007,OK
random,0.00,4.6416e-4,,8,20260607,6220527505194381143,outputs\fhn-sweep-T500-dt005-init05-observables\runs\random\p_4.6416e-4\K_0.00\seed_0008,OK
random,0.00,4.6416e-4,,9,20260607,6220527505194381144,outputs\fhn-sweep-T500-dt005-init05-observables\runs\random\p_4.6416e-4\K_0.00\seed_0009,OK
random,0.00,4.6416e-4,,10,20260607,6220527505194381145,outputs\fhn-sweep-T500-dt005-init05-observables\runs\random\p_4.6416e-4\K_0.00\seed_0010,OK
random,0.00,4.6416e-4,,11,20260607,6220527505194381146,outputs\fhn-sweep-T500-dt005-init05-observables\runs\random\p_4.6416e-4\K_0.00\seed_0011,OK
random,0.00,4.6416e-4,,12,20260607,6220527505194381147,outputs\fhn-sweep-T500-dt005-init05-observables\runs\random\p_4.6416e-4\K_0.00\seed_0012,OK
random,0.00,4.6416e-4,,13,20260607,6220527505194381148,outputs\fhn-sweep-T500-dt005-init05-observables\runs\random\p_4.6416e-4\K_0.00\seed_0013,OK
random,0.00,4.6416e-4,,14,20260607,6220527505194381149,outputs\fhn-sweep-T500-dt005-init05-observables\runs\random\p_4.6416e-4\K_0.00\seed_0014,OK
random,0.00,4.6416e-4,,15,20260607,6220527505194381150,outputs\fhn-sweep-T500-dt005-init05-observables\runs\random\p_4.6416e-4\K_0.00\seed_0015,OK
random,0.10,4.6416e-4,,1,20260607,1571011249897092982,outputs\fhn-sweep-T500-dt005-init05-observables\runs\random\p_4.6416e-4\K_0.10\seed_0001,OK
random,0.10,4.6416e-4,,2,20260607,1571011249897092983,outputs\fhn-sweep-T500-dt005-init05-observables\runs\random\p_4.6416e-4\K_0.10\seed_0002,OK
random,0.10,4.6416e-4,,3,20260607,1571011249897092984,outputs\fhn-sweep-T500-dt005-init05-observables\runs\random\p_4.6416e-4\K_0.10\seed_0003,OK
random,0.10,4.6416e-4,,4,20260607,1571011249897092985,outputs\fhn-sweep-T500-dt005-init05-observables\runs\random\p_4.6416e-4\K_0.10\seed_0004,OK
random,0.10,4.6416e-4,,5,20260607,1571011249897092986,outputs\fhn-sweep-T500-dt005-init05-observables\runs\random\p_4.6416e-4\K_0.10\seed_0005,OK
random,0.10,4.6416e-4,,6,20260607,1571011249897092987,outputs\fhn-sweep-T500-dt005-init05-observables\runs\random\p_4.6416e-4\K_0.10\seed_0006,OK
random,0.10,4.6416e-4,,7,20260607,1571011249897092988,outputs\fhn-sweep-T500-dt005-init05-observables\runs\random\p_4.6416e-4\K_0.10\seed_0007,OK
random,0.10,4.6416e-4,,8,20260607,1571011249897092989,outputs\fhn-sweep-T500-dt005-init05-observables\runs\random\p_4.6416e-4\K_0.10\seed_0008,OK
random,0.10,4.6416e-4,,9,20260607,1571011249897092990,outputs\fhn-sweep-T500-dt005-init05-observables\runs\random\p_4.6416e-4\K_0.10\seed_0009,OK
random,0.10,4.6416e-4,,10,20260607,1571011249897092991,outputs\fhn-sweep-T500-dt005-init05-observables\runs\random\p_4.6416e-4\K_0.10\seed_0010,OK
random,0.10,4.6416e-4,,11,20260607,1571011249897092992,outputs\fhn-sweep-T500-dt005-init05-observables\runs\random\p_4.6416e-4\K_0.10\seed_0011,OK
random,0.10,4.6416e-4,,12,20260607,1571011249897092993,outputs\fhn-sweep-T500-dt005-init05-observables\runs\random\p_4.6416e-4\K_0.10\seed_0012,OK
random,0.10,4.6416e-4,,13,20260607,1571011249897092994,outputs\fhn-sweep-T500-dt005-init05-observables\runs\random\p_4.6416e-4\K_0.10\seed_0013,OK
random,0.10,4.6416e-4,,14,20260607,1571011249897092995,outputs\fhn-sweep-T500-dt005-init05-observables\runs\random\p_4.6416e-4\K_0.10\seed_0014,OK
random,0.10,4.6416e-4,,15,20260607,1571011249897092996,outputs\fhn-sweep-T500-dt005-init05-observables\runs\random\p_4.6416e-4\K_0.10\seed_0015,OK
random,0.20,4.6416e-4,,1,20260607,6610539232924678006,outputs\fhn-sweep-T500-dt005-init05-observables\runs\random\p_4.6416e-4\K_0.20\seed_0001,OK
random,0.20,4.6416e-4,,2,20260607,6610539232924678007,outputs\fhn-sweep-T500-dt005-init05-observables\runs\random\p_4.6416e-4\K_0.20\seed_0002,OK
random,0.20,4.6416e-4,,3,20260607,6610539232924678008,outputs\fhn-sweep-T500-dt005-init05-observables\runs\random\p_4.6416e-4\K_0.20\seed_0003,OK
random,0.20,4.6416e-4,,5,20260607,6610539232924678010,outputs\fhn-sweep-T500-dt005-init05-observables\runs\random\p_4.6416e-4\K_0.20\seed_0005,OK
random,0.20,4.6416e-4,,4,20260607,6610539232924678009,outputs\fhn-sweep-T500-dt005-init05-observables\runs\random\p_4.6416e-4\K_0.20\seed_0004,OK
random,0.20,4.6416e-4,,6,20260607,6610539232924678011,outputs\fhn-sweep-T500-dt005-init05-observables\runs\random\p_4.6416e-4\K_0.20\seed_0006,OK
random,0.20,4.6416e-4,,7,20260607,6610539232924678012,outputs\fhn-sweep-T500-dt005-init05-observables\runs\random\p_4.6416e-4\K_0.20\seed_0007,OK
random,0.20,4.6416e-4,,8,20260607,6610539232924678013,outputs\fhn-sweep-T500-dt005-init05-observables\runs\random\p_4.6416e-4\K_0.20\seed_0008,OK
random,0.20,4.6416e-4,,11,20260607,6610539232924678016,outputs\fhn-sweep-T500-dt005-init05-observables\runs\random\p_4.6416e-4\K_0.20\seed_0011,OK
random,0.20,4.6416e-4,,9,20260607,6610539232924678014,outputs\fhn-sweep-T500-dt005-init05-observables\runs\random\p_4.6416e-4\K_0.20\seed_0009,OK
random,0.20,4.6416e-4,,10,20260607,6610539232924678015,outputs\fhn-sweep-T500-dt005-init05-observables\runs\random\p_4.6416e-4\K_0.20\seed_0010,OK
random,0.20,4.6416e-4,,12,20260607,6610539232924678017,outputs\fhn-sweep-T500-dt005-init05-observables\runs\random\p_4.6416e-4\K_0.20\seed_0012,OK
random,0.20,4.6416e-4,,13,20260607,6610539232924678018,outputs\fhn-sweep-T500-dt005-init05-observables\runs\random\p_4.6416e-4\K_0.20\seed_0013,OK
random,0.20,4.6416e-4,,14,20260607,6610539232924678019,outputs\fhn-sweep-T500-dt005-init05-observables\runs\random\p_4.6416e-4\K_0.20\seed_0014,OK
random,0.20,4.6416e-4,,15,20260607,6610539232924678020,outputs\fhn-sweep-T500-dt005-init05-observables\runs\random\p_4.6416e-4\K_0.20\seed_0015,OK
random,0.30,4.6416e-4,,1,20260607,-5123139236226430147,outputs\fhn-sweep-T500-dt005-init05-observables\runs\random\p_4.6416e-4\K_0.30\seed_0001,OK
random,0.30,4.6416e-4,,2,20260607,-5123139236226430146,outputs\fhn-sweep-T500-dt005-init05-observables\runs\random\p_4.6416e-4\K_0.30\seed_0002,OK
random,0.30,4.6416e-4,,3,20260607,-5123139236226430145,outputs\fhn-sweep-T500-dt005-init05-observables\runs\random\p_4.6416e-4\K_0.30\seed_0003,OK
random,0.30,4.6416e-4,,4,20260607,-5123139236226430144,outputs\fhn-sweep-T500-dt005-init05-observables\runs\random\p_4.6416e-4\K_0.30\seed_0004,OK
random,0.30,4.6416e-4,,5,20260607,-5123139236226430143,outputs\fhn-sweep-T500-dt005-init05-observables\runs\random\p_4.6416e-4\K_0.30\seed_0005,OK
random,0.30,4.6416e-4,,6,20260607,-5123139236226430142,outputs\fhn-sweep-T500-dt005-init05-observables\runs\random\p_4.6416e-4\K_0.30\seed_0006,OK
random,0.30,4.6416e-4,,7,20260607,-5123139236226430141,outputs\fhn-sweep-T500-dt005-init05-observables\runs\random\p_4.6416e-4\K_0.30\seed_0007,OK
random,0.30,4.6416e-4,,8,20260607,-5123139236226430140,outputs\fhn-sweep-T500-dt005-init05-observables\runs\random\p_4.6416e-4\K_0.30\seed_0008,OK
random,0.30,4.6416e-4,,9,20260607,-5123139236226430139,outputs\fhn-sweep-T500-dt005-init05-observables\runs\random\p_4.6416e-4\K_0.30\seed_0009,OK
random,0.30,4.6416e-4,,10,20260607,-5123139236226430138,outputs\fhn-sweep-T500-dt005-init05-observables\runs\random\p_4.6416e-4\K_0.30\seed_0010,OK
random,0.30,4.6416e-4,,11,20260607,-5123139236226430137,outputs\fhn-sweep-T500-dt005-init05-observables\runs\random\p_4.6416e-4\K_0.30\seed_0011,OK
random,0.30,4.6416e-4,,12,20260607,-5123139236226430136,outputs\fhn-sweep-T500-dt005-init05-observables\runs\random\p_4.6416e-4\K_0.30\seed_0012,OK
random,0.30,4.6416e-4,,13,20260607,-5123139236226430135,outputs\fhn-sweep-T500-dt005-init05-observables\runs\random\p_4.6416e-4\K_0.30\seed_0013,OK
random,0.30,4.6416e-4,,14,20260607,-5123139236226430134,outputs\fhn-sweep-T500-dt005-init05-observables\runs\random\p_4.6416e-4\K_0.30\seed_0014,OK
random,0.30,4.6416e-4,,15,20260607,-5123139236226430133,outputs\fhn-sweep-T500-dt005-init05-observables\runs\random\p_4.6416e-4\K_0.30\seed_0015,OK
random,0.40,4.6416e-4,,1,20260607,-6796676857757288586,outputs\fhn-sweep-T500-dt005-init05-observables\runs\random\p_4.6416e-4\K_0.40\seed_0001,OK
random,0.40,4.6416e-4,,2,20260607,-6796676857757288585,outputs\fhn-sweep-T500-dt005-init05-observables\runs\random\p_4.6416e-4\K_0.40\seed_0002,OK
random,0.40,4.6416e-4,,3,20260607,-6796676857757288584,outputs\fhn-sweep-T500-dt005-init05-observables\runs\random\p_4.6416e-4\K_0.40\seed_0003,OK
random,0.40,4.6416e-4,,4,20260607,-6796676857757288583,outputs\fhn-sweep-T500-dt005-init05-observables\runs\random\p_4.6416e-4\K_0.40\seed_0004,OK
random,0.40,4.6416e-4,,5,20260607,-6796676857757288582,outputs\fhn-sweep-T500-dt005-init05-observables\runs\random\p_4.6416e-4\K_0.40\seed_0005,OK
random,0.40,4.6416e-4,,6,20260607,-6796676857757288581,outputs\fhn-sweep-T500-dt005-init05-observables\runs\random\p_4.6416e-4\K_0.40\seed_0006,OK
random,0.40,4.6416e-4,,7,20260607,-6796676857757288580,outputs\fhn-sweep-T500-dt005-init05-observables\runs\random\p_4.6416e-4\K_0.40\seed_0007,OK
random,0.40,4.6416e-4,,9,20260607,-6796676857757288578,outputs\fhn-sweep-T500-dt005-init05-observables\runs\random\p_4.6416e-4\K_0.40\seed_0009,OK
random,0.40,4.6416e-4,,8,20260607,-6796676857757288579,outputs\fhn-sweep-T500-dt005-init05-observables\runs\random\p_4.6416e-4\K_0.40\seed_0008,OK
random,0.40,4.6416e-4,,10,20260607,-6796676857757288577,outputs\fhn-sweep-T500-dt005-init05-observables\runs\random\p_4.6416e-4\K_0.40\seed_0010,OK
random,0.40,4.6416e-4,,11,20260607,-6796676857757288576,outputs\fhn-sweep-T500-dt005-init05-observables\runs\random\p_4.6416e-4\K_0.40\seed_0011,OK
random,0.40,4.6416e-4,,13,20260607,-6796676857757288574,outputs\fhn-sweep-T500-dt005-init05-observables\runs\random\p_4.6416e-4\K_0.40\seed_0013,OK
random,0.40,4.6416e-4,,14,20260607,-6796676857757288573,outputs\fhn-sweep-T500-dt005-init05-observables\runs\random\p_4.6416e-4\K_0.40\seed_0014,OK
random,0.40,4.6416e-4,,12,20260607,-6796676857757288575,outputs\fhn-sweep-T500-dt005-init05-observables\runs\random\p_4.6416e-4\K_0.40\seed_0012,OK
random,0.40,4.6416e-4,,15,20260607,-6796676857757288572,outputs\fhn-sweep-T500-dt005-init05-observables\runs\random\p_4.6416e-4\K_0.40\seed_0015,OK
random,0.50,4.6416e-4,,1,20260607,-8470214479288176816,outputs\fhn-sweep-T500-dt005-init05-observables\runs\random\p_4.6416e-4\K_0.50\seed_0001,OK
random,0.50,4.6416e-4,,2,20260607,-8470214479288176815,outputs\fhn-sweep-T500-dt005-init05-observables\runs\random\p_4.6416e-4\K_0.50\seed_0002,OK
random,0.50,4.6416e-4,,3,20260607,-8470214479288176814,outputs\fhn-sweep-T500-dt005-init05-observables\runs\random\p_4.6416e-4\K_0.50\seed_0003,OK
random,0.50,4.6416e-4,,4,20260607,-8470214479288176813,outputs\fhn-sweep-T500-dt005-init05-observables\runs\random\p_4.6416e-4\K_0.50\seed_0004,OK
random,0.50,4.6416e-4,,5,20260607,-8470214479288176812,outputs\fhn-sweep-T500-dt005-init05-observables\runs\random\p_4.6416e-4\K_0.50\seed_0005,OK
random,0.50,4.6416e-4,,6,20260607,-8470214479288176811,outputs\fhn-sweep-T500-dt005-init05-observables\runs\random\p_4.6416e-4\K_0.50\seed_0006,OK
random,0.50,4.6416e-4,,7,20260607,-8470214479288176810,outputs\fhn-sweep-T500-dt005-init05-observables\runs\random\p_4.6416e-4\K_0.50\seed_0007,OK
random,0.50,4.6416e-4,,8,20260607,-8470214479288176809,outputs\fhn-sweep-T500-dt005-init05-observables\runs\random\p_4.6416e-4\K_0.50\seed_0008,OK
random,0.50,4.6416e-4,,9,20260607,-8470214479288176808,outputs\fhn-sweep-T500-dt005-init05-observables\runs\random\p_4.6416e-4\K_0.50\seed_0009,OK
random,0.50,4.6416e-4,,10,20260607,-8470214479288176807,outputs\fhn-sweep-T500-dt005-init05-observables\runs\random\p_4.6416e-4\K_0.50\seed_0010,OK
random,0.50,4.6416e-4,,11,20260607,-8470214479288176806,outputs\fhn-sweep-T500-dt005-init05-observables\runs\random\p_4.6416e-4\K_0.50\seed_0011,OK
random,0.50,4.6416e-4,,12,20260607,-8470214479288176805,outputs\fhn-sweep-T500-dt005-init05-observables\runs\random\p_4.6416e-4\K_0.50\seed_0012,OK
random,0.50,4.6416e-4,,13,20260607,-8470214479288176804,outputs\fhn-sweep-T500-dt005-init05-observables\runs\random\p_4.6416e-4\K_0.50\seed_0013,OK
random,0.50,4.6416e-4,,14,20260607,-8470214479288176803,outputs\fhn-sweep-T500-dt005-init05-observables\runs\random\p_4.6416e-4\K_0.50\seed_0014,OK
random,0.50,4.6416e-4,,15,20260607,-8470214479288176802,outputs\fhn-sweep-T500-dt005-init05-observables\runs\random\p_4.6416e-4\K_0.50\seed_0015,OK
random,0.60,4.6416e-4,,1,20260607,-83611253198845123,outputs\fhn-sweep-T500-dt005-init05-observables\runs\random\p_4.6416e-4\K_0.60\seed_0001,OK
random,0.60,4.6416e-4,,2,20260607,-83611253198845122,outputs\fhn-sweep-T500-dt005-init05-observables\runs\random\p_4.6416e-4\K_0.60\seed_0002,OK
random,0.60,4.6416e-4,,3,20260607,-83611253198845121,outputs\fhn-sweep-T500-dt005-init05-observables\runs\random\p_4.6416e-4\K_0.60\seed_0003,OK
random,0.60,4.6416e-4,,4,20260607,-83611253198845120,outputs\fhn-sweep-T500-dt005-init05-observables\runs\random\p_4.6416e-4\K_0.60\seed_0004,OK
random,0.60,4.6416e-4,,5,20260607,-83611253198845119,outputs\fhn-sweep-T500-dt005-init05-observables\runs\random\p_4.6416e-4\K_0.60\seed_0005,OK
random,0.60,4.6416e-4,,6,20260607,-83611253198845118,outputs\fhn-sweep-T500-dt005-init05-observables\runs\random\p_4.6416e-4\K_0.60\seed_0006,OK
random,0.60,4.6416e-4,,7,20260607,-83611253198845117,outputs\fhn-sweep-T500-dt005-init05-observables\runs\random\p_4.6416e-4\K_0.60\seed_0007,OK
random,0.60,4.6416e-4,,8,20260607,-83611253198845116,outputs\fhn-sweep-T500-dt005-init05-observables\runs\random\p_4.6416e-4\K_0.60\seed_0008,OK
random,0.60,4.6416e-4,,9,20260607,-83611253198845115,outputs\fhn-sweep-T500-dt005-init05-observables\runs\random\p_4.6416e-4\K_0.60\seed_0009,OK
random,0.60,4.6416e-4,,10,20260607,-83611253198845114,outputs\fhn-sweep-T500-dt005-init05-observables\runs\random\p_4.6416e-4\K_0.60\seed_0010,OK
random,0.60,4.6416e-4,,11,20260607,-83611253198845113,outputs\fhn-sweep-T500-dt005-init05-observables\runs\random\p_4.6416e-4\K_0.60\seed_0011,OK
random,0.60,4.6416e-4,,12,20260607,-83611253198845112,outputs\fhn-sweep-T500-dt005-init05-observables\runs\random\p_4.6416e-4\K_0.60\seed_0012,OK
random,0.60,4.6416e-4,,13,20260607,-83611253198845111,outputs\fhn-sweep-T500-dt005-init05-observables\runs\random\p_4.6416e-4\K_0.60\seed_0013,OK
random,0.60,4.6416e-4,,14,20260607,-83611253198845110,outputs\fhn-sweep-T500-dt005-init05-observables\runs\random\p_4.6416e-4\K_0.60\seed_0014,OK
random,0.60,4.6416e-4,,15,20260607,-83611253198845109,outputs\fhn-sweep-T500-dt005-init05-observables\runs\random\p_4.6416e-4\K_0.60\seed_0015,OK
random,0.70,4.6416e-4,,1,20260607,8302991972890486570,outputs\fhn-sweep-T500-dt005-init05-observables\runs\random\p_4.6416e-4\K_0.70\seed_0001,OK
random,0.70,4.6416e-4,,2,20260607,8302991972890486571,outputs\fhn-sweep-T500-dt005-init05-observables\runs\random\p_4.6416e-4\K_0.70\seed_0002,OK
random,0.70,4.6416e-4,,3,20260607,8302991972890486572,outputs\fhn-sweep-T500-dt005-init05-observables\runs\random\p_4.6416e-4\K_0.70\seed_0003,OK
random,0.70,4.6416e-4,,4,20260607,8302991972890486573,outputs\fhn-sweep-T500-dt005-init05-observables\runs\random\p_4.6416e-4\K_0.70\seed_0004,OK
random,0.70,4.6416e-4,,5,20260607,8302991972890486574,outputs\fhn-sweep-T500-dt005-init05-observables\runs\random\p_4.6416e-4\K_0.70\seed_0005,OK
random,0.70,4.6416e-4,,6,20260607,8302991972890486575,outputs\fhn-sweep-T500-dt005-init05-observables\runs\random\p_4.6416e-4\K_0.70\seed_0006,OK
random,0.70,4.6416e-4,,7,20260607,8302991972890486576,outputs\fhn-sweep-T500-dt005-init05-observables\runs\random\p_4.6416e-4\K_0.70\seed_0007,OK
random,0.70,4.6416e-4,,8,20260607,8302991972890486577,outputs\fhn-sweep-T500-dt005-init05-observables\runs\random\p_4.6416e-4\K_0.70\seed_0008,OK
random,0.70,4.6416e-4,,9,20260607,8302991972890486578,outputs\fhn-sweep-T500-dt005-init05-observables\runs\random\p_4.6416e-4\K_0.70\seed_0009,OK
random,0.70,4.6416e-4,,10,20260607,8302991972890486579,outputs\fhn-sweep-T500-dt005-init05-observables\runs\random\p_4.6416e-4\K_0.70\seed_0010,OK
random,0.70,4.6416e-4,,11,20260607,8302991972890486580,outputs\fhn-sweep-T500-dt005-init05-observables\runs\random\p_4.6416e-4\K_0.70\seed_0011,OK
random,0.70,4.6416e-4,,12,20260607,8302991972890486581,outputs\fhn-sweep-T500-dt005-init05-observables\runs\random\p_4.6416e-4\K_0.70\seed_0012,OK
random,0.70,4.6416e-4,,13,20260607,8302991972890486582,outputs\fhn-sweep-T500-dt005-init05-observables\runs\random\p_4.6416e-4\K_0.70\seed_0013,OK
random,0.70,4.6416e-4,,14,20260607,8302991972890486583,outputs\fhn-sweep-T500-dt005-init05-observables\runs\random\p_4.6416e-4\K_0.70\seed_0014,OK
random,0.70,4.6416e-4,,15,20260607,8302991972890486584,outputs\fhn-sweep-T500-dt005-init05-observables\runs\random\p_4.6416e-4\K_0.70\seed_0015,OK
random,0.80,4.6416e-4,,1,20260607,-1757148874729703562,outputs\fhn-sweep-T500-dt005-init05-observables\runs\random\p_4.6416e-4\K_0.80\seed_0001,OK
random,0.80,4.6416e-4,,2,20260607,-1757148874729703561,outputs\fhn-sweep-T500-dt005-init05-observables\runs\random\p_4.6416e-4\K_0.80\seed_0002,OK
random,0.80,4.6416e-4,,3,20260607,-1757148874729703560,outputs\fhn-sweep-T500-dt005-init05-observables\runs\random\p_4.6416e-4\K_0.80\seed_0003,OK
random,0.80,4.6416e-4,,4,20260607,-1757148874729703559,outputs\fhn-sweep-T500-dt005-init05-observables\runs\random\p_4.6416e-4\K_0.80\seed_0004,OK
random,0.80,4.6416e-4,,5,20260607,-1757148874729703558,outputs\fhn-sweep-T500-dt005-init05-observables\runs\random\p_4.6416e-4\K_0.80\seed_0005,OK
random,0.80,4.6416e-4,,6,20260607,-1757148874729703557,outputs\fhn-sweep-T500-dt005-init05-observables\runs\random\p_4.6416e-4\K_0.80\seed_0006,OK
random,0.80,4.6416e-4,,7,20260607,-1757148874729703556,outputs\fhn-sweep-T500-dt005-init05-observables\runs\random\p_4.6416e-4\K_0.80\seed_0007,OK
random,0.80,4.6416e-4,,8,20260607,-1757148874729703555,outputs\fhn-sweep-T500-dt005-init05-observables\runs\random\p_4.6416e-4\K_0.80\seed_0008,OK
random,0.80,4.6416e-4,,9,20260607,-1757148874729703554,outputs\fhn-sweep-T500-dt005-init05-observables\runs\random\p_4.6416e-4\K_0.80\seed_0009,OK
random,0.80,4.6416e-4,,10,20260607,-1757148874729703553,outputs\fhn-sweep-T500-dt005-init05-observables\runs\random\p_4.6416e-4\K_0.80\seed_0010,OK
random,0.80,4.6416e-4,,11,20260607,-1757148874729703552,outputs\fhn-sweep-T500-dt005-init05-observables\runs\random\p_4.6416e-4\K_0.80\seed_0011,OK
random,0.80,4.6416e-4,,12,20260607,-1757148874729703551,outputs\fhn-sweep-T500-dt005-init05-observables\runs\random\p_4.6416e-4\K_0.80\seed_0012,OK
random,0.80,4.6416e-4,,13,20260607,-1757148874729703550,outputs\fhn-sweep-T500-dt005-init05-observables\runs\random\p_4.6416e-4\K_0.80\seed_0013,OK
random,0.80,4.6416e-4,,14,20260607,-1757148874729703549,outputs\fhn-sweep-T500-dt005-init05-observables\runs\random\p_4.6416e-4\K_0.80\seed_0014,OK
random,0.80,4.6416e-4,,15,20260607,-1757148874729703548,outputs\fhn-sweep-T500-dt005-init05-observables\runs\random\p_4.6416e-4\K_0.80\seed_0015,OK
random,0.90,4.6416e-4,,1,20260607,6629454351359628131,outputs\fhn-sweep-T500-dt005-init05-observables\runs\random\p_4.6416e-4\K_0.90\seed_0001,OK
random,0.90,4.6416e-4,,2,20260607,6629454351359628132,outputs\fhn-sweep-T500-dt005-init05-observables\runs\random\p_4.6416e-4\K_0.90\seed_0002,OK
random,0.90,4.6416e-4,,3,20260607,6629454351359628133,outputs\fhn-sweep-T500-dt005-init05-observables\runs\random\p_4.6416e-4\K_0.90\seed_0003,OK
random,0.90,4.6416e-4,,4,20260607,6629454351359628134,outputs\fhn-sweep-T500-dt005-init05-observables\runs\random\p_4.6416e-4\K_0.90\seed_0004,OK
random,0.90,4.6416e-4,,5,20260607,6629454351359628135,outputs\fhn-sweep-T500-dt005-init05-observables\runs\random\p_4.6416e-4\K_0.90\seed_0005,OK
random,0.90,4.6416e-4,,6,20260607,6629454351359628136,outputs\fhn-sweep-T500-dt005-init05-observables\runs\random\p_4.6416e-4\K_0.90\seed_0006,OK
random,0.90,4.6416e-4,,7,20260607,6629454351359628137,outputs\fhn-sweep-T500-dt005-init05-observables\runs\random\p_4.6416e-4\K_0.90\seed_0007,OK
random,0.90,4.6416e-4,,8,20260607,6629454351359628138,outputs\fhn-sweep-T500-dt005-init05-observables\runs\random\p_4.6416e-4\K_0.90\seed_0008,OK
random,0.90,4.6416e-4,,9,20260607,6629454351359628139,outputs\fhn-sweep-T500-dt005-init05-observables\runs\random\p_4.6416e-4\K_0.90\seed_0009,OK
random,0.90,4.6416e-4,,10,20260607,6629454351359628140,outputs\fhn-sweep-T500-dt005-init05-observables\runs\random\p_4.6416e-4\K_0.90\seed_0010,OK
random,0.90,4.6416e-4,,11,20260607,6629454351359628141,outputs\fhn-sweep-T500-dt005-init05-observables\runs\random\p_4.6416e-4\K_0.90\seed_0011,OK
random,0.90,4.6416e-4,,12,20260607,6629454351359628142,outputs\fhn-sweep-T500-dt005-init05-observables\runs\random\p_4.6416e-4\K_0.90\seed_0012,OK
random,0.90,4.6416e-4,,13,20260607,6629454351359628143,outputs\fhn-sweep-T500-dt005-init05-observables\runs\random\p_4.6416e-4\K_0.90\seed_0013,OK
random,0.90,4.6416e-4,,14,20260607,6629454351359628144,outputs\fhn-sweep-T500-dt005-init05-observables\runs\random\p_4.6416e-4\K_0.90\seed_0014,OK
random,0.90,4.6416e-4,,15,20260607,6629454351359628145,outputs\fhn-sweep-T500-dt005-init05-observables\runs\random\p_4.6416e-4\K_0.90\seed_0015,OK
random,1.00,4.6416e-4,,1,20260607,-3430686496260591792,outputs\fhn-sweep-T500-dt005-init05-observables\runs\random\p_4.6416e-4\K_1.00\seed_0001,OK
random,1.00,4.6416e-4,,2,20260607,-3430686496260591791,outputs\fhn-sweep-T500-dt005-init05-observables\runs\random\p_4.6416e-4\K_1.00\seed_0002,OK
random,1.00,4.6416e-4,,3,20260607,-3430686496260591790,outputs\fhn-sweep-T500-dt005-init05-observables\runs\random\p_4.6416e-4\K_1.00\seed_0003,OK
random,1.00,4.6416e-4,,4,20260607,-3430686496260591789,outputs\fhn-sweep-T500-dt005-init05-observables\runs\random\p_4.6416e-4\K_1.00\seed_0004,OK
random,1.00,4.6416e-4,,5,20260607,-3430686496260591788,outputs\fhn-sweep-T500-dt005-init05-observables\runs\random\p_4.6416e-4\K_1.00\seed_0005,OK
random,1.00,4.6416e-4,,6,20260607,-3430686496260591787,outputs\fhn-sweep-T500-dt005-init05-observables\runs\random\p_4.6416e-4\K_1.00\seed_0006,OK
random,1.00,4.6416e-4,,7,20260607,-3430686496260591786,outputs\fhn-sweep-T500-dt005-init05-observables\runs\random\p_4.6416e-4\K_1.00\seed_0007,OK
random,1.00,4.6416e-4,,8,20260607,-3430686496260591785,outputs\fhn-sweep-T500-dt005-init05-observables\runs\random\p_4.6416e-4\K_1.00\seed_0008,OK
random,1.00,4.6416e-4,,9,20260607,-3430686496260591784,outputs\fhn-sweep-T500-dt005-init05-observables\runs\random\p_4.6416e-4\K_1.00\seed_0009,OK
random,1.00,4.6416e-4,,10,20260607,-3430686496260591783,outputs\fhn-sweep-T500-dt005-init05-observables\runs\random\p_4.6416e-4\K_1.00\seed_0010,OK
random,1.00,4.6416e-4,,11,20260607,-3430686496260591782,outputs\fhn-sweep-T500-dt005-init05-observables\runs\random\p_4.6416e-4\K_1.00\seed_0011,OK
random,1.00,4.6416e-4,,12,20260607,-3430686496260591781,outputs\fhn-sweep-T500-dt005-init05-observables\runs\random\p_4.6416e-4\K_1.00\seed_0012,OK
random,1.00,4.6416e-4,,13,20260607,-3430686496260591780,outputs\fhn-sweep-T500-dt005-init05-observables\runs\random\p_4.6416e-4\K_1.00\seed_0013,OK
random,1.00,4.6416e-4,,14,20260607,-3430686496260591779,outputs\fhn-sweep-T500-dt005-init05-observables\runs\random\p_4.6416e-4\K_1.00\seed_0014,OK
random,1.00,4.6416e-4,,15,20260607,-3430686496260591778,outputs\fhn-sweep-T500-dt005-init05-observables\runs\random\p_4.6416e-4\K_1.00\seed_0015,OK
random,0.00,1.0000e-3,,1,20260607,-7366761366799382873,outputs\fhn-sweep-T500-dt005-init05-observables\runs\random\p_1.0000e-3\K_0.00\seed_0001,OK
random,0.00,1.0000e-3,,2,20260607,-7366761366799382872,outputs\fhn-sweep-T500-dt005-init05-observables\runs\random\p_1.0000e-3\K_0.00\seed_0002,OK
random,0.00,1.0000e-3,,3,20260607,-7366761366799382871,outputs\fhn-sweep-T500-dt005-init05-observables\runs\random\p_1.0000e-3\K_0.00\seed_0003,OK
random,0.00,1.0000e-3,,4,20260607,-7366761366799382870,outputs\fhn-sweep-T500-dt005-init05-observables\runs\random\p_1.0000e-3\K_0.00\seed_0004,OK
random,0.00,1.0000e-3,,5,20260607,-7366761366799382869,outputs\fhn-sweep-T500-dt005-init05-observables\runs\random\p_1.0000e-3\K_0.00\seed_0005,OK
random,0.00,1.0000e-3,,6,20260607,-7366761366799382868,outputs\fhn-sweep-T500-dt005-init05-observables\runs\random\p_1.0000e-3\K_0.00\seed_0006,OK
random,0.00,1.0000e-3,,7,20260607,-7366761366799382867,outputs\fhn-sweep-T500-dt005-init05-observables\runs\random\p_1.0000e-3\K_0.00\seed_0007,OK
random,0.00,1.0000e-3,,8,20260607,-7366761366799382866,outputs\fhn-sweep-T500-dt005-init05-observables\runs\random\p_1.0000e-3\K_0.00\seed_0008,OK
random,0.00,1.0000e-3,,9,20260607,-7366761366799382865,outputs\fhn-sweep-T500-dt005-init05-observables\runs\random\p_1.0000e-3\K_0.00\seed_0009,OK
random,0.00,1.0000e-3,,10,20260607,-7366761366799382864,outputs\fhn-sweep-T500-dt005-init05-observables\runs\random\p_1.0000e-3\K_0.00\seed_0010,OK
random,0.00,1.0000e-3,,12,20260607,-7366761366799382862,outputs\fhn-sweep-T500-dt005-init05-observables\runs\random\p_1.0000e-3\K_0.00\seed_0012,OK
random,0.00,1.0000e-3,,11,20260607,-7366761366799382863,outputs\fhn-sweep-T500-dt005-init05-observables\runs\random\p_1.0000e-3\K_0.00\seed_0011,OK
random,0.00,1.0000e-3,,13,20260607,-7366761366799382861,outputs\fhn-sweep-T500-dt005-init05-observables\runs\random\p_1.0000e-3\K_0.00\seed_0013,OK
random,0.00,1.0000e-3,,14,20260607,-7366761366799382860,outputs\fhn-sweep-T500-dt005-init05-observables\runs\random\p_1.0000e-3\K_0.00\seed_0014,OK
random,0.00,1.0000e-3,,15,20260607,-7366761366799382859,outputs\fhn-sweep-T500-dt005-init05-observables\runs\random\p_1.0000e-3\K_0.00\seed_0015,OK
random,0.10,1.0000e-3,,1,20260607,6430466451612880589,outputs\fhn-sweep-T500-dt005-init05-observables\runs\random\p_1.0000e-3\K_0.10\seed_0001,OK
random,0.10,1.0000e-3,,2,20260607,6430466451612880590,outputs\fhn-sweep-T500-dt005-init05-observables\runs\random\p_1.0000e-3\K_0.10\seed_0002,OK
random,0.10,1.0000e-3,,3,20260607,6430466451612880591,outputs\fhn-sweep-T500-dt005-init05-observables\runs\random\p_1.0000e-3\K_0.10\seed_0003,OK
random,0.10,1.0000e-3,,4,20260607,6430466451612880592,outputs\fhn-sweep-T500-dt005-init05-observables\runs\random\p_1.0000e-3\K_0.10\seed_0004,OK
random,0.10,1.0000e-3,,5,20260607,6430466451612880593,outputs\fhn-sweep-T500-dt005-init05-observables\runs\random\p_1.0000e-3\K_0.10\seed_0005,OK
random,0.10,1.0000e-3,,6,20260607,6430466451612880594,outputs\fhn-sweep-T500-dt005-init05-observables\runs\random\p_1.0000e-3\K_0.10\seed_0006,OK
random,0.10,1.0000e-3,,7,20260607,6430466451612880595,outputs\fhn-sweep-T500-dt005-init05-observables\runs\random\p_1.0000e-3\K_0.10\seed_0007,OK
random,0.10,1.0000e-3,,8,20260607,6430466451612880596,outputs\fhn-sweep-T500-dt005-init05-observables\runs\random\p_1.0000e-3\K_0.10\seed_0008,OK
random,0.10,1.0000e-3,,9,20260607,6430466451612880597,outputs\fhn-sweep-T500-dt005-init05-observables\runs\random\p_1.0000e-3\K_0.10\seed_0009,OK
random,0.10,1.0000e-3,,11,20260607,6430466451612880599,outputs\fhn-sweep-T500-dt005-init05-observables\runs\random\p_1.0000e-3\K_0.10\seed_0011,OK
random,0.10,1.0000e-3,,10,20260607,6430466451612880598,outputs\fhn-sweep-T500-dt005-init05-observables\runs\random\p_1.0000e-3\K_0.10\seed_0010,OK
random,0.10,1.0000e-3,,12,20260607,6430466451612880600,outputs\fhn-sweep-T500-dt005-init05-observables\runs\random\p_1.0000e-3\K_0.10\seed_0012,OK
random,0.10,1.0000e-3,,13,20260607,6430466451612880601,outputs\fhn-sweep-T500-dt005-init05-observables\runs\random\p_1.0000e-3\K_0.10\seed_0013,OK
random,0.10,1.0000e-3,,14,20260607,6430466451612880602,outputs\fhn-sweep-T500-dt005-init05-observables\runs\random\p_1.0000e-3\K_0.10\seed_0014,OK
random,0.10,1.0000e-3,,15,20260607,6430466451612880603,outputs\fhn-sweep-T500-dt005-init05-observables\runs\random\p_1.0000e-3\K_0.10\seed_0015,OK
random,0.20,1.0000e-3,,1,20260607,-6976749639069086003,outputs\fhn-sweep-T500-dt005-init05-observables\runs\random\p_1.0000e-3\K_0.20\seed_0001,OK
random,0.20,1.0000e-3,,2,20260607,-6976749639069086002,outputs\fhn-sweep-T500-dt005-init05-observables\runs\random\p_1.0000e-3\K_0.20\seed_0002,OK
random,0.20,1.0000e-3,,4,20260607,-6976749639069086000,outputs\fhn-sweep-T500-dt005-init05-observables\runs\random\p_1.0000e-3\K_0.20\seed_0004,OK
random,0.20,1.0000e-3,,3,20260607,-6976749639069086001,outputs\fhn-sweep-T500-dt005-init05-observables\runs\random\p_1.0000e-3\K_0.20\seed_0003,OK
random,0.20,1.0000e-3,,6,20260607,-6976749639069085998,outputs\fhn-sweep-T500-dt005-init05-observables\runs\random\p_1.0000e-3\K_0.20\seed_0006,OK
random,0.20,1.0000e-3,,5,20260607,-6976749639069085999,outputs\fhn-sweep-T500-dt005-init05-observables\runs\random\p_1.0000e-3\K_0.20\seed_0005,OK
random,0.20,1.0000e-3,,7,20260607,-6976749639069085997,outputs\fhn-sweep-T500-dt005-init05-observables\runs\random\p_1.0000e-3\K_0.20\seed_0007,OK
random,0.20,1.0000e-3,,8,20260607,-6976749639069085996,outputs\fhn-sweep-T500-dt005-init05-observables\runs\random\p_1.0000e-3\K_0.20\seed_0008,OK
random,0.20,1.0000e-3,,9,20260607,-6976749639069085995,outputs\fhn-sweep-T500-dt005-init05-observables\runs\random\p_1.0000e-3\K_0.20\seed_0009,OK
random,0.20,1.0000e-3,,10,20260607,-6976749639069085994,outputs\fhn-sweep-T500-dt005-init05-observables\runs\random\p_1.0000e-3\K_0.20\seed_0010,OK
random,0.20,1.0000e-3,,11,20260607,-6976749639069085993,outputs\fhn-sweep-T500-dt005-init05-observables\runs\random\p_1.0000e-3\K_0.20\seed_0011,OK
random,0.20,1.0000e-3,,12,20260607,-6976749639069085992,outputs\fhn-sweep-T500-dt005-init05-observables\runs\random\p_1.0000e-3\K_0.20\seed_0012,OK
random,0.20,1.0000e-3,,13,20260607,-6976749639069085991,outputs\fhn-sweep-T500-dt005-init05-observables\runs\random\p_1.0000e-3\K_0.20\seed_0013,OK
random,0.20,1.0000e-3,,14,20260607,-6976749639069085990,outputs\fhn-sweep-T500-dt005-init05-observables\runs\random\p_1.0000e-3\K_0.20\seed_0014,OK
random,0.20,1.0000e-3,,15,20260607,-6976749639069085989,outputs\fhn-sweep-T500-dt005-init05-observables\runs\random\p_1.0000e-3\K_0.20\seed_0015,OK
random,0.30,1.0000e-3,,1,20260607,-263684034510642540,outputs\fhn-sweep-T500-dt005-init05-observables\runs\random\p_1.0000e-3\K_0.30\seed_0001,OK
random,0.30,1.0000e-3,,2,20260607,-263684034510642539,outputs\fhn-sweep-T500-dt005-init05-observables\runs\random\p_1.0000e-3\K_0.30\seed_0002,OK
random,0.30,1.0000e-3,,3,20260607,-263684034510642538,outputs\fhn-sweep-T500-dt005-init05-observables\runs\random\p_1.0000e-3\K_0.30\seed_0003,OK
random,0.30,1.0000e-3,,5,20260607,-263684034510642536,outputs\fhn-sweep-T500-dt005-init05-observables\runs\random\p_1.0000e-3\K_0.30\seed_0005,OK
random,0.30,1.0000e-3,,4,20260607,-263684034510642537,outputs\fhn-sweep-T500-dt005-init05-observables\runs\random\p_1.0000e-3\K_0.30\seed_0004,OK
random,0.30,1.0000e-3,,6,20260607,-263684034510642535,outputs\fhn-sweep-T500-dt005-init05-observables\runs\random\p_1.0000e-3\K_0.30\seed_0006,OK
random,0.30,1.0000e-3,,7,20260607,-263684034510642534,outputs\fhn-sweep-T500-dt005-init05-observables\runs\random\p_1.0000e-3\K_0.30\seed_0007,OK
random,0.30,1.0000e-3,,8,20260607,-263684034510642533,outputs\fhn-sweep-T500-dt005-init05-observables\runs\random\p_1.0000e-3\K_0.30\seed_0008,OK
random,0.30,1.0000e-3,,9,20260607,-263684034510642532,outputs\fhn-sweep-T500-dt005-init05-observables\runs\random\p_1.0000e-3\K_0.30\seed_0009,OK
random,0.30,1.0000e-3,,10,20260607,-263684034510642531,outputs\fhn-sweep-T500-dt005-init05-observables\runs\random\p_1.0000e-3\K_0.30\seed_0010,OK
random,0.30,1.0000e-3,,11,20260607,-263684034510642530,outputs\fhn-sweep-T500-dt005-init05-observables\runs\random\p_1.0000e-3\K_0.30\seed_0011,OK
random,0.30,1.0000e-3,,12,20260607,-263684034510642529,outputs\fhn-sweep-T500-dt005-init05-observables\runs\random\p_1.0000e-3\K_0.30\seed_0012,OK
random,0.30,1.0000e-3,,13,20260607,-263684034510642528,outputs\fhn-sweep-T500-dt005-init05-observables\runs\random\p_1.0000e-3\K_0.30\seed_0013,OK
random,0.30,1.0000e-3,,15,20260607,-263684034510642526,outputs\fhn-sweep-T500-dt005-init05-observables\runs\random\p_1.0000e-3\K_0.30\seed_0015,OK
random,0.30,1.0000e-3,,14,20260607,-263684034510642527,outputs\fhn-sweep-T500-dt005-init05-observables\runs\random\p_1.0000e-3\K_0.30\seed_0014,OK
random,0.40,1.0000e-3,,1,20260607,-1937221656041500979,outputs\fhn-sweep-T500-dt005-init05-observables\runs\random\p_1.0000e-3\K_0.40\seed_0001,OK
random,0.40,1.0000e-3,,2,20260607,-1937221656041500978,outputs\fhn-sweep-T500-dt005-init05-observables\runs\random\p_1.0000e-3\K_0.40\seed_0002,OK
random,0.40,1.0000e-3,,3,20260607,-1937221656041500977,outputs\fhn-sweep-T500-dt005-init05-observables\runs\random\p_1.0000e-3\K_0.40\seed_0003,OK
random,0.40,1.0000e-3,,4,20260607,-1937221656041500976,outputs\fhn-sweep-T500-dt005-init05-observables\runs\random\p_1.0000e-3\K_0.40\seed_0004,OK
random,0.40,1.0000e-3,,5,20260607,-1937221656041500975,outputs\fhn-sweep-T500-dt005-init05-observables\runs\random\p_1.0000e-3\K_0.40\seed_0005,OK
random,0.40,1.0000e-3,,6,20260607,-1937221656041500974,outputs\fhn-sweep-T500-dt005-init05-observables\runs\random\p_1.0000e-3\K_0.40\seed_0006,OK
random,0.40,1.0000e-3,,7,20260607,-1937221656041500973,outputs\fhn-sweep-T500-dt005-init05-observables\runs\random\p_1.0000e-3\K_0.40\seed_0007,OK
random,0.40,1.0000e-3,,8,20260607,-1937221656041500972,outputs\fhn-sweep-T500-dt005-init05-observables\runs\random\p_1.0000e-3\K_0.40\seed_0008,OK
random,0.40,1.0000e-3,,9,20260607,-1937221656041500971,outputs\fhn-sweep-T500-dt005-init05-observables\runs\random\p_1.0000e-3\K_0.40\seed_0009,OK
random,0.40,1.0000e-3,,10,20260607,-1937221656041500970,outputs\fhn-sweep-T500-dt005-init05-observables\runs\random\p_1.0000e-3\K_0.40\seed_0010,OK
random,0.40,1.0000e-3,,11,20260607,-1937221656041500969,outputs\fhn-sweep-T500-dt005-init05-observables\runs\random\p_1.0000e-3\K_0.40\seed_0011,OK
random,0.40,1.0000e-3,,12,20260607,-1937221656041500968,outputs\fhn-sweep-T500-dt005-init05-observables\runs\random\p_1.0000e-3\K_0.40\seed_0012,OK
random,0.40,1.0000e-3,,13,20260607,-1937221656041500967,outputs\fhn-sweep-T500-dt005-init05-observables\runs\random\p_1.0000e-3\K_0.40\seed_0013,OK
random,0.40,1.0000e-3,,14,20260607,-1937221656041500966,outputs\fhn-sweep-T500-dt005-init05-observables\runs\random\p_1.0000e-3\K_0.40\seed_0014,OK
random,0.40,1.0000e-3,,15,20260607,-1937221656041500965,outputs\fhn-sweep-T500-dt005-init05-observables\runs\random\p_1.0000e-3\K_0.40\seed_0015,OK
random,0.50,1.0000e-3,,1,20260607,-3610759277572389209,outputs\fhn-sweep-T500-dt005-init05-observables\runs\random\p_1.0000e-3\K_0.50\seed_0001,OK
random,0.50,1.0000e-3,,2,20260607,-3610759277572389208,outputs\fhn-sweep-T500-dt005-init05-observables\runs\random\p_1.0000e-3\K_0.50\seed_0002,OK
random,0.50,1.0000e-3,,3,20260607,-3610759277572389207,outputs\fhn-sweep-T500-dt005-init05-observables\runs\random\p_1.0000e-3\K_0.50\seed_0003,OK
random,0.50,1.0000e-3,,4,20260607,-3610759277572389206,outputs\fhn-sweep-T500-dt005-init05-observables\runs\random\p_1.0000e-3\K_0.50\seed_0004,OK
random,0.50,1.0000e-3,,5,20260607,-3610759277572389205,outputs\fhn-sweep-T500-dt005-init05-observables\runs\random\p_1.0000e-3\K_0.50\seed_0005,OK
random,0.50,1.0000e-3,,6,20260607,-3610759277572389204,outputs\fhn-sweep-T500-dt005-init05-observables\runs\random\p_1.0000e-3\K_0.50\seed_0006,OK
random,0.50,1.0000e-3,,7,20260607,-3610759277572389203,outputs\fhn-sweep-T500-dt005-init05-observables\runs\random\p_1.0000e-3\K_0.50\seed_0007,OK
random,0.50,1.0000e-3,,8,20260607,-3610759277572389202,outputs\fhn-sweep-T500-dt005-init05-observables\runs\random\p_1.0000e-3\K_0.50\seed_0008,OK
random,0.50,1.0000e-3,,9,20260607,-3610759277572389201,outputs\fhn-sweep-T500-dt005-init05-observables\runs\random\p_1.0000e-3\K_0.50\seed_0009,OK
random,0.50,1.0000e-3,,10,20260607,-3610759277572389200,outputs\fhn-sweep-T500-dt005-init05-observables\runs\random\p_1.0000e-3\K_0.50\seed_0010,OK
random,0.50,1.0000e-3,,11,20260607,-3610759277572389199,outputs\fhn-sweep-T500-dt005-init05-observables\runs\random\p_1.0000e-3\K_0.50\seed_0011,OK
random,0.50,1.0000e-3,,12,20260607,-3610759277572389198,outputs\fhn-sweep-T500-dt005-init05-observables\runs\random\p_1.0000e-3\K_0.50\seed_0012,OK
random,0.50,1.0000e-3,,13,20260607,-3610759277572389197,outputs\fhn-sweep-T500-dt005-init05-observables\runs\random\p_1.0000e-3\K_0.50\seed_0013,OK
random,0.50,1.0000e-3,,14,20260607,-3610759277572389196,outputs\fhn-sweep-T500-dt005-init05-observables\runs\random\p_1.0000e-3\K_0.50\seed_0014,OK
random,0.50,1.0000e-3,,15,20260607,-3610759277572389195,outputs\fhn-sweep-T500-dt005-init05-observables\runs\random\p_1.0000e-3\K_0.50\seed_0015,OK
random,0.60,1.0000e-3,,1,20260607,4775843948516942484,outputs\fhn-sweep-T500-dt005-init05-observables\runs\random\p_1.0000e-3\K_0.60\seed_0001,OK
random,0.60,1.0000e-3,,2,20260607,4775843948516942485,outputs\fhn-sweep-T500-dt005-init05-observables\runs\random\p_1.0000e-3\K_0.60\seed_0002,OK
random,0.60,1.0000e-3,,3,20260607,4775843948516942486,outputs\fhn-sweep-T500-dt005-init05-observables\runs\random\p_1.0000e-3\K_0.60\seed_0003,OK
random,0.60,1.0000e-3,,5,20260607,4775843948516942488,outputs\fhn-sweep-T500-dt005-init05-observables\runs\random\p_1.0000e-3\K_0.60\seed_0005,OK
random,0.60,1.0000e-3,,4,20260607,4775843948516942487,outputs\fhn-sweep-T500-dt005-init05-observables\runs\random\p_1.0000e-3\K_0.60\seed_0004,OK
random,0.60,1.0000e-3,,6,20260607,4775843948516942489,outputs\fhn-sweep-T500-dt005-init05-observables\runs\random\p_1.0000e-3\K_0.60\seed_0006,OK
random,0.60,1.0000e-3,,7,20260607,4775843948516942490,outputs\fhn-sweep-T500-dt005-init05-observables\runs\random\p_1.0000e-3\K_0.60\seed_0007,OK
random,0.60,1.0000e-3,,8,20260607,4775843948516942491,outputs\fhn-sweep-T500-dt005-init05-observables\runs\random\p_1.0000e-3\K_0.60\seed_0008,OK
random,0.60,1.0000e-3,,9,20260607,4775843948516942492,outputs\fhn-sweep-T500-dt005-init05-observables\runs\random\p_1.0000e-3\K_0.60\seed_0009,OK
random,0.60,1.0000e-3,,10,20260607,4775843948516942493,outputs\fhn-sweep-T500-dt005-init05-observables\runs\random\p_1.0000e-3\K_0.60\seed_0010,OK
random,0.60,1.0000e-3,,11,20260607,4775843948516942494,outputs\fhn-sweep-T500-dt005-init05-observables\runs\random\p_1.0000e-3\K_0.60\seed_0011,OK
random,0.60,1.0000e-3,,12,20260607,4775843948516942495,outputs\fhn-sweep-T500-dt005-init05-observables\runs\random\p_1.0000e-3\K_0.60\seed_0012,OK
random,0.60,1.0000e-3,,13,20260607,4775843948516942496,outputs\fhn-sweep-T500-dt005-init05-observables\runs\random\p_1.0000e-3\K_0.60\seed_0013,OK
random,0.60,1.0000e-3,,14,20260607,4775843948516942497,outputs\fhn-sweep-T500-dt005-init05-observables\runs\random\p_1.0000e-3\K_0.60\seed_0014,OK
random,0.60,1.0000e-3,,15,20260607,4775843948516942498,outputs\fhn-sweep-T500-dt005-init05-observables\runs\random\p_1.0000e-3\K_0.60\seed_0015,OK
random,0.70,1.0000e-3,,1,20260607,-5284296899103277439,outputs\fhn-sweep-T500-dt005-init05-observables\runs\random\p_1.0000e-3\K_0.70\seed_0001,OK
random,0.70,1.0000e-3,,2,20260607,-5284296899103277438,outputs\fhn-sweep-T500-dt005-init05-observables\runs\random\p_1.0000e-3\K_0.70\seed_0002,OK
random,0.70,1.0000e-3,,3,20260607,-5284296899103277437,outputs\fhn-sweep-T500-dt005-init05-observables\runs\random\p_1.0000e-3\K_0.70\seed_0003,OK
random,0.70,1.0000e-3,,4,20260607,-5284296899103277436,outputs\fhn-sweep-T500-dt005-init05-observables\runs\random\p_1.0000e-3\K_0.70\seed_0004,OK
random,0.70,1.0000e-3,,5,20260607,-5284296899103277435,outputs\fhn-sweep-T500-dt005-init05-observables\runs\random\p_1.0000e-3\K_0.70\seed_0005,OK
random,0.70,1.0000e-3,,6,20260607,-5284296899103277434,outputs\fhn-sweep-T500-dt005-init05-observables\runs\random\p_1.0000e-3\K_0.70\seed_0006,OK
random,0.70,1.0000e-3,,7,20260607,-5284296899103277433,outputs\fhn-sweep-T500-dt005-init05-observables\runs\random\p_1.0000e-3\K_0.70\seed_0007,OK
random,0.70,1.0000e-3,,8,20260607,-5284296899103277432,outputs\fhn-sweep-T500-dt005-init05-observables\runs\random\p_1.0000e-3\K_0.70\seed_0008,OK
random,0.70,1.0000e-3,,9,20260607,-5284296899103277431,outputs\fhn-sweep-T500-dt005-init05-observables\runs\random\p_1.0000e-3\K_0.70\seed_0009,OK
random,0.70,1.0000e-3,,10,20260607,-5284296899103277430,outputs\fhn-sweep-T500-dt005-init05-observables\runs\random\p_1.0000e-3\K_0.70\seed_0010,OK
random,0.70,1.0000e-3,,11,20260607,-5284296899103277429,outputs\fhn-sweep-T500-dt005-init05-observables\runs\random\p_1.0000e-3\K_0.70\seed_0011,OK
random,0.70,1.0000e-3,,12,20260607,-5284296899103277428,outputs\fhn-sweep-T500-dt005-init05-observables\runs\random\p_1.0000e-3\K_0.70\seed_0012,OK
random,0.70,1.0000e-3,,13,20260607,-5284296899103277427,outputs\fhn-sweep-T500-dt005-init05-observables\runs\random\p_1.0000e-3\K_0.70\seed_0013,OK
random,0.70,1.0000e-3,,14,20260607,-5284296899103277426,outputs\fhn-sweep-T500-dt005-init05-observables\runs\random\p_1.0000e-3\K_0.70\seed_0014,OK
random,0.70,1.0000e-3,,15,20260607,-5284296899103277425,outputs\fhn-sweep-T500-dt005-init05-observables\runs\random\p_1.0000e-3\K_0.70\seed_0015,OK
random,0.80,1.0000e-3,,1,20260607,3102306326986084045,outputs\fhn-sweep-T500-dt005-init05-observables\runs\random\p_1.0000e-3\K_0.80\seed_0001,OK
random,0.80,1.0000e-3,,2,20260607,3102306326986084046,outputs\fhn-sweep-T500-dt005-init05-observables\runs\random\p_1.0000e-3\K_0.80\seed_0002,OK
random,0.80,1.0000e-3,,3,20260607,3102306326986084047,outputs\fhn-sweep-T500-dt005-init05-observables\runs\random\p_1.0000e-3\K_0.80\seed_0003,OK
random,0.80,1.0000e-3,,4,20260607,3102306326986084048,outputs\fhn-sweep-T500-dt005-init05-observables\runs\random\p_1.0000e-3\K_0.80\seed_0004,OK
random,0.80,1.0000e-3,,6,20260607,3102306326986084050,outputs\fhn-sweep-T500-dt005-init05-observables\runs\random\p_1.0000e-3\K_0.80\seed_0006,OK
random,0.80,1.0000e-3,,5,20260607,3102306326986084049,outputs\fhn-sweep-T500-dt005-init05-observables\runs\random\p_1.0000e-3\K_0.80\seed_0005,OK
random,0.80,1.0000e-3,,7,20260607,3102306326986084051,outputs\fhn-sweep-T500-dt005-init05-observables\runs\random\p_1.0000e-3\K_0.80\seed_0007,OK
random,0.80,1.0000e-3,,8,20260607,3102306326986084052,outputs\fhn-sweep-T500-dt005-init05-observables\runs\random\p_1.0000e-3\K_0.80\seed_0008,OK
random,0.80,1.0000e-3,,9,20260607,3102306326986084053,outputs\fhn-sweep-T500-dt005-init05-observables\runs\random\p_1.0000e-3\K_0.80\seed_0009,OK
random,0.80,1.0000e-3,,11,20260607,3102306326986084055,outputs\fhn-sweep-T500-dt005-init05-observables\runs\random\p_1.0000e-3\K_0.80\seed_0011,OK
random,0.80,1.0000e-3,,10,20260607,3102306326986084054,outputs\fhn-sweep-T500-dt005-init05-observables\runs\random\p_1.0000e-3\K_0.80\seed_0010,OK
random,0.80,1.0000e-3,,12,20260607,3102306326986084056,outputs\fhn-sweep-T500-dt005-init05-observables\runs\random\p_1.0000e-3\K_0.80\seed_0012,OK
random,0.80,1.0000e-3,,13,20260607,3102306326986084057,outputs\fhn-sweep-T500-dt005-init05-observables\runs\random\p_1.0000e-3\K_0.80\seed_0013,OK
random,0.80,1.0000e-3,,14,20260607,3102306326986084058,outputs\fhn-sweep-T500-dt005-init05-observables\runs\random\p_1.0000e-3\K_0.80\seed_0014,OK
random,0.80,1.0000e-3,,15,20260607,3102306326986084059,outputs\fhn-sweep-T500-dt005-init05-observables\runs\random\p_1.0000e-3\K_0.80\seed_0015,OK
random,0.90,1.0000e-3,,1,20260607,-6957834520634135878,outputs\fhn-sweep-T500-dt005-init05-observables\runs\random\p_1.0000e-3\K_0.90\seed_0001,OK
random,0.90,1.0000e-3,,2,20260607,-6957834520634135877,outputs\fhn-sweep-T500-dt005-init05-observables\runs\random\p_1.0000e-3\K_0.90\seed_0002,OK
random,0.90,1.0000e-3,,3,20260607,-6957834520634135876,outputs\fhn-sweep-T500-dt005-init05-observables\runs\random\p_1.0000e-3\K_0.90\seed_0003,OK
random,0.90,1.0000e-3,,4,20260607,-6957834520634135875,outputs\fhn-sweep-T500-dt005-init05-observables\runs\random\p_1.0000e-3\K_0.90\seed_0004,OK
random,0.90,1.0000e-3,,6,20260607,-6957834520634135873,outputs\fhn-sweep-T500-dt005-init05-observables\runs\random\p_1.0000e-3\K_0.90\seed_0006,OK
random,0.90,1.0000e-3,,5,20260607,-6957834520634135874,outputs\fhn-sweep-T500-dt005-init05-observables\runs\random\p_1.0000e-3\K_0.90\seed_0005,OK
random,0.90,1.0000e-3,,7,20260607,-6957834520634135872,outputs\fhn-sweep-T500-dt005-init05-observables\runs\random\p_1.0000e-3\K_0.90\seed_0007,OK
random,0.90,1.0000e-3,,8,20260607,-6957834520634135871,outputs\fhn-sweep-T500-dt005-init05-observables\runs\random\p_1.0000e-3\K_0.90\seed_0008,OK
random,0.90,1.0000e-3,,10,20260607,-6957834520634135869,outputs\fhn-sweep-T500-dt005-init05-observables\runs\random\p_1.0000e-3\K_0.90\seed_0010,OK
random,0.90,1.0000e-3,,11,20260607,-6957834520634135868,outputs\fhn-sweep-T500-dt005-init05-observables\runs\random\p_1.0000e-3\K_0.90\seed_0011,OK
random,0.90,1.0000e-3,,9,20260607,-6957834520634135870,outputs\fhn-sweep-T500-dt005-init05-observables\runs\random\p_1.0000e-3\K_0.90\seed_0009,OK
random,0.90,1.0000e-3,,12,20260607,-6957834520634135867,outputs\fhn-sweep-T500-dt005-init05-observables\runs\random\p_1.0000e-3\K_0.90\seed_0012,OK
random,0.90,1.0000e-3,,13,20260607,-6957834520634135866,outputs\fhn-sweep-T500-dt005-init05-observables\runs\random\p_1.0000e-3\K_0.90\seed_0013,OK
random,0.90,1.0000e-3,,15,20260607,-6957834520634135864,outputs\fhn-sweep-T500-dt005-init05-observables\runs\random\p_1.0000e-3\K_0.90\seed_0015,OK
random,0.90,1.0000e-3,,14,20260607,-6957834520634135865,outputs\fhn-sweep-T500-dt005-init05-observables\runs\random\p_1.0000e-3\K_0.90\seed_0014,OK
random,1.00,1.0000e-3,,1,20260607,1428768705455195815,outputs\fhn-sweep-T500-dt005-init05-observables\runs\random\p_1.0000e-3\K_1.00\seed_0001,OK
random,1.00,1.0000e-3,,2,20260607,1428768705455195816,outputs\fhn-sweep-T500-dt005-init05-observables\runs\random\p_1.0000e-3\K_1.00\seed_0002,OK
random,1.00,1.0000e-3,,3,20260607,1428768705455195817,outputs\fhn-sweep-T500-dt005-init05-observables\runs\random\p_1.0000e-3\K_1.00\seed_0003,OK
random,1.00,1.0000e-3,,4,20260607,1428768705455195818,outputs\fhn-sweep-T500-dt005-init05-observables\runs\random\p_1.0000e-3\K_1.00\seed_0004,OK
random,1.00,1.0000e-3,,5,20260607,1428768705455195819,outputs\fhn-sweep-T500-dt005-init05-observables\runs\random\p_1.0000e-3\K_1.00\seed_0005,OK
random,1.00,1.0000e-3,,6,20260607,1428768705455195820,outputs\fhn-sweep-T500-dt005-init05-observables\runs\random\p_1.0000e-3\K_1.00\seed_0006,OK
random,1.00,1.0000e-3,,7,20260607,1428768705455195821,outputs\fhn-sweep-T500-dt005-init05-observables\runs\random\p_1.0000e-3\K_1.00\seed_0007,OK
random,1.00,1.0000e-3,,8,20260607,1428768705455195822,outputs\fhn-sweep-T500-dt005-init05-observables\runs\random\p_1.0000e-3\K_1.00\seed_0008,OK
random,1.00,1.0000e-3,,10,20260607,1428768705455195824,outputs\fhn-sweep-T500-dt005-init05-observables\runs\random\p_1.0000e-3\K_1.00\seed_0010,OK
random,1.00,1.0000e-3,,9,20260607,1428768705455195823,outputs\fhn-sweep-T500-dt005-init05-observables\runs\random\p_1.0000e-3\K_1.00\seed_0009,OK
random,1.00,1.0000e-3,,11,20260607,1428768705455195825,outputs\fhn-sweep-T500-dt005-init05-observables\runs\random\p_1.0000e-3\K_1.00\seed_0011,OK
random,1.00,1.0000e-3,,12,20260607,1428768705455195826,outputs\fhn-sweep-T500-dt005-init05-observables\runs\random\p_1.0000e-3\K_1.00\seed_0012,OK
random,1.00,1.0000e-3,,13,20260607,1428768705455195827,outputs\fhn-sweep-T500-dt005-init05-observables\runs\random\p_1.0000e-3\K_1.00\seed_0013,OK
random,1.00,1.0000e-3,,14,20260607,1428768705455195828,outputs\fhn-sweep-T500-dt005-init05-observables\runs\random\p_1.0000e-3\K_1.00\seed_0014,OK
random,1.00,1.0000e-3,,15,20260607,1428768705455195829,outputs\fhn-sweep-T500-dt005-init05-observables\runs\random\p_1.0000e-3\K_1.00\seed_0015,OK
random,0.00,2.1544e-3,,1,20260607,-2696587958371451078,outputs\fhn-sweep-T500-dt005-init05-observables\runs\random\p_2.1544e-3\K_0.00\seed_0001,OK
random,0.00,2.1544e-3,,4,20260607,-2696587958371451075,outputs\fhn-sweep-T500-dt005-init05-observables\runs\random\p_2.1544e-3\K_0.00\seed_0004,OK
random,0.00,2.1544e-3,,2,20260607,-2696587958371451077,outputs\fhn-sweep-T500-dt005-init05-observables\runs\random\p_2.1544e-3\K_0.00\seed_0002,OK
random,0.00,2.1544e-3,,3,20260607,-2696587958371451076,outputs\fhn-sweep-T500-dt005-init05-observables\runs\random\p_2.1544e-3\K_0.00\seed_0003,OK
random,0.00,2.1544e-3,,5,20260607,-2696587958371451074,outputs\fhn-sweep-T500-dt005-init05-observables\runs\random\p_2.1544e-3\K_0.00\seed_0005,OK
random,0.00,2.1544e-3,,6,20260607,-2696587958371451073,outputs\fhn-sweep-T500-dt005-init05-observables\runs\random\p_2.1544e-3\K_0.00\seed_0006,OK
random,0.00,2.1544e-3,,8,20260607,-2696587958371451071,outputs\fhn-sweep-T500-dt005-init05-observables\runs\random\p_2.1544e-3\K_0.00\seed_0008,OK
random,0.00,2.1544e-3,,7,20260607,-2696587958371451072,outputs\fhn-sweep-T500-dt005-init05-observables\runs\random\p_2.1544e-3\K_0.00\seed_0007,OK
random,0.00,2.1544e-3,,9,20260607,-2696587958371451070,outputs\fhn-sweep-T500-dt005-init05-observables\runs\random\p_2.1544e-3\K_0.00\seed_0009,OK
random,0.00,2.1544e-3,,10,20260607,-2696587958371451069,outputs\fhn-sweep-T500-dt005-init05-observables\runs\random\p_2.1544e-3\K_0.00\seed_0010,OK
random,0.00,2.1544e-3,,11,20260607,-2696587958371451068,outputs\fhn-sweep-T500-dt005-init05-observables\runs\random\p_2.1544e-3\K_0.00\seed_0011,OK
random,0.00,2.1544e-3,,12,20260607,-2696587958371451067,outputs\fhn-sweep-T500-dt005-init05-observables\runs\random\p_2.1544e-3\K_0.00\seed_0012,OK
random,0.00,2.1544e-3,,13,20260607,-2696587958371451066,outputs\fhn-sweep-T500-dt005-init05-observables\runs\random\p_2.1544e-3\K_0.00\seed_0013,OK
random,0.00,2.1544e-3,,14,20260607,-2696587958371451065,outputs\fhn-sweep-T500-dt005-init05-observables\runs\random\p_2.1544e-3\K_0.00\seed_0014,OK
random,0.00,2.1544e-3,,15,20260607,-2696587958371451064,outputs\fhn-sweep-T500-dt005-init05-observables\runs\random\p_2.1544e-3\K_0.00\seed_0015,OK
random,0.10,2.1544e-3,,1,20260607,-7346104213668739232,outputs\fhn-sweep-T500-dt005-init05-observables\runs\random\p_2.1544e-3\K_0.10\seed_0001,OK
random,0.10,2.1544e-3,,2,20260607,-7346104213668739231,outputs\fhn-sweep-T500-dt005-init05-observables\runs\random\p_2.1544e-3\K_0.10\seed_0002,OK
random,0.10,2.1544e-3,,3,20260607,-7346104213668739230,outputs\fhn-sweep-T500-dt005-init05-observables\runs\random\p_2.1544e-3\K_0.10\seed_0003,OK
random,0.10,2.1544e-3,,4,20260607,-7346104213668739229,outputs\fhn-sweep-T500-dt005-init05-observables\runs\random\p_2.1544e-3\K_0.10\seed_0004,OK
random,0.10,2.1544e-3,,5,20260607,-7346104213668739228,outputs\fhn-sweep-T500-dt005-init05-observables\runs\random\p_2.1544e-3\K_0.10\seed_0005,OK
random,0.10,2.1544e-3,,6,20260607,-7346104213668739227,outputs\fhn-sweep-T500-dt005-init05-observables\runs\random\p_2.1544e-3\K_0.10\seed_0006,OK
random,0.10,2.1544e-3,,8,20260607,-7346104213668739225,outputs\fhn-sweep-T500-dt005-init05-observables\runs\random\p_2.1544e-3\K_0.10\seed_0008,OK
random,0.10,2.1544e-3,,7,20260607,-7346104213668739226,outputs\fhn-sweep-T500-dt005-init05-observables\runs\random\p_2.1544e-3\K_0.10\seed_0007,OK
random,0.10,2.1544e-3,,9,20260607,-7346104213668739224,outputs\fhn-sweep-T500-dt005-init05-observables\runs\random\p_2.1544e-3\K_0.10\seed_0009,OK
random,0.10,2.1544e-3,,10,20260607,-7346104213668739223,outputs\fhn-sweep-T500-dt005-init05-observables\runs\random\p_2.1544e-3\K_0.10\seed_0010,OK
random,0.10,2.1544e-3,,11,20260607,-7346104213668739222,outputs\fhn-sweep-T500-dt005-init05-observables\runs\random\p_2.1544e-3\K_0.10\seed_0011,OK
random,0.10,2.1544e-3,,12,20260607,-7346104213668739221,outputs\fhn-sweep-T500-dt005-init05-observables\runs\random\p_2.1544e-3\K_0.10\seed_0012,OK
random,0.10,2.1544e-3,,14,20260607,-7346104213668739219,outputs\fhn-sweep-T500-dt005-init05-observables\runs\random\p_2.1544e-3\K_0.10\seed_0014,OK
random,0.10,2.1544e-3,,13,20260607,-7346104213668739220,outputs\fhn-sweep-T500-dt005-init05-observables\runs\random\p_2.1544e-3\K_0.10\seed_0013,OK
random,0.10,2.1544e-3,,15,20260607,-7346104213668739218,outputs\fhn-sweep-T500-dt005-init05-observables\runs\random\p_2.1544e-3\K_0.10\seed_0015,OK
random,0.20,2.1544e-3,,1,20260607,-2306576230641154208,outputs\fhn-sweep-T500-dt005-init05-observables\runs\random\p_2.1544e-3\K_0.20\seed_0001,OK
random,0.20,2.1544e-3,,2,20260607,-2306576230641154207,outputs\fhn-sweep-T500-dt005-init05-observables\runs\random\p_2.1544e-3\K_0.20\seed_0002,OK
random,0.20,2.1544e-3,,3,20260607,-2306576230641154206,outputs\fhn-sweep-T500-dt005-init05-observables\runs\random\p_2.1544e-3\K_0.20\seed_0003,OK
random,0.20,2.1544e-3,,4,20260607,-2306576230641154205,outputs\fhn-sweep-T500-dt005-init05-observables\runs\random\p_2.1544e-3\K_0.20\seed_0004,OK
random,0.20,2.1544e-3,,5,20260607,-2306576230641154204,outputs\fhn-sweep-T500-dt005-init05-observables\runs\random\p_2.1544e-3\K_0.20\seed_0005,OK
random,0.20,2.1544e-3,,6,20260607,-2306576230641154203,outputs\fhn-sweep-T500-dt005-init05-observables\runs\random\p_2.1544e-3\K_0.20\seed_0006,OK
random,0.20,2.1544e-3,,8,20260607,-2306576230641154201,outputs\fhn-sweep-T500-dt005-init05-observables\runs\random\p_2.1544e-3\K_0.20\seed_0008,OK
random,0.20,2.1544e-3,,7,20260607,-2306576230641154202,outputs\fhn-sweep-T500-dt005-init05-observables\runs\random\p_2.1544e-3\K_0.20\seed_0007,OK
random,0.20,2.1544e-3,,9,20260607,-2306576230641154200,outputs\fhn-sweep-T500-dt005-init05-observables\runs\random\p_2.1544e-3\K_0.20\seed_0009,OK
random,0.20,2.1544e-3,,10,20260607,-2306576230641154199,outputs\fhn-sweep-T500-dt005-init05-observables\runs\random\p_2.1544e-3\K_0.20\seed_0010,OK
random,0.20,2.1544e-3,,11,20260607,-2306576230641154198,outputs\fhn-sweep-T500-dt005-init05-observables\runs\random\p_2.1544e-3\K_0.20\seed_0011,OK
random,0.20,2.1544e-3,,12,20260607,-2306576230641154197,outputs\fhn-sweep-T500-dt005-init05-observables\runs\random\p_2.1544e-3\K_0.20\seed_0012,OK
random,0.20,2.1544e-3,,13,20260607,-2306576230641154196,outputs\fhn-sweep-T500-dt005-init05-observables\runs\random\p_2.1544e-3\K_0.20\seed_0013,OK
random,0.20,2.1544e-3,,14,20260607,-2306576230641154195,outputs\fhn-sweep-T500-dt005-init05-observables\runs\random\p_2.1544e-3\K_0.20\seed_0014,OK
random,0.20,2.1544e-3,,15,20260607,-2306576230641154194,outputs\fhn-sweep-T500-dt005-init05-observables\runs\random\p_2.1544e-3\K_0.20\seed_0015,OK
random,0.30,2.1544e-3,,1,20260607,4406489373917289255,outputs\fhn-sweep-T500-dt005-init05-observables\runs\random\p_2.1544e-3\K_0.30\seed_0001,OK
random,0.30,2.1544e-3,,3,20260607,4406489373917289257,outputs\fhn-sweep-T500-dt005-init05-observables\runs\random\p_2.1544e-3\K_0.30\seed_0003,OK
random,0.30,2.1544e-3,,2,20260607,4406489373917289256,outputs\fhn-sweep-T500-dt005-init05-observables\runs\random\p_2.1544e-3\K_0.30\seed_0002,OK
random,0.30,2.1544e-3,,4,20260607,4406489373917289258,outputs\fhn-sweep-T500-dt005-init05-observables\runs\random\p_2.1544e-3\K_0.30\seed_0004,OK
random,0.30,2.1544e-3,,5,20260607,4406489373917289259,outputs\fhn-sweep-T500-dt005-init05-observables\runs\random\p_2.1544e-3\K_0.30\seed_0005,OK
random,0.30,2.1544e-3,,6,20260607,4406489373917289260,outputs\fhn-sweep-T500-dt005-init05-observables\runs\random\p_2.1544e-3\K_0.30\seed_0006,OK
random,0.30,2.1544e-3,,7,20260607,4406489373917289261,outputs\fhn-sweep-T500-dt005-init05-observables\runs\random\p_2.1544e-3\K_0.30\seed_0007,OK
random,0.30,2.1544e-3,,8,20260607,4406489373917289262,outputs\fhn-sweep-T500-dt005-init05-observables\runs\random\p_2.1544e-3\K_0.30\seed_0008,OK
random,0.30,2.1544e-3,,9,20260607,4406489373917289263,outputs\fhn-sweep-T500-dt005-init05-observables\runs\random\p_2.1544e-3\K_0.30\seed_0009,OK
random,0.30,2.1544e-3,,10,20260607,4406489373917289264,outputs\fhn-sweep-T500-dt005-init05-observables\runs\random\p_2.1544e-3\K_0.30\seed_0010,OK
random,0.30,2.1544e-3,,11,20260607,4406489373917289265,outputs\fhn-sweep-T500-dt005-init05-observables\runs\random\p_2.1544e-3\K_0.30\seed_0011,OK
random,0.30,2.1544e-3,,14,20260607,4406489373917289268,outputs\fhn-sweep-T500-dt005-init05-observables\runs\random\p_2.1544e-3\K_0.30\seed_0014,OK
random,0.30,2.1544e-3,,12,20260607,4406489373917289266,outputs\fhn-sweep-T500-dt005-init05-observables\runs\random\p_2.1544e-3\K_0.30\seed_0012,OK
random,0.30,2.1544e-3,,13,20260607,4406489373917289267,outputs\fhn-sweep-T500-dt005-init05-observables\runs\random\p_2.1544e-3\K_0.30\seed_0013,OK
random,0.30,2.1544e-3,,15,20260607,4406489373917289269,outputs\fhn-sweep-T500-dt005-init05-observables\runs\random\p_2.1544e-3\K_0.30\seed_0015,OK
random,0.40,2.1544e-3,,1,20260607,2732951752386430816,outputs\fhn-sweep-T500-dt005-init05-observables\runs\random\p_2.1544e-3\K_0.40\seed_0001,OK
random,0.40,2.1544e-3,,2,20260607,2732951752386430817,outputs\fhn-sweep-T500-dt005-init05-observables\runs\random\p_2.1544e-3\K_0.40\seed_0002,OK
random,0.40,2.1544e-3,,4,20260607,2732951752386430819,outputs\fhn-sweep-T500-dt005-init05-observables\runs\random\p_2.1544e-3\K_0.40\seed_0004,OK
random,0.40,2.1544e-3,,3,20260607,2732951752386430818,outputs\fhn-sweep-T500-dt005-init05-observables\runs\random\p_2.1544e-3\K_0.40\seed_0003,OK
random,0.40,2.1544e-3,,5,20260607,2732951752386430820,outputs\fhn-sweep-T500-dt005-init05-observables\runs\random\p_2.1544e-3\K_0.40\seed_0005,OK
random,0.40,2.1544e-3,,6,20260607,2732951752386430821,outputs\fhn-sweep-T500-dt005-init05-observables\runs\random\p_2.1544e-3\K_0.40\seed_0006,OK
random,0.40,2.1544e-3,,7,20260607,2732951752386430822,outputs\fhn-sweep-T500-dt005-init05-observables\runs\random\p_2.1544e-3\K_0.40\seed_0007,OK
random,0.40,2.1544e-3,,8,20260607,2732951752386430823,outputs\fhn-sweep-T500-dt005-init05-observables\runs\random\p_2.1544e-3\K_0.40\seed_0008,OK
random,0.40,2.1544e-3,,9,20260607,2732951752386430824,outputs\fhn-sweep-T500-dt005-init05-observables\runs\random\p_2.1544e-3\K_0.40\seed_0009,OK
random,0.40,2.1544e-3,,10,20260607,2732951752386430825,outputs\fhn-sweep-T500-dt005-init05-observables\runs\random\p_2.1544e-3\K_0.40\seed_0010,OK
random,0.40,2.1544e-3,,11,20260607,2732951752386430826,outputs\fhn-sweep-T500-dt005-init05-observables\runs\random\p_2.1544e-3\K_0.40\seed_0011,OK
random,0.40,2.1544e-3,,12,20260607,2732951752386430827,outputs\fhn-sweep-T500-dt005-init05-observables\runs\random\p_2.1544e-3\K_0.40\seed_0012,OK
random,0.40,2.1544e-3,,14,20260607,2732951752386430829,outputs\fhn-sweep-T500-dt005-init05-observables\runs\random\p_2.1544e-3\K_0.40\seed_0014,OK
random,0.40,2.1544e-3,,13,20260607,2732951752386430828,outputs\fhn-sweep-T500-dt005-init05-observables\runs\random\p_2.1544e-3\K_0.40\seed_0013,OK
random,0.40,2.1544e-3,,15,20260607,2732951752386430830,outputs\fhn-sweep-T500-dt005-init05-observables\runs\random\p_2.1544e-3\K_0.40\seed_0015,OK
random,0.50,2.1544e-3,,1,20260607,1059414130855542586,outputs\fhn-sweep-T500-dt005-init05-observables\runs\random\p_2.1544e-3\K_0.50\seed_0001,OK
random,0.50,2.1544e-3,,4,20260607,1059414130855542589,outputs\fhn-sweep-T500-dt005-init05-observables\runs\random\p_2.1544e-3\K_0.50\seed_0004,OK
random,0.50,2.1544e-3,,2,20260607,1059414130855542587,outputs\fhn-sweep-T500-dt005-init05-observables\runs\random\p_2.1544e-3\K_0.50\seed_0002,OK
random,0.50,2.1544e-3,,3,20260607,1059414130855542588,outputs\fhn-sweep-T500-dt005-init05-observables\runs\random\p_2.1544e-3\K_0.50\seed_0003,OK
random,0.50,2.1544e-3,,5,20260607,1059414130855542590,outputs\fhn-sweep-T500-dt005-init05-observables\runs\random\p_2.1544e-3\K_0.50\seed_0005,OK
random,0.50,2.1544e-3,,6,20260607,1059414130855542591,outputs\fhn-sweep-T500-dt005-init05-observables\runs\random\p_2.1544e-3\K_0.50\seed_0006,OK
random,0.50,2.1544e-3,,8,20260607,1059414130855542593,outputs\fhn-sweep-T500-dt005-init05-observables\runs\random\p_2.1544e-3\K_0.50\seed_0008,OK
random,0.50,2.1544e-3,,7,20260607,1059414130855542592,outputs\fhn-sweep-T500-dt005-init05-observables\runs\random\p_2.1544e-3\K_0.50\seed_0007,OK
random,0.50,2.1544e-3,,9,20260607,1059414130855542594,outputs\fhn-sweep-T500-dt005-init05-observables\runs\random\p_2.1544e-3\K_0.50\seed_0009,OK
random,0.50,2.1544e-3,,10,20260607,1059414130855542595,outputs\fhn-sweep-T500-dt005-init05-observables\runs\random\p_2.1544e-3\K_0.50\seed_0010,OK
random,0.50,2.1544e-3,,11,20260607,1059414130855542596,outputs\fhn-sweep-T500-dt005-init05-observables\runs\random\p_2.1544e-3\K_0.50\seed_0011,OK
random,0.50,2.1544e-3,,12,20260607,1059414130855542597,outputs\fhn-sweep-T500-dt005-init05-observables\runs\random\p_2.1544e-3\K_0.50\seed_0012,OK
random,0.50,2.1544e-3,,13,20260607,1059414130855542598,outputs\fhn-sweep-T500-dt005-init05-observables\runs\random\p_2.1544e-3\K_0.50\seed_0013,OK
random,0.50,2.1544e-3,,14,20260607,1059414130855542599,outputs\fhn-sweep-T500-dt005-init05-observables\runs\random\p_2.1544e-3\K_0.50\seed_0014,OK
random,0.50,2.1544e-3,,15,20260607,1059414130855542600,outputs\fhn-sweep-T500-dt005-init05-observables\runs\random\p_2.1544e-3\K_0.50\seed_0015,OK
random,0.60,2.1544e-3,,1,20260607,-9000726716764677337,outputs\fhn-sweep-T500-dt005-init05-observables\runs\random\p_2.1544e-3\K_0.60\seed_0001,OK
random,0.60,2.1544e-3,,3,20260607,-9000726716764677335,outputs\fhn-sweep-T500-dt005-init05-observables\runs\random\p_2.1544e-3\K_0.60\seed_0003,OK
random,0.60,2.1544e-3,,2,20260607,-9000726716764677336,outputs\fhn-sweep-T500-dt005-init05-observables\runs\random\p_2.1544e-3\K_0.60\seed_0002,OK
random,0.60,2.1544e-3,,4,20260607,-9000726716764677334,outputs\fhn-sweep-T500-dt005-init05-observables\runs\random\p_2.1544e-3\K_0.60\seed_0004,OK
random,0.60,2.1544e-3,,5,20260607,-9000726716764677333,outputs\fhn-sweep-T500-dt005-init05-observables\runs\random\p_2.1544e-3\K_0.60\seed_0005,OK
random,0.60,2.1544e-3,,6,20260607,-9000726716764677332,outputs\fhn-sweep-T500-dt005-init05-observables\runs\random\p_2.1544e-3\K_0.60\seed_0006,OK
random,0.60,2.1544e-3,,7,20260607,-9000726716764677331,outputs\fhn-sweep-T500-dt005-init05-observables\runs\random\p_2.1544e-3\K_0.60\seed_0007,OK
random,0.60,2.1544e-3,,8,20260607,-9000726716764677330,outputs\fhn-sweep-T500-dt005-init05-observables\runs\random\p_2.1544e-3\K_0.60\seed_0008,OK
random,0.60,2.1544e-3,,9,20260607,-9000726716764677329,outputs\fhn-sweep-T500-dt005-init05-observables\runs\random\p_2.1544e-3\K_0.60\seed_0009,OK
random,0.60,2.1544e-3,,10,20260607,-9000726716764677328,outputs\fhn-sweep-T500-dt005-init05-observables\runs\random\p_2.1544e-3\K_0.60\seed_0010,OK
random,0.60,2.1544e-3,,11,20260607,-9000726716764677327,outputs\fhn-sweep-T500-dt005-init05-observables\runs\random\p_2.1544e-3\K_0.60\seed_0011,OK
random,0.60,2.1544e-3,,14,20260607,-9000726716764677324,outputs\fhn-sweep-T500-dt005-init05-observables\runs\random\p_2.1544e-3\K_0.60\seed_0014,OK
random,0.60,2.1544e-3,,12,20260607,-9000726716764677326,outputs\fhn-sweep-T500-dt005-init05-observables\runs\random\p_2.1544e-3\K_0.60\seed_0012,OK
random,0.60,2.1544e-3,,13,20260607,-9000726716764677325,outputs\fhn-sweep-T500-dt005-init05-observables\runs\random\p_2.1544e-3\K_0.60\seed_0013,OK
random,0.60,2.1544e-3,,15,20260607,-9000726716764677323,outputs\fhn-sweep-T500-dt005-init05-observables\runs\random\p_2.1544e-3\K_0.60\seed_0015,OK
random,0.70,2.1544e-3,,1,20260607,-614123490675345644,outputs\fhn-sweep-T500-dt005-init05-observables\runs\random\p_2.1544e-3\K_0.70\seed_0001,OK
random,0.70,2.1544e-3,,3,20260607,-614123490675345642,outputs\fhn-sweep-T500-dt005-init05-observables\runs\random\p_2.1544e-3\K_0.70\seed_0003,OK
random,0.70,2.1544e-3,,4,20260607,-614123490675345641,outputs\fhn-sweep-T500-dt005-init05-observables\runs\random\p_2.1544e-3\K_0.70\seed_0004,OK
random,0.70,2.1544e-3,,2,20260607,-614123490675345643,outputs\fhn-sweep-T500-dt005-init05-observables\runs\random\p_2.1544e-3\K_0.70\seed_0002,OK
random,0.70,2.1544e-3,,5,20260607,-614123490675345640,outputs\fhn-sweep-T500-dt005-init05-observables\runs\random\p_2.1544e-3\K_0.70\seed_0005,OK
random,0.70,2.1544e-3,,6,20260607,-614123490675345639,outputs\fhn-sweep-T500-dt005-init05-observables\runs\random\p_2.1544e-3\K_0.70\seed_0006,OK
random,0.70,2.1544e-3,,7,20260607,-614123490675345638,outputs\fhn-sweep-T500-dt005-init05-observables\runs\random\p_2.1544e-3\K_0.70\seed_0007,OK
random,0.70,2.1544e-3,,9,20260607,-614123490675345636,outputs\fhn-sweep-T500-dt005-init05-observables\runs\random\p_2.1544e-3\K_0.70\seed_0009,OK
random,0.70,2.1544e-3,,8,20260607,-614123490675345637,outputs\fhn-sweep-T500-dt005-init05-observables\runs\random\p_2.1544e-3\K_0.70\seed_0008,OK
random,0.70,2.1544e-3,,10,20260607,-614123490675345635,outputs\fhn-sweep-T500-dt005-init05-observables\runs\random\p_2.1544e-3\K_0.70\seed_0010,OK
random,0.70,2.1544e-3,,11,20260607,-614123490675345634,outputs\fhn-sweep-T500-dt005-init05-observables\runs\random\p_2.1544e-3\K_0.70\seed_0011,OK
random,0.70,2.1544e-3,,13,20260607,-614123490675345632,outputs\fhn-sweep-T500-dt005-init05-observables\runs\random\p_2.1544e-3\K_0.70\seed_0013,OK
random,0.70,2.1544e-3,,12,20260607,-614123490675345633,outputs\fhn-sweep-T500-dt005-init05-observables\runs\random\p_2.1544e-3\K_0.70\seed_0012,OK
random,0.70,2.1544e-3,,14,20260607,-614123490675345631,outputs\fhn-sweep-T500-dt005-init05-observables\runs\random\p_2.1544e-3\K_0.70\seed_0014,OK
random,0.70,2.1544e-3,,15,20260607,-614123490675345630,outputs\fhn-sweep-T500-dt005-init05-observables\runs\random\p_2.1544e-3\K_0.70\seed_0015,OK
random,0.80,2.1544e-3,,2,20260607,7772479735414015841,outputs\fhn-sweep-T500-dt005-init05-observables\runs\random\p_2.1544e-3\K_0.80\seed_0002,OK
random,0.80,2.1544e-3,,1,20260607,7772479735414015840,outputs\fhn-sweep-T500-dt005-init05-observables\runs\random\p_2.1544e-3\K_0.80\seed_0001,OK
random,0.80,2.1544e-3,,3,20260607,7772479735414015842,outputs\fhn-sweep-T500-dt005-init05-observables\runs\random\p_2.1544e-3\K_0.80\seed_0003,OK
random,0.80,2.1544e-3,,4,20260607,7772479735414015843,outputs\fhn-sweep-T500-dt005-init05-observables\runs\random\p_2.1544e-3\K_0.80\seed_0004,OK
random,0.80,2.1544e-3,,5,20260607,7772479735414015844,outputs\fhn-sweep-T500-dt005-init05-observables\runs\random\p_2.1544e-3\K_0.80\seed_0005,OK
random,0.80,2.1544e-3,,8,20260607,7772479735414015847,outputs\fhn-sweep-T500-dt005-init05-observables\runs\random\p_2.1544e-3\K_0.80\seed_0008,OK
random,0.80,2.1544e-3,,6,20260607,7772479735414015845,outputs\fhn-sweep-T500-dt005-init05-observables\runs\random\p_2.1544e-3\K_0.80\seed_0006,OK
random,0.80,2.1544e-3,,7,20260607,7772479735414015846,outputs\fhn-sweep-T500-dt005-init05-observables\runs\random\p_2.1544e-3\K_0.80\seed_0007,OK
random,0.80,2.1544e-3,,9,20260607,7772479735414015848,outputs\fhn-sweep-T500-dt005-init05-observables\runs\random\p_2.1544e-3\K_0.80\seed_0009,OK
random,0.80,2.1544e-3,,10,20260607,7772479735414015849,outputs\fhn-sweep-T500-dt005-init05-observables\runs\random\p_2.1544e-3\K_0.80\seed_0010,OK
random,0.80,2.1544e-3,,11,20260607,7772479735414015850,outputs\fhn-sweep-T500-dt005-init05-observables\runs\random\p_2.1544e-3\K_0.80\seed_0011,OK
random,0.80,2.1544e-3,,12,20260607,7772479735414015851,outputs\fhn-sweep-T500-dt005-init05-observables\runs\random\p_2.1544e-3\K_0.80\seed_0012,OK
random,0.80,2.1544e-3,,13,20260607,7772479735414015852,outputs\fhn-sweep-T500-dt005-init05-observables\runs\random\p_2.1544e-3\K_0.80\seed_0013,OK
random,0.80,2.1544e-3,,14,20260607,7772479735414015853,outputs\fhn-sweep-T500-dt005-init05-observables\runs\random\p_2.1544e-3\K_0.80\seed_0014,OK
random,0.80,2.1544e-3,,15,20260607,7772479735414015854,outputs\fhn-sweep-T500-dt005-init05-observables\runs\random\p_2.1544e-3\K_0.80\seed_0015,OK
random,0.90,2.1544e-3,,1,20260607,-2287661112206204083,outputs\fhn-sweep-T500-dt005-init05-observables\runs\random\p_2.1544e-3\K_0.90\seed_0001,OK
random,0.90,2.1544e-3,,2,20260607,-2287661112206204082,outputs\fhn-sweep-T500-dt005-init05-observables\runs\random\p_2.1544e-3\K_0.90\seed_0002,OK
random,0.90,2.1544e-3,,3,20260607,-2287661112206204081,outputs\fhn-sweep-T500-dt005-init05-observables\runs\random\p_2.1544e-3\K_0.90\seed_0003,OK
random,0.90,2.1544e-3,,4,20260607,-2287661112206204080,outputs\fhn-sweep-T500-dt005-init05-observables\runs\random\p_2.1544e-3\K_0.90\seed_0004,OK
random,0.90,2.1544e-3,,6,20260607,-2287661112206204078,outputs\fhn-sweep-T500-dt005-init05-observables\runs\random\p_2.1544e-3\K_0.90\seed_0006,OK
random,0.90,2.1544e-3,,5,20260607,-2287661112206204079,outputs\fhn-sweep-T500-dt005-init05-observables\runs\random\p_2.1544e-3\K_0.90\seed_0005,OK
random,0.90,2.1544e-3,,7,20260607,-2287661112206204077,outputs\fhn-sweep-T500-dt005-init05-observables\runs\random\p_2.1544e-3\K_0.90\seed_0007,OK
random,0.90,2.1544e-3,,8,20260607,-2287661112206204076,outputs\fhn-sweep-T500-dt005-init05-observables\runs\random\p_2.1544e-3\K_0.90\seed_0008,OK
random,0.90,2.1544e-3,,9,20260607,-2287661112206204075,outputs\fhn-sweep-T500-dt005-init05-observables\runs\random\p_2.1544e-3\K_0.90\seed_0009,OK
random,0.90,2.1544e-3,,10,20260607,-2287661112206204074,outputs\fhn-sweep-T500-dt005-init05-observables\runs\random\p_2.1544e-3\K_0.90\seed_0010,OK
random,0.90,2.1544e-3,,11,20260607,-2287661112206204073,outputs\fhn-sweep-T500-dt005-init05-observables\runs\random\p_2.1544e-3\K_0.90\seed_0011,OK
random,0.90,2.1544e-3,,12,20260607,-2287661112206204072,outputs\fhn-sweep-T500-dt005-init05-observables\runs\random\p_2.1544e-3\K_0.90\seed_0012,OK
random,0.90,2.1544e-3,,13,20260607,-2287661112206204071,outputs\fhn-sweep-T500-dt005-init05-observables\runs\random\p_2.1544e-3\K_0.90\seed_0013,OK
random,0.90,2.1544e-3,,14,20260607,-2287661112206204070,outputs\fhn-sweep-T500-dt005-init05-observables\runs\random\p_2.1544e-3\K_0.90\seed_0014,OK
random,0.90,2.1544e-3,,15,20260607,-2287661112206204069,outputs\fhn-sweep-T500-dt005-init05-observables\runs\random\p_2.1544e-3\K_0.90\seed_0015,OK
random,1.00,2.1544e-3,,1,20260607,6098942113883127610,outputs\fhn-sweep-T500-dt005-init05-observables\runs\random\p_2.1544e-3\K_1.00\seed_0001,OK
random,1.00,2.1544e-3,,2,20260607,6098942113883127611,outputs\fhn-sweep-T500-dt005-init05-observables\runs\random\p_2.1544e-3\K_1.00\seed_0002,OK
random,1.00,2.1544e-3,,4,20260607,6098942113883127613,outputs\fhn-sweep-T500-dt005-init05-observables\runs\random\p_2.1544e-3\K_1.00\seed_0004,OK
random,1.00,2.1544e-3,,3,20260607,6098942113883127612,outputs\fhn-sweep-T500-dt005-init05-observables\runs\random\p_2.1544e-3\K_1.00\seed_0003,OK
random,1.00,2.1544e-3,,8,20260607,6098942113883127617,outputs\fhn-sweep-T500-dt005-init05-observables\runs\random\p_2.1544e-3\K_1.00\seed_0008,OK
random,1.00,2.1544e-3,,6,20260607,6098942113883127615,outputs\fhn-sweep-T500-dt005-init05-observables\runs\random\p_2.1544e-3\K_1.00\seed_0006,OK
random,1.00,2.1544e-3,,5,20260607,6098942113883127614,outputs\fhn-sweep-T500-dt005-init05-observables\runs\random\p_2.1544e-3\K_1.00\seed_0005,OK
random,1.00,2.1544e-3,,7,20260607,6098942113883127616,outputs\fhn-sweep-T500-dt005-init05-observables\runs\random\p_2.1544e-3\K_1.00\seed_0007,OK
random,1.00,2.1544e-3,,9,20260607,6098942113883127618,outputs\fhn-sweep-T500-dt005-init05-observables\runs\random\p_2.1544e-3\K_1.00\seed_0009,OK
random,1.00,2.1544e-3,,10,20260607,6098942113883127619,outputs\fhn-sweep-T500-dt005-init05-observables\runs\random\p_2.1544e-3\K_1.00\seed_0010,OK
random,1.00,2.1544e-3,,11,20260607,6098942113883127620,outputs\fhn-sweep-T500-dt005-init05-observables\runs\random\p_2.1544e-3\K_1.00\seed_0011,OK
random,1.00,2.1544e-3,,12,20260607,6098942113883127621,outputs\fhn-sweep-T500-dt005-init05-observables\runs\random\p_2.1544e-3\K_1.00\seed_0012,OK
random,1.00,2.1544e-3,,13,20260607,6098942113883127622,outputs\fhn-sweep-T500-dt005-init05-observables\runs\random\p_2.1544e-3\K_1.00\seed_0013,OK
random,1.00,2.1544e-3,,14,20260607,6098942113883127623,outputs\fhn-sweep-T500-dt005-init05-observables\runs\random\p_2.1544e-3\K_1.00\seed_0014,OK
random,1.00,2.1544e-3,,15,20260607,6098942113883127624,outputs\fhn-sweep-T500-dt005-init05-observables\runs\random\p_2.1544e-3\K_1.00\seed_0015,OK
random,0.00,4.6416e-3,,2,20260607,2000010319422381435,outputs\fhn-sweep-T500-dt005-init05-observables\runs\random\p_4.6416e-3\K_0.00\seed_0002,OK
random,0.00,4.6416e-3,,1,20260607,2000010319422381434,outputs\fhn-sweep-T500-dt005-init05-observables\runs\random\p_4.6416e-3\K_0.00\seed_0001,OK
random,0.00,4.6416e-3,,3,20260607,2000010319422381436,outputs\fhn-sweep-T500-dt005-init05-observables\runs\random\p_4.6416e-3\K_0.00\seed_0003,OK
random,0.00,4.6416e-3,,4,20260607,2000010319422381437,outputs\fhn-sweep-T500-dt005-init05-observables\runs\random\p_4.6416e-3\K_0.00\seed_0004,OK
random,0.00,4.6416e-3,,6,20260607,2000010319422381439,outputs\fhn-sweep-T500-dt005-init05-observables\runs\random\p_4.6416e-3\K_0.00\seed_0006,OK
random,0.00,4.6416e-3,,5,20260607,2000010319422381438,outputs\fhn-sweep-T500-dt005-init05-observables\runs\random\p_4.6416e-3\K_0.00\seed_0005,OK
random,0.00,4.6416e-3,,7,20260607,2000010319422381440,outputs\fhn-sweep-T500-dt005-init05-observables\runs\random\p_4.6416e-3\K_0.00\seed_0007,OK
random,0.00,4.6416e-3,,8,20260607,2000010319422381441,outputs\fhn-sweep-T500-dt005-init05-observables\runs\random\p_4.6416e-3\K_0.00\seed_0008,OK
random,0.00,4.6416e-3,,9,20260607,2000010319422381442,outputs\fhn-sweep-T500-dt005-init05-observables\runs\random\p_4.6416e-3\K_0.00\seed_0009,OK
random,0.00,4.6416e-3,,10,20260607,2000010319422381443,outputs\fhn-sweep-T500-dt005-init05-observables\runs\random\p_4.6416e-3\K_0.00\seed_0010,OK
random,0.00,4.6416e-3,,11,20260607,2000010319422381444,outputs\fhn-sweep-T500-dt005-init05-observables\runs\random\p_4.6416e-3\K_0.00\seed_0011,OK
random,0.00,4.6416e-3,,12,20260607,2000010319422381445,outputs\fhn-sweep-T500-dt005-init05-observables\runs\random\p_4.6416e-3\K_0.00\seed_0012,OK
random,0.00,4.6416e-3,,13,20260607,2000010319422381446,outputs\fhn-sweep-T500-dt005-init05-observables\runs\random\p_4.6416e-3\K_0.00\seed_0013,OK
random,0.00,4.6416e-3,,14,20260607,2000010319422381447,outputs\fhn-sweep-T500-dt005-init05-observables\runs\random\p_4.6416e-3\K_0.00\seed_0014,OK
random,0.10,4.6416e-3,,1,20260607,-2649505935874906720,outputs\fhn-sweep-T500-dt005-init05-observables\runs\random\p_4.6416e-3\K_0.10\seed_0001,OK
random,0.00,4.6416e-3,,15,20260607,2000010319422381448,outputs\fhn-sweep-T500-dt005-init05-observables\runs\random\p_4.6416e-3\K_0.00\seed_0015,OK
random,0.10,4.6416e-3,,2,20260607,-2649505935874906719,outputs\fhn-sweep-T500-dt005-init05-observables\runs\random\p_4.6416e-3\K_0.10\seed_0002,OK
random,0.10,4.6416e-3,,3,20260607,-2649505935874906718,outputs\fhn-sweep-T500-dt005-init05-observables\runs\random\p_4.6416e-3\K_0.10\seed_0003,OK
random,0.10,4.6416e-3,,4,20260607,-2649505935874906717,outputs\fhn-sweep-T500-dt005-init05-observables\runs\random\p_4.6416e-3\K_0.10\seed_0004,OK
random,0.10,4.6416e-3,,5,20260607,-2649505935874906716,outputs\fhn-sweep-T500-dt005-init05-observables\runs\random\p_4.6416e-3\K_0.10\seed_0005,OK
random,0.10,4.6416e-3,,6,20260607,-2649505935874906715,outputs\fhn-sweep-T500-dt005-init05-observables\runs\random\p_4.6416e-3\K_0.10\seed_0006,OK
random,0.10,4.6416e-3,,7,20260607,-2649505935874906714,outputs\fhn-sweep-T500-dt005-init05-observables\runs\random\p_4.6416e-3\K_0.10\seed_0007,OK
random,0.10,4.6416e-3,,8,20260607,-2649505935874906713,outputs\fhn-sweep-T500-dt005-init05-observables\runs\random\p_4.6416e-3\K_0.10\seed_0008,OK
random,0.10,4.6416e-3,,9,20260607,-2649505935874906712,outputs\fhn-sweep-T500-dt005-init05-observables\runs\random\p_4.6416e-3\K_0.10\seed_0009,OK
random,0.10,4.6416e-3,,11,20260607,-2649505935874906710,outputs\fhn-sweep-T500-dt005-init05-observables\runs\random\p_4.6416e-3\K_0.10\seed_0011,OK
random,0.10,4.6416e-3,,10,20260607,-2649505935874906711,outputs\fhn-sweep-T500-dt005-init05-observables\runs\random\p_4.6416e-3\K_0.10\seed_0010,OK
random,0.10,4.6416e-3,,13,20260607,-2649505935874906708,outputs\fhn-sweep-T500-dt005-init05-observables\runs\random\p_4.6416e-3\K_0.10\seed_0013,OK
random,0.10,4.6416e-3,,12,20260607,-2649505935874906709,outputs\fhn-sweep-T500-dt005-init05-observables\runs\random\p_4.6416e-3\K_0.10\seed_0012,OK
random,0.10,4.6416e-3,,14,20260607,-2649505935874906707,outputs\fhn-sweep-T500-dt005-init05-observables\runs\random\p_4.6416e-3\K_0.10\seed_0014,OK
random,0.20,4.6416e-3,,1,20260607,2390022047152678304,outputs\fhn-sweep-T500-dt005-init05-observables\runs\random\p_4.6416e-3\K_0.20\seed_0001,OK
random,0.10,4.6416e-3,,15,20260607,-2649505935874906706,outputs\fhn-sweep-T500-dt005-init05-observables\runs\random\p_4.6416e-3\K_0.10\seed_0015,OK
random,0.20,4.6416e-3,,2,20260607,2390022047152678305,outputs\fhn-sweep-T500-dt005-init05-observables\runs\random\p_4.6416e-3\K_0.20\seed_0002,OK
random,0.20,4.6416e-3,,3,20260607,2390022047152678306,outputs\fhn-sweep-T500-dt005-init05-observables\runs\random\p_4.6416e-3\K_0.20\seed_0003,OK
random,0.20,4.6416e-3,,4,20260607,2390022047152678307,outputs\fhn-sweep-T500-dt005-init05-observables\runs\random\p_4.6416e-3\K_0.20\seed_0004,OK
random,0.20,4.6416e-3,,5,20260607,2390022047152678308,outputs\fhn-sweep-T500-dt005-init05-observables\runs\random\p_4.6416e-3\K_0.20\seed_0005,OK
random,0.20,4.6416e-3,,6,20260607,2390022047152678309,outputs\fhn-sweep-T500-dt005-init05-observables\runs\random\p_4.6416e-3\K_0.20\seed_0006,OK
random,0.20,4.6416e-3,,7,20260607,2390022047152678310,outputs\fhn-sweep-T500-dt005-init05-observables\runs\random\p_4.6416e-3\K_0.20\seed_0007,OK
random,0.20,4.6416e-3,,8,20260607,2390022047152678311,outputs\fhn-sweep-T500-dt005-init05-observables\runs\random\p_4.6416e-3\K_0.20\seed_0008,OK
random,0.20,4.6416e-3,,11,20260607,2390022047152678314,outputs\fhn-sweep-T500-dt005-init05-observables\runs\random\p_4.6416e-3\K_0.20\seed_0011,OK
random,0.20,4.6416e-3,,9,20260607,2390022047152678312,outputs\fhn-sweep-T500-dt005-init05-observables\runs\random\p_4.6416e-3\K_0.20\seed_0009,OK
random,0.20,4.6416e-3,,10,20260607,2390022047152678313,outputs\fhn-sweep-T500-dt005-init05-observables\runs\random\p_4.6416e-3\K_0.20\seed_0010,OK
random,0.20,4.6416e-3,,12,20260607,2390022047152678315,outputs\fhn-sweep-T500-dt005-init05-observables\runs\random\p_4.6416e-3\K_0.20\seed_0012,OK
random,0.20,4.6416e-3,,13,20260607,2390022047152678316,outputs\fhn-sweep-T500-dt005-init05-observables\runs\random\p_4.6416e-3\K_0.20\seed_0013,OK
random,0.20,4.6416e-3,,15,20260607,2390022047152678318,outputs\fhn-sweep-T500-dt005-init05-observables\runs\random\p_4.6416e-3\K_0.20\seed_0015,OK
random,0.20,4.6416e-3,,14,20260607,2390022047152678317,outputs\fhn-sweep-T500-dt005-init05-observables\runs\random\p_4.6416e-3\K_0.20\seed_0014,OK
random,0.30,4.6416e-3,,1,20260607,9103087651711121767,outputs\fhn-sweep-T500-dt005-init05-observables\runs\random\p_4.6416e-3\K_0.30\seed_0001,OK
random,0.30,4.6416e-3,,3,20260607,9103087651711121769,outputs\fhn-sweep-T500-dt005-init05-observables\runs\random\p_4.6416e-3\K_0.30\seed_0003,OK
random,0.30,4.6416e-3,,2,20260607,9103087651711121768,outputs\fhn-sweep-T500-dt005-init05-observables\runs\random\p_4.6416e-3\K_0.30\seed_0002,OK
random,0.30,4.6416e-3,,4,20260607,9103087651711121770,outputs\fhn-sweep-T500-dt005-init05-observables\runs\random\p_4.6416e-3\K_0.30\seed_0004,OK
random,0.30,4.6416e-3,,5,20260607,9103087651711121771,outputs\fhn-sweep-T500-dt005-init05-observables\runs\random\p_4.6416e-3\K_0.30\seed_0005,OK
random,0.30,4.6416e-3,,6,20260607,9103087651711121772,outputs\fhn-sweep-T500-dt005-init05-observables\runs\random\p_4.6416e-3\K_0.30\seed_0006,OK
random,0.30,4.6416e-3,,7,20260607,9103087651711121773,outputs\fhn-sweep-T500-dt005-init05-observables\runs\random\p_4.6416e-3\K_0.30\seed_0007,OK
random,0.30,4.6416e-3,,8,20260607,9103087651711121774,outputs\fhn-sweep-T500-dt005-init05-observables\runs\random\p_4.6416e-3\K_0.30\seed_0008,OK
random,0.30,4.6416e-3,,11,20260607,9103087651711121777,outputs\fhn-sweep-T500-dt005-init05-observables\runs\random\p_4.6416e-3\K_0.30\seed_0011,OK
random,0.30,4.6416e-3,,9,20260607,9103087651711121775,outputs\fhn-sweep-T500-dt005-init05-observables\runs\random\p_4.6416e-3\K_0.30\seed_0009,OK
random,0.30,4.6416e-3,,10,20260607,9103087651711121776,outputs\fhn-sweep-T500-dt005-init05-observables\runs\random\p_4.6416e-3\K_0.30\seed_0010,OK
random,0.30,4.6416e-3,,12,20260607,9103087651711121778,outputs\fhn-sweep-T500-dt005-init05-observables\runs\random\p_4.6416e-3\K_0.30\seed_0012,OK
random,0.30,4.6416e-3,,13,20260607,9103087651711121779,outputs\fhn-sweep-T500-dt005-init05-observables\runs\random\p_4.6416e-3\K_0.30\seed_0013,OK
random,0.40,4.6416e-3,,1,20260607,7429550030180263328,outputs\fhn-sweep-T500-dt005-init05-observables\runs\random\p_4.6416e-3\K_0.40\seed_0001,OK
random,0.30,4.6416e-3,,14,20260607,9103087651711121780,outputs\fhn-sweep-T500-dt005-init05-observables\runs\random\p_4.6416e-3\K_0.30\seed_0014,OK
random,0.30,4.6416e-3,,15,20260607,9103087651711121781,outputs\fhn-sweep-T500-dt005-init05-observables\runs\random\p_4.6416e-3\K_0.30\seed_0015,OK
random,0.40,4.6416e-3,,2,20260607,7429550030180263329,outputs\fhn-sweep-T500-dt005-init05-observables\runs\random\p_4.6416e-3\K_0.40\seed_0002,OK
random,0.40,4.6416e-3,,3,20260607,7429550030180263330,outputs\fhn-sweep-T500-dt005-init05-observables\runs\random\p_4.6416e-3\K_0.40\seed_0003,OK
random,0.40,4.6416e-3,,4,20260607,7429550030180263331,outputs\fhn-sweep-T500-dt005-init05-observables\runs\random\p_4.6416e-3\K_0.40\seed_0004,OK
random,0.40,4.6416e-3,,5,20260607,7429550030180263332,outputs\fhn-sweep-T500-dt005-init05-observables\runs\random\p_4.6416e-3\K_0.40\seed_0005,OK
random,0.40,4.6416e-3,,6,20260607,7429550030180263333,outputs\fhn-sweep-T500-dt005-init05-observables\runs\random\p_4.6416e-3\K_0.40\seed_0006,OK
random,0.40,4.6416e-3,,7,20260607,7429550030180263334,outputs\fhn-sweep-T500-dt005-init05-observables\runs\random\p_4.6416e-3\K_0.40\seed_0007,OK
random,0.40,4.6416e-3,,9,20260607,7429550030180263336,outputs\fhn-sweep-T500-dt005-init05-observables\runs\random\p_4.6416e-3\K_0.40\seed_0009,OK
random,0.40,4.6416e-3,,8,20260607,7429550030180263335,outputs\fhn-sweep-T500-dt005-init05-observables\runs\random\p_4.6416e-3\K_0.40\seed_0008,OK
random,0.40,4.6416e-3,,11,20260607,7429550030180263338,outputs\fhn-sweep-T500-dt005-init05-observables\runs\random\p_4.6416e-3\K_0.40\seed_0011,OK
random,0.40,4.6416e-3,,10,20260607,7429550030180263337,outputs\fhn-sweep-T500-dt005-init05-observables\runs\random\p_4.6416e-3\K_0.40\seed_0010,OK
random,0.40,4.6416e-3,,12,20260607,7429550030180263339,outputs\fhn-sweep-T500-dt005-init05-observables\runs\random\p_4.6416e-3\K_0.40\seed_0012,OK
random,0.40,4.6416e-3,,13,20260607,7429550030180263340,outputs\fhn-sweep-T500-dt005-init05-observables\runs\random\p_4.6416e-3\K_0.40\seed_0013,OK
random,0.40,4.6416e-3,,14,20260607,7429550030180263341,outputs\fhn-sweep-T500-dt005-init05-observables\runs\random\p_4.6416e-3\K_0.40\seed_0014,OK
random,0.40,4.6416e-3,,15,20260607,7429550030180263342,outputs\fhn-sweep-T500-dt005-init05-observables\runs\random\p_4.6416e-3\K_0.40\seed_0015,OK
random,0.50,4.6416e-3,,1,20260607,5756012408649375098,outputs\fhn-sweep-T500-dt005-init05-observables\runs\random\p_4.6416e-3\K_0.50\seed_0001,OK
random,0.50,4.6416e-3,,2,20260607,5756012408649375099,outputs\fhn-sweep-T500-dt005-init05-observables\runs\random\p_4.6416e-3\K_0.50\seed_0002,OK
random,0.50,4.6416e-3,,3,20260607,5756012408649375100,outputs\fhn-sweep-T500-dt005-init05-observables\runs\random\p_4.6416e-3\K_0.50\seed_0003,OK
random,0.50,4.6416e-3,,6,20260607,5756012408649375103,outputs\fhn-sweep-T500-dt005-init05-observables\runs\random\p_4.6416e-3\K_0.50\seed_0006,OK
random,0.50,4.6416e-3,,5,20260607,5756012408649375102,outputs\fhn-sweep-T500-dt005-init05-observables\runs\random\p_4.6416e-3\K_0.50\seed_0005,OK
random,0.50,4.6416e-3,,4,20260607,5756012408649375101,outputs\fhn-sweep-T500-dt005-init05-observables\runs\random\p_4.6416e-3\K_0.50\seed_0004,OK
random,0.50,4.6416e-3,,7,20260607,5756012408649375104,outputs\fhn-sweep-T500-dt005-init05-observables\runs\random\p_4.6416e-3\K_0.50\seed_0007,OK
random,0.50,4.6416e-3,,8,20260607,5756012408649375105,outputs\fhn-sweep-T500-dt005-init05-observables\runs\random\p_4.6416e-3\K_0.50\seed_0008,OK
random,0.50,4.6416e-3,,11,20260607,5756012408649375108,outputs\fhn-sweep-T500-dt005-init05-observables\runs\random\p_4.6416e-3\K_0.50\seed_0011,OK
random,0.50,4.6416e-3,,9,20260607,5756012408649375106,outputs\fhn-sweep-T500-dt005-init05-observables\runs\random\p_4.6416e-3\K_0.50\seed_0009,OK
random,0.50,4.6416e-3,,10,20260607,5756012408649375107,outputs\fhn-sweep-T500-dt005-init05-observables\runs\random\p_4.6416e-3\K_0.50\seed_0010,OK
random,0.50,4.6416e-3,,12,20260607,5756012408649375109,outputs\fhn-sweep-T500-dt005-init05-observables\runs\random\p_4.6416e-3\K_0.50\seed_0012,OK
random,0.50,4.6416e-3,,13,20260607,5756012408649375110,outputs\fhn-sweep-T500-dt005-init05-observables\runs\random\p_4.6416e-3\K_0.50\seed_0013,OK
random,0.50,4.6416e-3,,15,20260607,5756012408649375112,outputs\fhn-sweep-T500-dt005-init05-observables\runs\random\p_4.6416e-3\K_0.50\seed_0015,OK
random,0.50,4.6416e-3,,14,20260607,5756012408649375111,outputs\fhn-sweep-T500-dt005-init05-observables\runs\random\p_4.6416e-3\K_0.50\seed_0014,OK
random,0.60,4.6416e-3,,1,20260607,-4304128438970844825,outputs\fhn-sweep-T500-dt005-init05-observables\runs\random\p_4.6416e-3\K_0.60\seed_0001,OK
random,0.60,4.6416e-3,,2,20260607,-4304128438970844824,outputs\fhn-sweep-T500-dt005-init05-observables\runs\random\p_4.6416e-3\K_0.60\seed_0002,OK
random,0.60,4.6416e-3,,3,20260607,-4304128438970844823,outputs\fhn-sweep-T500-dt005-init05-observables\runs\random\p_4.6416e-3\K_0.60\seed_0003,OK
random,0.60,4.6416e-3,,4,20260607,-4304128438970844822,outputs\fhn-sweep-T500-dt005-init05-observables\runs\random\p_4.6416e-3\K_0.60\seed_0004,OK
random,0.60,4.6416e-3,,5,20260607,-4304128438970844821,outputs\fhn-sweep-T500-dt005-init05-observables\runs\random\p_4.6416e-3\K_0.60\seed_0005,OK
random,0.60,4.6416e-3,,6,20260607,-4304128438970844820,outputs\fhn-sweep-T500-dt005-init05-observables\runs\random\p_4.6416e-3\K_0.60\seed_0006,OK
random,0.60,4.6416e-3,,7,20260607,-4304128438970844819,outputs\fhn-sweep-T500-dt005-init05-observables\runs\random\p_4.6416e-3\K_0.60\seed_0007,OK
random,0.60,4.6416e-3,,8,20260607,-4304128438970844818,outputs\fhn-sweep-T500-dt005-init05-observables\runs\random\p_4.6416e-3\K_0.60\seed_0008,OK
random,0.60,4.6416e-3,,9,20260607,-4304128438970844817,outputs\fhn-sweep-T500-dt005-init05-observables\runs\random\p_4.6416e-3\K_0.60\seed_0009,OK
random,0.60,4.6416e-3,,10,20260607,-4304128438970844816,outputs\fhn-sweep-T500-dt005-init05-observables\runs\random\p_4.6416e-3\K_0.60\seed_0010,OK
random,0.60,4.6416e-3,,11,20260607,-4304128438970844815,outputs\fhn-sweep-T500-dt005-init05-observables\runs\random\p_4.6416e-3\K_0.60\seed_0011,OK
random,0.60,4.6416e-3,,12,20260607,-4304128438970844814,outputs\fhn-sweep-T500-dt005-init05-observables\runs\random\p_4.6416e-3\K_0.60\seed_0012,OK
random,0.60,4.6416e-3,,13,20260607,-4304128438970844813,outputs\fhn-sweep-T500-dt005-init05-observables\runs\random\p_4.6416e-3\K_0.60\seed_0013,OK
random,0.60,4.6416e-3,,14,20260607,-4304128438970844812,outputs\fhn-sweep-T500-dt005-init05-observables\runs\random\p_4.6416e-3\K_0.60\seed_0014,OK
random,0.60,4.6416e-3,,15,20260607,-4304128438970844811,outputs\fhn-sweep-T500-dt005-init05-observables\runs\random\p_4.6416e-3\K_0.60\seed_0015,OK
random,0.70,4.6416e-3,,1,20260607,4082474787118486868,outputs\fhn-sweep-T500-dt005-init05-observables\runs\random\p_4.6416e-3\K_0.70\seed_0001,OK
random,0.70,4.6416e-3,,2,20260607,4082474787118486869,outputs\fhn-sweep-T500-dt005-init05-observables\runs\random\p_4.6416e-3\K_0.70\seed_0002,OK
random,0.70,4.6416e-3,,3,20260607,4082474787118486870,outputs\fhn-sweep-T500-dt005-init05-observables\runs\random\p_4.6416e-3\K_0.70\seed_0003,OK
random,0.70,4.6416e-3,,4,20260607,4082474787118486871,outputs\fhn-sweep-T500-dt005-init05-observables\runs\random\p_4.6416e-3\K_0.70\seed_0004,OK
random,0.70,4.6416e-3,,5,20260607,4082474787118486872,outputs\fhn-sweep-T500-dt005-init05-observables\runs\random\p_4.6416e-3\K_0.70\seed_0005,OK
random,0.70,4.6416e-3,,6,20260607,4082474787118486873,outputs\fhn-sweep-T500-dt005-init05-observables\runs\random\p_4.6416e-3\K_0.70\seed_0006,OK
random,0.70,4.6416e-3,,7,20260607,4082474787118486874,outputs\fhn-sweep-T500-dt005-init05-observables\runs\random\p_4.6416e-3\K_0.70\seed_0007,OK
random,0.70,4.6416e-3,,8,20260607,4082474787118486875,outputs\fhn-sweep-T500-dt005-init05-observables\runs\random\p_4.6416e-3\K_0.70\seed_0008,OK
random,0.70,4.6416e-3,,9,20260607,4082474787118486876,outputs\fhn-sweep-T500-dt005-init05-observables\runs\random\p_4.6416e-3\K_0.70\seed_0009,OK
random,0.70,4.6416e-3,,10,20260607,4082474787118486877,outputs\fhn-sweep-T500-dt005-init05-observables\runs\random\p_4.6416e-3\K_0.70\seed_0010,OK
random,0.70,4.6416e-3,,11,20260607,4082474787118486878,outputs\fhn-sweep-T500-dt005-init05-observables\runs\random\p_4.6416e-3\K_0.70\seed_0011,OK
random,0.70,4.6416e-3,,12,20260607,4082474787118486879,outputs\fhn-sweep-T500-dt005-init05-observables\runs\random\p_4.6416e-3\K_0.70\seed_0012,OK
random,0.70,4.6416e-3,,13,20260607,4082474787118486880,outputs\fhn-sweep-T500-dt005-init05-observables\runs\random\p_4.6416e-3\K_0.70\seed_0013,OK
random,0.80,4.6416e-3,,1,20260607,-5977666060501703264,outputs\fhn-sweep-T500-dt005-init05-observables\runs\random\p_4.6416e-3\K_0.80\seed_0001,OK
random,0.70,4.6416e-3,,14,20260607,4082474787118486881,outputs\fhn-sweep-T500-dt005-init05-observables\runs\random\p_4.6416e-3\K_0.70\seed_0014,OK
random,0.70,4.6416e-3,,15,20260607,4082474787118486882,outputs\fhn-sweep-T500-dt005-init05-observables\runs\random\p_4.6416e-3\K_0.70\seed_0015,OK
random,0.80,4.6416e-3,,2,20260607,-5977666060501703263,outputs\fhn-sweep-T500-dt005-init05-observables\runs\random\p_4.6416e-3\K_0.80\seed_0002,OK
random,0.80,4.6416e-3,,3,20260607,-5977666060501703262,outputs\fhn-sweep-T500-dt005-init05-observables\runs\random\p_4.6416e-3\K_0.80\seed_0003,OK
random,0.80,4.6416e-3,,4,20260607,-5977666060501703261,outputs\fhn-sweep-T500-dt005-init05-observables\runs\random\p_4.6416e-3\K_0.80\seed_0004,OK
random,0.80,4.6416e-3,,5,20260607,-5977666060501703260,outputs\fhn-sweep-T500-dt005-init05-observables\runs\random\p_4.6416e-3\K_0.80\seed_0005,OK
random,0.80,4.6416e-3,,6,20260607,-5977666060501703259,outputs\fhn-sweep-T500-dt005-init05-observables\runs\random\p_4.6416e-3\K_0.80\seed_0006,OK
random,0.80,4.6416e-3,,7,20260607,-5977666060501703258,outputs\fhn-sweep-T500-dt005-init05-observables\runs\random\p_4.6416e-3\K_0.80\seed_0007,OK
random,0.80,4.6416e-3,,8,20260607,-5977666060501703257,outputs\fhn-sweep-T500-dt005-init05-observables\runs\random\p_4.6416e-3\K_0.80\seed_0008,OK
random,0.80,4.6416e-3,,11,20260607,-5977666060501703254,outputs\fhn-sweep-T500-dt005-init05-observables\runs\random\p_4.6416e-3\K_0.80\seed_0011,OK
random,0.80,4.6416e-3,,9,20260607,-5977666060501703256,outputs\fhn-sweep-T500-dt005-init05-observables\runs\random\p_4.6416e-3\K_0.80\seed_0009,OK
random,0.80,4.6416e-3,,10,20260607,-5977666060501703255,outputs\fhn-sweep-T500-dt005-init05-observables\runs\random\p_4.6416e-3\K_0.80\seed_0010,OK
random,0.80,4.6416e-3,,13,20260607,-5977666060501703252,outputs\fhn-sweep-T500-dt005-init05-observables\runs\random\p_4.6416e-3\K_0.80\seed_0013,OK
random,0.80,4.6416e-3,,12,20260607,-5977666060501703253,outputs\fhn-sweep-T500-dt005-init05-observables\runs\random\p_4.6416e-3\K_0.80\seed_0012,OK
random,0.80,4.6416e-3,,14,20260607,-5977666060501703251,outputs\fhn-sweep-T500-dt005-init05-observables\runs\random\p_4.6416e-3\K_0.80\seed_0014,OK
random,0.80,4.6416e-3,,15,20260607,-5977666060501703250,outputs\fhn-sweep-T500-dt005-init05-observables\runs\random\p_4.6416e-3\K_0.80\seed_0015,OK
random,0.90,4.6416e-3,,1,20260607,2408937165587628429,outputs\fhn-sweep-T500-dt005-init05-observables\runs\random\p_4.6416e-3\K_0.90\seed_0001,OK
random,0.90,4.6416e-3,,2,20260607,2408937165587628430,outputs\fhn-sweep-T500-dt005-init05-observables\runs\random\p_4.6416e-3\K_0.90\seed_0002,OK
random,0.90,4.6416e-3,,3,20260607,2408937165587628431,outputs\fhn-sweep-T500-dt005-init05-observables\runs\random\p_4.6416e-3\K_0.90\seed_0003,OK
random,0.90,4.6416e-3,,4,20260607,2408937165587628432,outputs\fhn-sweep-T500-dt005-init05-observables\runs\random\p_4.6416e-3\K_0.90\seed_0004,OK
random,0.90,4.6416e-3,,5,20260607,2408937165587628433,outputs\fhn-sweep-T500-dt005-init05-observables\runs\random\p_4.6416e-3\K_0.90\seed_0005,OK
random,0.90,4.6416e-3,,6,20260607,2408937165587628434,outputs\fhn-sweep-T500-dt005-init05-observables\runs\random\p_4.6416e-3\K_0.90\seed_0006,OK
random,0.90,4.6416e-3,,7,20260607,2408937165587628435,outputs\fhn-sweep-T500-dt005-init05-observables\runs\random\p_4.6416e-3\K_0.90\seed_0007,OK
random,0.90,4.6416e-3,,8,20260607,2408937165587628436,outputs\fhn-sweep-T500-dt005-init05-observables\runs\random\p_4.6416e-3\K_0.90\seed_0008,OK
random,0.90,4.6416e-3,,9,20260607,2408937165587628437,outputs\fhn-sweep-T500-dt005-init05-observables\runs\random\p_4.6416e-3\K_0.90\seed_0009,OK
random,0.90,4.6416e-3,,10,20260607,2408937165587628438,outputs\fhn-sweep-T500-dt005-init05-observables\runs\random\p_4.6416e-3\K_0.90\seed_0010,OK
random,0.90,4.6416e-3,,11,20260607,2408937165587628439,outputs\fhn-sweep-T500-dt005-init05-observables\runs\random\p_4.6416e-3\K_0.90\seed_0011,OK
random,0.90,4.6416e-3,,12,20260607,2408937165587628440,outputs\fhn-sweep-T500-dt005-init05-observables\runs\random\p_4.6416e-3\K_0.90\seed_0012,OK
random,0.90,4.6416e-3,,13,20260607,2408937165587628441,outputs\fhn-sweep-T500-dt005-init05-observables\runs\random\p_4.6416e-3\K_0.90\seed_0013,OK
random,0.90,4.6416e-3,,14,20260607,2408937165587628442,outputs\fhn-sweep-T500-dt005-init05-observables\runs\random\p_4.6416e-3\K_0.90\seed_0014,OK
random,0.90,4.6416e-3,,15,20260607,2408937165587628443,outputs\fhn-sweep-T500-dt005-init05-observables\runs\random\p_4.6416e-3\K_0.90\seed_0015,OK
random,1.00,4.6416e-3,,1,20260607,-7651203682032591494,outputs\fhn-sweep-T500-dt005-init05-observables\runs\random\p_4.6416e-3\K_1.00\seed_0001,OK
random,1.00,4.6416e-3,,2,20260607,-7651203682032591493,outputs\fhn-sweep-T500-dt005-init05-observables\runs\random\p_4.6416e-3\K_1.00\seed_0002,OK
random,1.00,4.6416e-3,,3,20260607,-7651203682032591492,outputs\fhn-sweep-T500-dt005-init05-observables\runs\random\p_4.6416e-3\K_1.00\seed_0003,OK
random,1.00,4.6416e-3,,4,20260607,-7651203682032591491,outputs\fhn-sweep-T500-dt005-init05-observables\runs\random\p_4.6416e-3\K_1.00\seed_0004,OK
random,1.00,4.6416e-3,,6,20260607,-7651203682032591489,outputs\fhn-sweep-T500-dt005-init05-observables\runs\random\p_4.6416e-3\K_1.00\seed_0006,OK
random,1.00,4.6416e-3,,5,20260607,-7651203682032591490,outputs\fhn-sweep-T500-dt005-init05-observables\runs\random\p_4.6416e-3\K_1.00\seed_0005,OK
random,1.00,4.6416e-3,,7,20260607,-7651203682032591488,outputs\fhn-sweep-T500-dt005-init05-observables\runs\random\p_4.6416e-3\K_1.00\seed_0007,OK
random,1.00,4.6416e-3,,8,20260607,-7651203682032591487,outputs\fhn-sweep-T500-dt005-init05-observables\runs\random\p_4.6416e-3\K_1.00\seed_0008,OK
random,1.00,4.6416e-3,,9,20260607,-7651203682032591486,outputs\fhn-sweep-T500-dt005-init05-observables\runs\random\p_4.6416e-3\K_1.00\seed_0009,OK
random,1.00,4.6416e-3,,10,20260607,-7651203682032591485,outputs\fhn-sweep-T500-dt005-init05-observables\runs\random\p_4.6416e-3\K_1.00\seed_0010,OK
random,1.00,4.6416e-3,,11,20260607,-7651203682032591484,outputs\fhn-sweep-T500-dt005-init05-observables\runs\random\p_4.6416e-3\K_1.00\seed_0011,OK
random,1.00,4.6416e-3,,12,20260607,-7651203682032591483,outputs\fhn-sweep-T500-dt005-init05-observables\runs\random\p_4.6416e-3\K_1.00\seed_0012,OK
random,1.00,4.6416e-3,,13,20260607,-7651203682032591482,outputs\fhn-sweep-T500-dt005-init05-observables\runs\random\p_4.6416e-3\K_1.00\seed_0013,OK
random,1.00,4.6416e-3,,15,20260607,-7651203682032591480,outputs\fhn-sweep-T500-dt005-init05-observables\runs\random\p_4.6416e-3\K_1.00\seed_0015,OK
random,1.00,4.6416e-3,,14,20260607,-7651203682032591481,outputs\fhn-sweep-T500-dt005-init05-observables\runs\random\p_4.6416e-3\K_1.00\seed_0014,OK
random,0.00,0.01,,1,20260607,6725073924836937062,outputs\fhn-sweep-T500-dt005-init05-observables\runs\random\p_0.01\K_0.00\seed_0001,OK
random,0.00,0.01,,2,20260607,6725073924836937063,outputs\fhn-sweep-T500-dt005-init05-observables\runs\random\p_0.01\K_0.00\seed_0002,OK
random,0.00,0.01,,3,20260607,6725073924836937064,outputs\fhn-sweep-T500-dt005-init05-observables\runs\random\p_0.01\K_0.00\seed_0003,OK
random,0.00,0.01,,4,20260607,6725073924836937065,outputs\fhn-sweep-T500-dt005-init05-observables\runs\random\p_0.01\K_0.00\seed_0004,OK
random,0.00,0.01,,5,20260607,6725073924836937066,outputs\fhn-sweep-T500-dt005-init05-observables\runs\random\p_0.01\K_0.00\seed_0005,OK
random,0.00,0.01,,6,20260607,6725073924836937067,outputs\fhn-sweep-T500-dt005-init05-observables\runs\random\p_0.01\K_0.00\seed_0006,OK
random,0.00,0.01,,7,20260607,6725073924836937068,outputs\fhn-sweep-T500-dt005-init05-observables\runs\random\p_0.01\K_0.00\seed_0007,OK
random,0.00,0.01,,8,20260607,6725073924836937069,outputs\fhn-sweep-T500-dt005-init05-observables\runs\random\p_0.01\K_0.00\seed_0008,OK
random,0.00,0.01,,9,20260607,6725073924836937070,outputs\fhn-sweep-T500-dt005-init05-observables\runs\random\p_0.01\K_0.00\seed_0009,OK
random,0.00,0.01,,10,20260607,6725073924836937071,outputs\fhn-sweep-T500-dt005-init05-observables\runs\random\p_0.01\K_0.00\seed_0010,OK
random,0.00,0.01,,11,20260607,6725073924836937072,outputs\fhn-sweep-T500-dt005-init05-observables\runs\random\p_0.01\K_0.00\seed_0011,OK
random,0.00,0.01,,12,20260607,6725073924836937073,outputs\fhn-sweep-T500-dt005-init05-observables\runs\random\p_0.01\K_0.00\seed_0012,OK
random,0.00,0.01,,13,20260607,6725073924836937074,outputs\fhn-sweep-T500-dt005-init05-observables\runs\random\p_0.01\K_0.00\seed_0013,OK
random,0.00,0.01,,14,20260607,6725073924836937075,outputs\fhn-sweep-T500-dt005-init05-observables\runs\random\p_0.01\K_0.00\seed_0014,OK
random,0.00,0.01,,15,20260607,6725073924836937076,outputs\fhn-sweep-T500-dt005-init05-observables\runs\random\p_0.01\K_0.00\seed_0015,OK
random,0.10,0.01,,1,20260607,2075557669539648908,outputs\fhn-sweep-T500-dt005-init05-observables\runs\random\p_0.01\K_0.10\seed_0001,OK
random,0.10,0.01,,2,20260607,2075557669539648909,outputs\fhn-sweep-T500-dt005-init05-observables\runs\random\p_0.01\K_0.10\seed_0002,OK
random,0.10,0.01,,3,20260607,2075557669539648910,outputs\fhn-sweep-T500-dt005-init05-observables\runs\random\p_0.01\K_0.10\seed_0003,OK
random,0.10,0.01,,4,20260607,2075557669539648911,outputs\fhn-sweep-T500-dt005-init05-observables\runs\random\p_0.01\K_0.10\seed_0004,OK
random,0.10,0.01,,5,20260607,2075557669539648912,outputs\fhn-sweep-T500-dt005-init05-observables\runs\random\p_0.01\K_0.10\seed_0005,OK
random,0.10,0.01,,6,20260607,2075557669539648913,outputs\fhn-sweep-T500-dt005-init05-observables\runs\random\p_0.01\K_0.10\seed_0006,OK
random,0.10,0.01,,7,20260607,2075557669539648914,outputs\fhn-sweep-T500-dt005-init05-observables\runs\random\p_0.01\K_0.10\seed_0007,OK
random,0.10,0.01,,9,20260607,2075557669539648916,outputs\fhn-sweep-T500-dt005-init05-observables\runs\random\p_0.01\K_0.10\seed_0009,OK
random,0.10,0.01,,8,20260607,2075557669539648915,outputs\fhn-sweep-T500-dt005-init05-observables\runs\random\p_0.01\K_0.10\seed_0008,OK
random,0.10,0.01,,10,20260607,2075557669539648917,outputs\fhn-sweep-T500-dt005-init05-observables\runs\random\p_0.01\K_0.10\seed_0010,OK
random,0.10,0.01,,11,20260607,2075557669539648918,outputs\fhn-sweep-T500-dt005-init05-observables\runs\random\p_0.01\K_0.10\seed_0011,OK
random,0.10,0.01,,12,20260607,2075557669539648919,outputs\fhn-sweep-T500-dt005-init05-observables\runs\random\p_0.01\K_0.10\seed_0012,OK
random,0.10,0.01,,13,20260607,2075557669539648920,outputs\fhn-sweep-T500-dt005-init05-observables\runs\random\p_0.01\K_0.10\seed_0013,OK
random,0.10,0.01,,14,20260607,2075557669539648921,outputs\fhn-sweep-T500-dt005-init05-observables\runs\random\p_0.01\K_0.10\seed_0014,OK
random,0.10,0.01,,15,20260607,2075557669539648922,outputs\fhn-sweep-T500-dt005-init05-observables\runs\random\p_0.01\K_0.10\seed_0015,OK
random,0.20,0.01,,1,20260607,7115085652567233932,outputs\fhn-sweep-T500-dt005-init05-observables\runs\random\p_0.01\K_0.20\seed_0001,OK
random,0.20,0.01,,2,20260607,7115085652567233933,outputs\fhn-sweep-T500-dt005-init05-observables\runs\random\p_0.01\K_0.20\seed_0002,OK
random,0.20,0.01,,3,20260607,7115085652567233934,outputs\fhn-sweep-T500-dt005-init05-observables\runs\random\p_0.01\K_0.20\seed_0003,OK
random,0.20,0.01,,4,20260607,7115085652567233935,outputs\fhn-sweep-T500-dt005-init05-observables\runs\random\p_0.01\K_0.20\seed_0004,OK
random,0.20,0.01,,5,20260607,7115085652567233936,outputs\fhn-sweep-T500-dt005-init05-observables\runs\random\p_0.01\K_0.20\seed_0005,OK
random,0.20,0.01,,6,20260607,7115085652567233937,outputs\fhn-sweep-T500-dt005-init05-observables\runs\random\p_0.01\K_0.20\seed_0006,OK
random,0.20,0.01,,7,20260607,7115085652567233938,outputs\fhn-sweep-T500-dt005-init05-observables\runs\random\p_0.01\K_0.20\seed_0007,OK
random,0.20,0.01,,8,20260607,7115085652567233939,outputs\fhn-sweep-T500-dt005-init05-observables\runs\random\p_0.01\K_0.20\seed_0008,OK
random,0.20,0.01,,9,20260607,7115085652567233940,outputs\fhn-sweep-T500-dt005-init05-observables\runs\random\p_0.01\K_0.20\seed_0009,OK
random,0.20,0.01,,10,20260607,7115085652567233941,outputs\fhn-sweep-T500-dt005-init05-observables\runs\random\p_0.01\K_0.20\seed_0010,OK
random,0.20,0.01,,11,20260607,7115085652567233942,outputs\fhn-sweep-T500-dt005-init05-observables\runs\random\p_0.01\K_0.20\seed_0011,OK
random,0.20,0.01,,13,20260607,7115085652567233944,outputs\fhn-sweep-T500-dt005-init05-observables\runs\random\p_0.01\K_0.20\seed_0013,OK
random,0.20,0.01,,12,20260607,7115085652567233943,outputs\fhn-sweep-T500-dt005-init05-observables\runs\random\p_0.01\K_0.20\seed_0012,OK
random,0.20,0.01,,14,20260607,7115085652567233945,outputs\fhn-sweep-T500-dt005-init05-observables\runs\random\p_0.01\K_0.20\seed_0014,OK
random,0.20,0.01,,15,20260607,7115085652567233946,outputs\fhn-sweep-T500-dt005-init05-observables\runs\random\p_0.01\K_0.20\seed_0015,OK
random,0.30,0.01,,1,20260607,-4618592816583874221,outputs\fhn-sweep-T500-dt005-init05-observables\runs\random\p_0.01\K_0.30\seed_0001,OK
random,0.30,0.01,,3,20260607,-4618592816583874219,outputs\fhn-sweep-T500-dt005-init05-observables\runs\random\p_0.01\K_0.30\seed_0003,OK
random,0.30,0.01,,2,20260607,-4618592816583874220,outputs\fhn-sweep-T500-dt005-init05-observables\runs\random\p_0.01\K_0.30\seed_0002,OK
random,0.30,0.01,,4,20260607,-4618592816583874218,outputs\fhn-sweep-T500-dt005-init05-observables\runs\random\p_0.01\K_0.30\seed_0004,OK
random,0.30,0.01,,5,20260607,-4618592816583874217,outputs\fhn-sweep-T500-dt005-init05-observables\runs\random\p_0.01\K_0.30\seed_0005,OK
random,0.30,0.01,,6,20260607,-4618592816583874216,outputs\fhn-sweep-T500-dt005-init05-observables\runs\random\p_0.01\K_0.30\seed_0006,OK
random,0.30,0.01,,7,20260607,-4618592816583874215,outputs\fhn-sweep-T500-dt005-init05-observables\runs\random\p_0.01\K_0.30\seed_0007,OK
random,0.30,0.01,,8,20260607,-4618592816583874214,outputs\fhn-sweep-T500-dt005-init05-observables\runs\random\p_0.01\K_0.30\seed_0008,OK
random,0.30,0.01,,9,20260607,-4618592816583874213,outputs\fhn-sweep-T500-dt005-init05-observables\runs\random\p_0.01\K_0.30\seed_0009,OK
random,0.30,0.01,,10,20260607,-4618592816583874212,outputs\fhn-sweep-T500-dt005-init05-observables\runs\random\p_0.01\K_0.30\seed_0010,OK
random,0.30,0.01,,11,20260607,-4618592816583874211,outputs\fhn-sweep-T500-dt005-init05-observables\runs\random\p_0.01\K_0.30\seed_0011,OK
random,0.30,0.01,,12,20260607,-4618592816583874210,outputs\fhn-sweep-T500-dt005-init05-observables\runs\random\p_0.01\K_0.30\seed_0012,OK
random,0.30,0.01,,13,20260607,-4618592816583874209,outputs\fhn-sweep-T500-dt005-init05-observables\runs\random\p_0.01\K_0.30\seed_0013,OK
random,0.30,0.01,,14,20260607,-4618592816583874208,outputs\fhn-sweep-T500-dt005-init05-observables\runs\random\p_0.01\K_0.30\seed_0014,OK
random,0.30,0.01,,15,20260607,-4618592816583874207,outputs\fhn-sweep-T500-dt005-init05-observables\runs\random\p_0.01\K_0.30\seed_0015,OK
random,0.40,0.01,,1,20260607,-6292130438114732660,outputs\fhn-sweep-T500-dt005-init05-observables\runs\random\p_0.01\K_0.40\seed_0001,OK
random,0.40,0.01,,2,20260607,-6292130438114732659,outputs\fhn-sweep-T500-dt005-init05-observables\runs\random\p_0.01\K_0.40\seed_0002,OK
random,0.40,0.01,,3,20260607,-6292130438114732658,outputs\fhn-sweep-T500-dt005-init05-observables\runs\random\p_0.01\K_0.40\seed_0003,OK
random,0.40,0.01,,4,20260607,-6292130438114732657,outputs\fhn-sweep-T500-dt005-init05-observables\runs\random\p_0.01\K_0.40\seed_0004,OK
random,0.40,0.01,,6,20260607,-6292130438114732655,outputs\fhn-sweep-T500-dt005-init05-observables\runs\random\p_0.01\K_0.40\seed_0006,OK
random,0.40,0.01,,5,20260607,-6292130438114732656,outputs\fhn-sweep-T500-dt005-init05-observables\runs\random\p_0.01\K_0.40\seed_0005,OK
random,0.40,0.01,,7,20260607,-6292130438114732654,outputs\fhn-sweep-T500-dt005-init05-observables\runs\random\p_0.01\K_0.40\seed_0007,OK
random,0.40,0.01,,8,20260607,-6292130438114732653,outputs\fhn-sweep-T500-dt005-init05-observables\runs\random\p_0.01\K_0.40\seed_0008,OK
random,0.40,0.01,,9,20260607,-6292130438114732652,outputs\fhn-sweep-T500-dt005-init05-observables\runs\random\p_0.01\K_0.40\seed_0009,OK
random,0.40,0.01,,10,20260607,-6292130438114732651,outputs\fhn-sweep-T500-dt005-init05-observables\runs\random\p_0.01\K_0.40\seed_0010,OK
random,0.40,0.01,,11,20260607,-6292130438114732650,outputs\fhn-sweep-T500-dt005-init05-observables\runs\random\p_0.01\K_0.40\seed_0011,OK
random,0.40,0.01,,12,20260607,-6292130438114732649,outputs\fhn-sweep-T500-dt005-init05-observables\runs\random\p_0.01\K_0.40\seed_0012,OK
random,0.40,0.01,,13,20260607,-6292130438114732648,outputs\fhn-sweep-T500-dt005-init05-observables\runs\random\p_0.01\K_0.40\seed_0013,OK
random,0.40,0.01,,14,20260607,-6292130438114732647,outputs\fhn-sweep-T500-dt005-init05-observables\runs\random\p_0.01\K_0.40\seed_0014,OK
random,0.40,0.01,,15,20260607,-6292130438114732646,outputs\fhn-sweep-T500-dt005-init05-observables\runs\random\p_0.01\K_0.40\seed_0015,OK
random,0.50,0.01,,1,20260607,-7965668059645620890,outputs\fhn-sweep-T500-dt005-init05-observables\runs\random\p_0.01\K_0.50\seed_0001,OK
random,0.50,0.01,,2,20260607,-7965668059645620889,outputs\fhn-sweep-T500-dt005-init05-observables\runs\random\p_0.01\K_0.50\seed_0002,OK
random,0.50,0.01,,3,20260607,-7965668059645620888,outputs\fhn-sweep-T500-dt005-init05-observables\runs\random\p_0.01\K_0.50\seed_0003,OK
random,0.50,0.01,,4,20260607,-7965668059645620887,outputs\fhn-sweep-T500-dt005-init05-observables\runs\random\p_0.01\K_0.50\seed_0004,OK
random,0.50,0.01,,5,20260607,-7965668059645620886,outputs\fhn-sweep-T500-dt005-init05-observables\runs\random\p_0.01\K_0.50\seed_0005,OK
random,0.50,0.01,,7,20260607,-7965668059645620884,outputs\fhn-sweep-T500-dt005-init05-observables\runs\random\p_0.01\K_0.50\seed_0007,OK
random,0.50,0.01,,6,20260607,-7965668059645620885,outputs\fhn-sweep-T500-dt005-init05-observables\runs\random\p_0.01\K_0.50\seed_0006,OK
random,0.50,0.01,,8,20260607,-7965668059645620883,outputs\fhn-sweep-T500-dt005-init05-observables\runs\random\p_0.01\K_0.50\seed_0008,OK
random,0.50,0.01,,9,20260607,-7965668059645620882,outputs\fhn-sweep-T500-dt005-init05-observables\runs\random\p_0.01\K_0.50\seed_0009,OK
random,0.50,0.01,,10,20260607,-7965668059645620881,outputs\fhn-sweep-T500-dt005-init05-observables\runs\random\p_0.01\K_0.50\seed_0010,OK
random,0.50,0.01,,11,20260607,-7965668059645620880,outputs\fhn-sweep-T500-dt005-init05-observables\runs\random\p_0.01\K_0.50\seed_0011,OK
random,0.50,0.01,,13,20260607,-7965668059645620878,outputs\fhn-sweep-T500-dt005-init05-observables\runs\random\p_0.01\K_0.50\seed_0013,OK
random,0.50,0.01,,12,20260607,-7965668059645620879,outputs\fhn-sweep-T500-dt005-init05-observables\runs\random\p_0.01\K_0.50\seed_0012,OK
random,0.50,0.01,,14,20260607,-7965668059645620877,outputs\fhn-sweep-T500-dt005-init05-observables\runs\random\p_0.01\K_0.50\seed_0014,OK
random,0.50,0.01,,15,20260607,-7965668059645620876,outputs\fhn-sweep-T500-dt005-init05-observables\runs\random\p_0.01\K_0.50\seed_0015,OK
random,0.60,0.01,,1,20260607,420935166443710803,outputs\fhn-sweep-T500-dt005-init05-observables\runs\random\p_0.01\K_0.60\seed_0001,OK
random,0.60,0.01,,3,20260607,420935166443710805,outputs\fhn-sweep-T500-dt005-init05-observables\runs\random\p_0.01\K_0.60\seed_0003,OK
random,0.60,0.01,,2,20260607,420935166443710804,outputs\fhn-sweep-T500-dt005-init05-observables\runs\random\p_0.01\K_0.60\seed_0002,OK
random,0.60,0.01,,4,20260607,420935166443710806,outputs\fhn-sweep-T500-dt005-init05-observables\runs\random\p_0.01\K_0.60\seed_0004,OK
random,0.60,0.01,,5,20260607,420935166443710807,outputs\fhn-sweep-T500-dt005-init05-observables\runs\random\p_0.01\K_0.60\seed_0005,OK
random,0.60,0.01,,6,20260607,420935166443710808,outputs\fhn-sweep-T500-dt005-init05-observables\runs\random\p_0.01\K_0.60\seed_0006,OK
random,0.60,0.01,,7,20260607,420935166443710809,outputs\fhn-sweep-T500-dt005-init05-observables\runs\random\p_0.01\K_0.60\seed_0007,OK
random,0.60,0.01,,8,20260607,420935166443710810,outputs\fhn-sweep-T500-dt005-init05-observables\runs\random\p_0.01\K_0.60\seed_0008,OK
random,0.60,0.01,,9,20260607,420935166443710811,outputs\fhn-sweep-T500-dt005-init05-observables\runs\random\p_0.01\K_0.60\seed_0009,OK
random,0.60,0.01,,10,20260607,420935166443710812,outputs\fhn-sweep-T500-dt005-init05-observables\runs\random\p_0.01\K_0.60\seed_0010,OK
random,0.60,0.01,,11,20260607,420935166443710813,outputs\fhn-sweep-T500-dt005-init05-observables\runs\random\p_0.01\K_0.60\seed_0011,OK
random,0.60,0.01,,12,20260607,420935166443710814,outputs\fhn-sweep-T500-dt005-init05-observables\runs\random\p_0.01\K_0.60\seed_0012,OK
random,0.60,0.01,,13,20260607,420935166443710815,outputs\fhn-sweep-T500-dt005-init05-observables\runs\random\p_0.01\K_0.60\seed_0013,OK
random,0.60,0.01,,14,20260607,420935166443710816,outputs\fhn-sweep-T500-dt005-init05-observables\runs\random\p_0.01\K_0.60\seed_0014,OK
random,0.60,0.01,,15,20260607,420935166443710817,outputs\fhn-sweep-T500-dt005-init05-observables\runs\random\p_0.01\K_0.60\seed_0015,OK
random,0.70,0.01,,1,20260607,8807538392533042496,outputs\fhn-sweep-T500-dt005-init05-observables\runs\random\p_0.01\K_0.70\seed_0001,OK
random,0.70,0.01,,2,20260607,8807538392533042497,outputs\fhn-sweep-T500-dt005-init05-observables\runs\random\p_0.01\K_0.70\seed_0002,OK
random,0.70,0.01,,3,20260607,8807538392533042498,outputs\fhn-sweep-T500-dt005-init05-observables\runs\random\p_0.01\K_0.70\seed_0003,OK
random,0.70,0.01,,4,20260607,8807538392533042499,outputs\fhn-sweep-T500-dt005-init05-observables\runs\random\p_0.01\K_0.70\seed_0004,OK
random,0.70,0.01,,5,20260607,8807538392533042500,outputs\fhn-sweep-T500-dt005-init05-observables\runs\random\p_0.01\K_0.70\seed_0005,OK
random,0.70,0.01,,6,20260607,8807538392533042501,outputs\fhn-sweep-T500-dt005-init05-observables\runs\random\p_0.01\K_0.70\seed_0006,OK
random,0.70,0.01,,7,20260607,8807538392533042502,outputs\fhn-sweep-T500-dt005-init05-observables\runs\random\p_0.01\K_0.70\seed_0007,OK
random,0.70,0.01,,8,20260607,8807538392533042503,outputs\fhn-sweep-T500-dt005-init05-observables\runs\random\p_0.01\K_0.70\seed_0008,OK
random,0.70,0.01,,9,20260607,8807538392533042504,outputs\fhn-sweep-T500-dt005-init05-observables\runs\random\p_0.01\K_0.70\seed_0009,OK
random,0.70,0.01,,12,20260607,8807538392533042507,outputs\fhn-sweep-T500-dt005-init05-observables\runs\random\p_0.01\K_0.70\seed_0012,OK
random,0.70,0.01,,10,20260607,8807538392533042505,outputs\fhn-sweep-T500-dt005-init05-observables\runs\random\p_0.01\K_0.70\seed_0010,OK
random,0.70,0.01,,11,20260607,8807538392533042506,outputs\fhn-sweep-T500-dt005-init05-observables\runs\random\p_0.01\K_0.70\seed_0011,OK
random,0.70,0.01,,13,20260607,8807538392533042508,outputs\fhn-sweep-T500-dt005-init05-observables\runs\random\p_0.01\K_0.70\seed_0013,OK
random,0.70,0.01,,14,20260607,8807538392533042509,outputs\fhn-sweep-T500-dt005-init05-observables\runs\random\p_0.01\K_0.70\seed_0014,OK
random,0.70,0.01,,15,20260607,8807538392533042510,outputs\fhn-sweep-T500-dt005-init05-observables\runs\random\p_0.01\K_0.70\seed_0015,OK
random,0.80,0.01,,1,20260607,-1252602455087147636,outputs\fhn-sweep-T500-dt005-init05-observables\runs\random\p_0.01\K_0.80\seed_0001,OK
random,0.80,0.01,,2,20260607,-1252602455087147635,outputs\fhn-sweep-T500-dt005-init05-observables\runs\random\p_0.01\K_0.80\seed_0002,OK
random,0.80,0.01,,3,20260607,-1252602455087147634,outputs\fhn-sweep-T500-dt005-init05-observables\runs\random\p_0.01\K_0.80\seed_0003,OK
random,0.80,0.01,,4,20260607,-1252602455087147633,outputs\fhn-sweep-T500-dt005-init05-observables\runs\random\p_0.01\K_0.80\seed_0004,OK
random,0.80,0.01,,6,20260607,-1252602455087147631,outputs\fhn-sweep-T500-dt005-init05-observables\runs\random\p_0.01\K_0.80\seed_0006,OK
random,0.80,0.01,,5,20260607,-1252602455087147632,outputs\fhn-sweep-T500-dt005-init05-observables\runs\random\p_0.01\K_0.80\seed_0005,OK
random,0.80,0.01,,7,20260607,-1252602455087147630,outputs\fhn-sweep-T500-dt005-init05-observables\runs\random\p_0.01\K_0.80\seed_0007,OK
random,0.80,0.01,,8,20260607,-1252602455087147629,outputs\fhn-sweep-T500-dt005-init05-observables\runs\random\p_0.01\K_0.80\seed_0008,OK
random,0.80,0.01,,9,20260607,-1252602455087147628,outputs\fhn-sweep-T500-dt005-init05-observables\runs\random\p_0.01\K_0.80\seed_0009,OK
random,0.80,0.01,,10,20260607,-1252602455087147627,outputs\fhn-sweep-T500-dt005-init05-observables\runs\random\p_0.01\K_0.80\seed_0010,OK
random,0.80,0.01,,11,20260607,-1252602455087147626,outputs\fhn-sweep-T500-dt005-init05-observables\runs\random\p_0.01\K_0.80\seed_0011,OK
random,0.80,0.01,,12,20260607,-1252602455087147625,outputs\fhn-sweep-T500-dt005-init05-observables\runs\random\p_0.01\K_0.80\seed_0012,OK
random,0.80,0.01,,13,20260607,-1252602455087147624,outputs\fhn-sweep-T500-dt005-init05-observables\runs\random\p_0.01\K_0.80\seed_0013,OK
random,0.80,0.01,,14,20260607,-1252602455087147623,outputs\fhn-sweep-T500-dt005-init05-observables\runs\random\p_0.01\K_0.80\seed_0014,OK
random,0.80,0.01,,15,20260607,-1252602455087147622,outputs\fhn-sweep-T500-dt005-init05-observables\runs\random\p_0.01\K_0.80\seed_0015,OK
random,0.90,0.01,,2,20260607,7134000771002184058,outputs\fhn-sweep-T500-dt005-init05-observables\runs\random\p_0.01\K_0.90\seed_0002,OK
random,0.90,0.01,,1,20260607,7134000771002184057,outputs\fhn-sweep-T500-dt005-init05-observables\runs\random\p_0.01\K_0.90\seed_0001,OK
random,0.90,0.01,,3,20260607,7134000771002184059,outputs\fhn-sweep-T500-dt005-init05-observables\runs\random\p_0.01\K_0.90\seed_0003,OK
random,0.90,0.01,,4,20260607,7134000771002184060,outputs\fhn-sweep-T500-dt005-init05-observables\runs\random\p_0.01\K_0.90\seed_0004,OK
random,0.90,0.01,,6,20260607,7134000771002184062,outputs\fhn-sweep-T500-dt005-init05-observables\runs\random\p_0.01\K_0.90\seed_0006,OK
random,0.90,0.01,,5,20260607,7134000771002184061,outputs\fhn-sweep-T500-dt005-init05-observables\runs\random\p_0.01\K_0.90\seed_0005,OK
random,0.90,0.01,,7,20260607,7134000771002184063,outputs\fhn-sweep-T500-dt005-init05-observables\runs\random\p_0.01\K_0.90\seed_0007,OK
random,0.90,0.01,,8,20260607,7134000771002184064,outputs\fhn-sweep-T500-dt005-init05-observables\runs\random\p_0.01\K_0.90\seed_0008,OK
random,0.90,0.01,,9,20260607,7134000771002184065,outputs\fhn-sweep-T500-dt005-init05-observables\runs\random\p_0.01\K_0.90\seed_0009,OK
random,0.90,0.01,,11,20260607,7134000771002184067,outputs\fhn-sweep-T500-dt005-init05-observables\runs\random\p_0.01\K_0.90\seed_0011,OK
random,0.90,0.01,,10,20260607,7134000771002184066,outputs\fhn-sweep-T500-dt005-init05-observables\runs\random\p_0.01\K_0.90\seed_0010,OK
random,0.90,0.01,,12,20260607,7134000771002184068,outputs\fhn-sweep-T500-dt005-init05-observables\runs\random\p_0.01\K_0.90\seed_0012,OK
random,0.90,0.01,,13,20260607,7134000771002184069,outputs\fhn-sweep-T500-dt005-init05-observables\runs\random\p_0.01\K_0.90\seed_0013,OK
random,0.90,0.01,,14,20260607,7134000771002184070,outputs\fhn-sweep-T500-dt005-init05-observables\runs\random\p_0.01\K_0.90\seed_0014,OK
random,0.90,0.01,,15,20260607,7134000771002184071,outputs\fhn-sweep-T500-dt005-init05-observables\runs\random\p_0.01\K_0.90\seed_0015,OK
random,1.00,0.01,,1,20260607,-2926140076618035866,outputs\fhn-sweep-T500-dt005-init05-observables\runs\random\p_0.01\K_1.00\seed_0001,OK
random,1.00,0.01,,2,20260607,-2926140076618035865,outputs\fhn-sweep-T500-dt005-init05-observables\runs\random\p_0.01\K_1.00\seed_0002,OK
random,1.00,0.01,,3,20260607,-2926140076618035864,outputs\fhn-sweep-T500-dt005-init05-observables\runs\random\p_0.01\K_1.00\seed_0003,OK
random,1.00,0.01,,4,20260607,-2926140076618035863,outputs\fhn-sweep-T500-dt005-init05-observables\runs\random\p_0.01\K_1.00\seed_0004,OK
random,1.00,0.01,,5,20260607,-2926140076618035862,outputs\fhn-sweep-T500-dt005-init05-observables\runs\random\p_0.01\K_1.00\seed_0005,OK
random,1.00,0.01,,6,20260607,-2926140076618035861,outputs\fhn-sweep-T500-dt005-init05-observables\runs\random\p_0.01\K_1.00\seed_0006,OK
random,1.00,0.01,,7,20260607,-2926140076618035860,outputs\fhn-sweep-T500-dt005-init05-observables\runs\random\p_0.01\K_1.00\seed_0007,OK
random,1.00,0.01,,8,20260607,-2926140076618035859,outputs\fhn-sweep-T500-dt005-init05-observables\runs\random\p_0.01\K_1.00\seed_0008,OK
random,1.00,0.01,,9,20260607,-2926140076618035858,outputs\fhn-sweep-T500-dt005-init05-observables\runs\random\p_0.01\K_1.00\seed_0009,OK
random,1.00,0.01,,10,20260607,-2926140076618035857,outputs\fhn-sweep-T500-dt005-init05-observables\runs\random\p_0.01\K_1.00\seed_0010,OK
random,1.00,0.01,,11,20260607,-2926140076618035856,outputs\fhn-sweep-T500-dt005-init05-observables\runs\random\p_0.01\K_1.00\seed_0011,OK
random,1.00,0.01,,12,20260607,-2926140076618035855,outputs\fhn-sweep-T500-dt005-init05-observables\runs\random\p_0.01\K_1.00\seed_0012,OK
random,1.00,0.01,,13,20260607,-2926140076618035854,outputs\fhn-sweep-T500-dt005-init05-observables\runs\random\p_0.01\K_1.00\seed_0013,OK
random,1.00,0.01,,14,20260607,-2926140076618035853,outputs\fhn-sweep-T500-dt005-init05-observables\runs\random\p_0.01\K_1.00\seed_0014,OK
random,1.00,0.01,,15,20260607,-2926140076618035852,outputs\fhn-sweep-T500-dt005-init05-observables\runs\random\p_0.01\K_1.00\seed_0015,OK
random,0.00,0.02,,1,20260607,-6965943198813461234,outputs\fhn-sweep-T500-dt005-init05-observables\runs\random\p_0.02\K_0.00\seed_0001,OK
random,0.00,0.02,,2,20260607,-6965943198813461233,outputs\fhn-sweep-T500-dt005-init05-observables\runs\random\p_0.02\K_0.00\seed_0002,OK
random,0.00,0.02,,3,20260607,-6965943198813461232,outputs\fhn-sweep-T500-dt005-init05-observables\runs\random\p_0.02\K_0.00\seed_0003,OK
random,0.00,0.02,,4,20260607,-6965943198813461231,outputs\fhn-sweep-T500-dt005-init05-observables\runs\random\p_0.02\K_0.00\seed_0004,OK
random,0.00,0.02,,5,20260607,-6965943198813461230,outputs\fhn-sweep-T500-dt005-init05-observables\runs\random\p_0.02\K_0.00\seed_0005,OK
random,0.00,0.02,,6,20260607,-6965943198813461229,outputs\fhn-sweep-T500-dt005-init05-observables\runs\random\p_0.02\K_0.00\seed_0006,OK
random,0.00,0.02,,7,20260607,-6965943198813461228,outputs\fhn-sweep-T500-dt005-init05-observables\runs\random\p_0.02\K_0.00\seed_0007,OK
random,0.00,0.02,,8,20260607,-6965943198813461227,outputs\fhn-sweep-T500-dt005-init05-observables\runs\random\p_0.02\K_0.00\seed_0008,OK
random,0.00,0.02,,9,20260607,-6965943198813461226,outputs\fhn-sweep-T500-dt005-init05-observables\runs\random\p_0.02\K_0.00\seed_0009,OK
random,0.00,0.02,,10,20260607,-6965943198813461225,outputs\fhn-sweep-T500-dt005-init05-observables\runs\random\p_0.02\K_0.00\seed_0010,OK
random,0.00,0.02,,11,20260607,-6965943198813461224,outputs\fhn-sweep-T500-dt005-init05-observables\runs\random\p_0.02\K_0.00\seed_0011,OK
random,0.00,0.02,,12,20260607,-6965943198813461223,outputs\fhn-sweep-T500-dt005-init05-observables\runs\random\p_0.02\K_0.00\seed_0012,OK
random,0.00,0.02,,13,20260607,-6965943198813461222,outputs\fhn-sweep-T500-dt005-init05-observables\runs\random\p_0.02\K_0.00\seed_0013,OK
random,0.00,0.02,,14,20260607,-6965943198813461221,outputs\fhn-sweep-T500-dt005-init05-observables\runs\random\p_0.02\K_0.00\seed_0014,OK
random,0.00,0.02,,15,20260607,-6965943198813461220,outputs\fhn-sweep-T500-dt005-init05-observables\runs\random\p_0.02\K_0.00\seed_0015,OK
random,0.10,0.02,,1,20260607,6831284619598802228,outputs\fhn-sweep-T500-dt005-init05-observables\runs\random\p_0.02\K_0.10\seed_0001,OK
random,0.10,0.02,,2,20260607,6831284619598802229,outputs\fhn-sweep-T500-dt005-init05-observables\runs\random\p_0.02\K_0.10\seed_0002,OK
random,0.10,0.02,,3,20260607,6831284619598802230,outputs\fhn-sweep-T500-dt005-init05-observables\runs\random\p_0.02\K_0.10\seed_0003,OK
random,0.10,0.02,,4,20260607,6831284619598802231,outputs\fhn-sweep-T500-dt005-init05-observables\runs\random\p_0.02\K_0.10\seed_0004,OK
random,0.10,0.02,,5,20260607,6831284619598802232,outputs\fhn-sweep-T500-dt005-init05-observables\runs\random\p_0.02\K_0.10\seed_0005,OK
random,0.10,0.02,,6,20260607,6831284619598802233,outputs\fhn-sweep-T500-dt005-init05-observables\runs\random\p_0.02\K_0.10\seed_0006,OK
random,0.10,0.02,,7,20260607,6831284619598802234,outputs\fhn-sweep-T500-dt005-init05-observables\runs\random\p_0.02\K_0.10\seed_0007,OK
random,0.10,0.02,,8,20260607,6831284619598802235,outputs\fhn-sweep-T500-dt005-init05-observables\runs\random\p_0.02\K_0.10\seed_0008,OK
random,0.10,0.02,,9,20260607,6831284619598802236,outputs\fhn-sweep-T500-dt005-init05-observables\runs\random\p_0.02\K_0.10\seed_0009,OK
random,0.10,0.02,,10,20260607,6831284619598802237,outputs\fhn-sweep-T500-dt005-init05-observables\runs\random\p_0.02\K_0.10\seed_0010,OK
random,0.10,0.02,,11,20260607,6831284619598802238,outputs\fhn-sweep-T500-dt005-init05-observables\runs\random\p_0.02\K_0.10\seed_0011,OK
random,0.10,0.02,,12,20260607,6831284619598802239,outputs\fhn-sweep-T500-dt005-init05-observables\runs\random\p_0.02\K_0.10\seed_0012,OK
random,0.10,0.02,,13,20260607,6831284619598802240,outputs\fhn-sweep-T500-dt005-init05-observables\runs\random\p_0.02\K_0.10\seed_0013,OK
random,0.10,0.02,,14,20260607,6831284619598802241,outputs\fhn-sweep-T500-dt005-init05-observables\runs\random\p_0.02\K_0.10\seed_0014,OK
random,0.10,0.02,,15,20260607,6831284619598802242,outputs\fhn-sweep-T500-dt005-init05-observables\runs\random\p_0.02\K_0.10\seed_0015,OK
random,0.20,0.02,,1,20260607,-6575931471083164364,outputs\fhn-sweep-T500-dt005-init05-observables\runs\random\p_0.02\K_0.20\seed_0001,OK
random,0.20,0.02,,2,20260607,-6575931471083164363,outputs\fhn-sweep-T500-dt005-init05-observables\runs\random\p_0.02\K_0.20\seed_0002,OK
random,0.20,0.02,,3,20260607,-6575931471083164362,outputs\fhn-sweep-T500-dt005-init05-observables\runs\random\p_0.02\K_0.20\seed_0003,OK
random,0.20,0.02,,4,20260607,-6575931471083164361,outputs\fhn-sweep-T500-dt005-init05-observables\runs\random\p_0.02\K_0.20\seed_0004,OK
random,0.20,0.02,,5,20260607,-6575931471083164360,outputs\fhn-sweep-T500-dt005-init05-observables\runs\random\p_0.02\K_0.20\seed_0005,OK
random,0.20,0.02,,6,20260607,-6575931471083164359,outputs\fhn-sweep-T500-dt005-init05-observables\runs\random\p_0.02\K_0.20\seed_0006,OK
random,0.20,0.02,,7,20260607,-6575931471083164358,outputs\fhn-sweep-T500-dt005-init05-observables\runs\random\p_0.02\K_0.20\seed_0007,OK
random,0.20,0.02,,8,20260607,-6575931471083164357,outputs\fhn-sweep-T500-dt005-init05-observables\runs\random\p_0.02\K_0.20\seed_0008,OK
random,0.20,0.02,,9,20260607,-6575931471083164356,outputs\fhn-sweep-T500-dt005-init05-observables\runs\random\p_0.02\K_0.20\seed_0009,OK
random,0.20,0.02,,10,20260607,-6575931471083164355,outputs\fhn-sweep-T500-dt005-init05-observables\runs\random\p_0.02\K_0.20\seed_0010,OK
random,0.20,0.02,,11,20260607,-6575931471083164354,outputs\fhn-sweep-T500-dt005-init05-observables\runs\random\p_0.02\K_0.20\seed_0011,OK
random,0.20,0.02,,12,20260607,-6575931471083164353,outputs\fhn-sweep-T500-dt005-init05-observables\runs\random\p_0.02\K_0.20\seed_0012,OK
random,0.20,0.02,,13,20260607,-6575931471083164352,outputs\fhn-sweep-T500-dt005-init05-observables\runs\random\p_0.02\K_0.20\seed_0013,OK
random,0.20,0.02,,14,20260607,-6575931471083164351,outputs\fhn-sweep-T500-dt005-init05-observables\runs\random\p_0.02\K_0.20\seed_0014,OK
random,0.20,0.02,,15,20260607,-6575931471083164350,outputs\fhn-sweep-T500-dt005-init05-observables\runs\random\p_0.02\K_0.20\seed_0015,OK
random,0.30,0.02,,1,20260607,137134133475279099,outputs\fhn-sweep-T500-dt005-init05-observables\runs\random\p_0.02\K_0.30\seed_0001,OK
random,0.30,0.02,,2,20260607,137134133475279100,outputs\fhn-sweep-T500-dt005-init05-observables\runs\random\p_0.02\K_0.30\seed_0002,OK
random,0.30,0.02,,3,20260607,137134133475279101,outputs\fhn-sweep-T500-dt005-init05-observables\runs\random\p_0.02\K_0.30\seed_0003,OK
random,0.30,0.02,,4,20260607,137134133475279102,outputs\fhn-sweep-T500-dt005-init05-observables\runs\random\p_0.02\K_0.30\seed_0004,OK
random,0.30,0.02,,5,20260607,137134133475279103,outputs\fhn-sweep-T500-dt005-init05-observables\runs\random\p_0.02\K_0.30\seed_0005,OK
random,0.30,0.02,,6,20260607,137134133475279104,outputs\fhn-sweep-T500-dt005-init05-observables\runs\random\p_0.02\K_0.30\seed_0006,OK
random,0.30,0.02,,7,20260607,137134133475279105,outputs\fhn-sweep-T500-dt005-init05-observables\runs\random\p_0.02\K_0.30\seed_0007,OK
random,0.30,0.02,,8,20260607,137134133475279106,outputs\fhn-sweep-T500-dt005-init05-observables\runs\random\p_0.02\K_0.30\seed_0008,OK
random,0.30,0.02,,9,20260607,137134133475279107,outputs\fhn-sweep-T500-dt005-init05-observables\runs\random\p_0.02\K_0.30\seed_0009,OK
random,0.30,0.02,,10,20260607,137134133475279108,outputs\fhn-sweep-T500-dt005-init05-observables\runs\random\p_0.02\K_0.30\seed_0010,OK
random,0.30,0.02,,11,20260607,137134133475279109,outputs\fhn-sweep-T500-dt005-init05-observables\runs\random\p_0.02\K_0.30\seed_0011,OK
random,0.30,0.02,,12,20260607,137134133475279110,outputs\fhn-sweep-T500-dt005-init05-observables\runs\random\p_0.02\K_0.30\seed_0012,OK
random,0.30,0.02,,13,20260607,137134133475279111,outputs\fhn-sweep-T500-dt005-init05-observables\runs\random\p_0.02\K_0.30\seed_0013,OK
random,0.30,0.02,,14,20260607,137134133475279112,outputs\fhn-sweep-T500-dt005-init05-observables\runs\random\p_0.02\K_0.30\seed_0014,OK
random,0.30,0.02,,15,20260607,137134133475279113,outputs\fhn-sweep-T500-dt005-init05-observables\runs\random\p_0.02\K_0.30\seed_0015,OK
random,0.40,0.02,,1,20260607,-1536403488055579340,outputs\fhn-sweep-T500-dt005-init05-observables\runs\random\p_0.02\K_0.40\seed_0001,OK
random,0.40,0.02,,2,20260607,-1536403488055579339,outputs\fhn-sweep-T500-dt005-init05-observables\runs\random\p_0.02\K_0.40\seed_0002,OK
random,0.40,0.02,,3,20260607,-1536403488055579338,outputs\fhn-sweep-T500-dt005-init05-observables\runs\random\p_0.02\K_0.40\seed_0003,OK
random,0.40,0.02,,4,20260607,-1536403488055579337,outputs\fhn-sweep-T500-dt005-init05-observables\runs\random\p_0.02\K_0.40\seed_0004,OK
random,0.40,0.02,,5,20260607,-1536403488055579336,outputs\fhn-sweep-T500-dt005-init05-observables\runs\random\p_0.02\K_0.40\seed_0005,OK
random,0.40,0.02,,6,20260607,-1536403488055579335,outputs\fhn-sweep-T500-dt005-init05-observables\runs\random\p_0.02\K_0.40\seed_0006,OK
random,0.40,0.02,,7,20260607,-1536403488055579334,outputs\fhn-sweep-T500-dt005-init05-observables\runs\random\p_0.02\K_0.40\seed_0007,OK
random,0.40,0.02,,8,20260607,-1536403488055579333,outputs\fhn-sweep-T500-dt005-init05-observables\runs\random\p_0.02\K_0.40\seed_0008,OK
random,0.40,0.02,,9,20260607,-1536403488055579332,outputs\fhn-sweep-T500-dt005-init05-observables\runs\random\p_0.02\K_0.40\seed_0009,OK
random,0.40,0.02,,10,20260607,-1536403488055579331,outputs\fhn-sweep-T500-dt005-init05-observables\runs\random\p_0.02\K_0.40\seed_0010,OK
random,0.40,0.02,,11,20260607,-1536403488055579330,outputs\fhn-sweep-T500-dt005-init05-observables\runs\random\p_0.02\K_0.40\seed_0011,OK
random,0.40,0.02,,12,20260607,-1536403488055579329,outputs\fhn-sweep-T500-dt005-init05-observables\runs\random\p_0.02\K_0.40\seed_0012,OK
random,0.40,0.02,,13,20260607,-1536403488055579328,outputs\fhn-sweep-T500-dt005-init05-observables\runs\random\p_0.02\K_0.40\seed_0013,OK
random,0.40,0.02,,14,20260607,-1536403488055579327,outputs\fhn-sweep-T500-dt005-init05-observables\runs\random\p_0.02\K_0.40\seed_0014,OK
random,0.40,0.02,,15,20260607,-1536403488055579326,outputs\fhn-sweep-T500-dt005-init05-observables\runs\random\p_0.02\K_0.40\seed_0015,OK
random,0.50,0.02,,1,20260607,-3209941109586467570,outputs\fhn-sweep-T500-dt005-init05-observables\runs\random\p_0.02\K_0.50\seed_0001,OK
random,0.50,0.02,,2,20260607,-3209941109586467569,outputs\fhn-sweep-T500-dt005-init05-observables\runs\random\p_0.02\K_0.50\seed_0002,OK
random,0.50,0.02,,3,20260607,-3209941109586467568,outputs\fhn-sweep-T500-dt005-init05-observables\runs\random\p_0.02\K_0.50\seed_0003,OK
random,0.50,0.02,,4,20260607,-3209941109586467567,outputs\fhn-sweep-T500-dt005-init05-observables\runs\random\p_0.02\K_0.50\seed_0004,OK
random,0.50,0.02,,5,20260607,-3209941109586467566,outputs\fhn-sweep-T500-dt005-init05-observables\runs\random\p_0.02\K_0.50\seed_0005,OK
random,0.50,0.02,,6,20260607,-3209941109586467565,outputs\fhn-sweep-T500-dt005-init05-observables\runs\random\p_0.02\K_0.50\seed_0006,OK
random,0.50,0.02,,7,20260607,-3209941109586467564,outputs\fhn-sweep-T500-dt005-init05-observables\runs\random\p_0.02\K_0.50\seed_0007,OK
random,0.50,0.02,,8,20260607,-3209941109586467563,outputs\fhn-sweep-T500-dt005-init05-observables\runs\random\p_0.02\K_0.50\seed_0008,OK
random,0.50,0.02,,9,20260607,-3209941109586467562,outputs\fhn-sweep-T500-dt005-init05-observables\runs\random\p_0.02\K_0.50\seed_0009,OK
random,0.50,0.02,,10,20260607,-3209941109586467561,outputs\fhn-sweep-T500-dt005-init05-observables\runs\random\p_0.02\K_0.50\seed_0010,OK
random,0.50,0.02,,11,20260607,-3209941109586467560,outputs\fhn-sweep-T500-dt005-init05-observables\runs\random\p_0.02\K_0.50\seed_0011,OK
random,0.50,0.02,,12,20260607,-3209941109586467559,outputs\fhn-sweep-T500-dt005-init05-observables\runs\random\p_0.02\K_0.50\seed_0012,OK
random,0.50,0.02,,13,20260607,-3209941109586467558,outputs\fhn-sweep-T500-dt005-init05-observables\runs\random\p_0.02\K_0.50\seed_0013,OK
random,0.50,0.02,,15,20260607,-3209941109586467556,outputs\fhn-sweep-T500-dt005-init05-observables\runs\random\p_0.02\K_0.50\seed_0015,OK
random,0.50,0.02,,14,20260607,-3209941109586467557,outputs\fhn-sweep-T500-dt005-init05-observables\runs\random\p_0.02\K_0.50\seed_0014,OK
random,0.60,0.02,,1,20260607,5176662116502864123,outputs\fhn-sweep-T500-dt005-init05-observables\runs\random\p_0.02\K_0.60\seed_0001,OK
random,0.60,0.02,,2,20260607,5176662116502864124,outputs\fhn-sweep-T500-dt005-init05-observables\runs\random\p_0.02\K_0.60\seed_0002,OK
random,0.60,0.02,,3,20260607,5176662116502864125,outputs\fhn-sweep-T500-dt005-init05-observables\runs\random\p_0.02\K_0.60\seed_0003,OK
random,0.60,0.02,,4,20260607,5176662116502864126,outputs\fhn-sweep-T500-dt005-init05-observables\runs\random\p_0.02\K_0.60\seed_0004,OK
random,0.60,0.02,,6,20260607,5176662116502864128,outputs\fhn-sweep-T500-dt005-init05-observables\runs\random\p_0.02\K_0.60\seed_0006,OK
random,0.60,0.02,,5,20260607,5176662116502864127,outputs\fhn-sweep-T500-dt005-init05-observables\runs\random\p_0.02\K_0.60\seed_0005,OK
random,0.60,0.02,,7,20260607,5176662116502864129,outputs\fhn-sweep-T500-dt005-init05-observables\runs\random\p_0.02\K_0.60\seed_0007,OK
random,0.60,0.02,,8,20260607,5176662116502864130,outputs\fhn-sweep-T500-dt005-init05-observables\runs\random\p_0.02\K_0.60\seed_0008,OK
random,0.60,0.02,,10,20260607,5176662116502864132,outputs\fhn-sweep-T500-dt005-init05-observables\runs\random\p_0.02\K_0.60\seed_0010,OK
random,0.60,0.02,,9,20260607,5176662116502864131,outputs\fhn-sweep-T500-dt005-init05-observables\runs\random\p_0.02\K_0.60\seed_0009,OK
random,0.60,0.02,,11,20260607,5176662116502864133,outputs\fhn-sweep-T500-dt005-init05-observables\runs\random\p_0.02\K_0.60\seed_0011,OK
random,0.60,0.02,,12,20260607,5176662116502864134,outputs\fhn-sweep-T500-dt005-init05-observables\runs\random\p_0.02\K_0.60\seed_0012,OK
random,0.60,0.02,,13,20260607,5176662116502864135,outputs\fhn-sweep-T500-dt005-init05-observables\runs\random\p_0.02\K_0.60\seed_0013,OK
random,0.60,0.02,,14,20260607,5176662116502864136,outputs\fhn-sweep-T500-dt005-init05-observables\runs\random\p_0.02\K_0.60\seed_0014,OK
random,0.60,0.02,,15,20260607,5176662116502864137,outputs\fhn-sweep-T500-dt005-init05-observables\runs\random\p_0.02\K_0.60\seed_0015,OK
random,0.70,0.02,,1,20260607,-4883478731117355800,outputs\fhn-sweep-T500-dt005-init05-observables\runs\random\p_0.02\K_0.70\seed_0001,OK
random,0.70,0.02,,2,20260607,-4883478731117355799,outputs\fhn-sweep-T500-dt005-init05-observables\runs\random\p_0.02\K_0.70\seed_0002,OK
random,0.70,0.02,,3,20260607,-4883478731117355798,outputs\fhn-sweep-T500-dt005-init05-observables\runs\random\p_0.02\K_0.70\seed_0003,OK
random,0.70,0.02,,4,20260607,-4883478731117355797,outputs\fhn-sweep-T500-dt005-init05-observables\runs\random\p_0.02\K_0.70\seed_0004,OK
random,0.70,0.02,,5,20260607,-4883478731117355796,outputs\fhn-sweep-T500-dt005-init05-observables\runs\random\p_0.02\K_0.70\seed_0005,OK
random,0.70,0.02,,6,20260607,-4883478731117355795,outputs\fhn-sweep-T500-dt005-init05-observables\runs\random\p_0.02\K_0.70\seed_0006,OK
random,0.70,0.02,,7,20260607,-4883478731117355794,outputs\fhn-sweep-T500-dt005-init05-observables\runs\random\p_0.02\K_0.70\seed_0007,OK
random,0.70,0.02,,8,20260607,-4883478731117355793,outputs\fhn-sweep-T500-dt005-init05-observables\runs\random\p_0.02\K_0.70\seed_0008,OK
random,0.70,0.02,,9,20260607,-4883478731117355792,outputs\fhn-sweep-T500-dt005-init05-observables\runs\random\p_0.02\K_0.70\seed_0009,OK
random,0.70,0.02,,10,20260607,-4883478731117355791,outputs\fhn-sweep-T500-dt005-init05-observables\runs\random\p_0.02\K_0.70\seed_0010,OK
random,0.70,0.02,,11,20260607,-4883478731117355790,outputs\fhn-sweep-T500-dt005-init05-observables\runs\random\p_0.02\K_0.70\seed_0011,OK
random,0.70,0.02,,12,20260607,-4883478731117355789,outputs\fhn-sweep-T500-dt005-init05-observables\runs\random\p_0.02\K_0.70\seed_0012,OK
random,0.70,0.02,,13,20260607,-4883478731117355788,outputs\fhn-sweep-T500-dt005-init05-observables\runs\random\p_0.02\K_0.70\seed_0013,OK
random,0.70,0.02,,14,20260607,-4883478731117355787,outputs\fhn-sweep-T500-dt005-init05-observables\runs\random\p_0.02\K_0.70\seed_0014,OK
random,0.70,0.02,,15,20260607,-4883478731117355786,outputs\fhn-sweep-T500-dt005-init05-observables\runs\random\p_0.02\K_0.70\seed_0015,OK
random,0.80,0.02,,1,20260607,3503124494972005684,outputs\fhn-sweep-T500-dt005-init05-observables\runs\random\p_0.02\K_0.80\seed_0001,OK
random,0.80,0.02,,2,20260607,3503124494972005685,outputs\fhn-sweep-T500-dt005-init05-observables\runs\random\p_0.02\K_0.80\seed_0002,OK
random,0.80,0.02,,3,20260607,3503124494972005686,outputs\fhn-sweep-T500-dt005-init05-observables\runs\random\p_0.02\K_0.80\seed_0003,OK
random,0.80,0.02,,4,20260607,3503124494972005687,outputs\fhn-sweep-T500-dt005-init05-observables\runs\random\p_0.02\K_0.80\seed_0004,OK
random,0.80,0.02,,5,20260607,3503124494972005688,outputs\fhn-sweep-T500-dt005-init05-observables\runs\random\p_0.02\K_0.80\seed_0005,OK
random,0.80,0.02,,6,20260607,3503124494972005689,outputs\fhn-sweep-T500-dt005-init05-observables\runs\random\p_0.02\K_0.80\seed_0006,OK
random,0.80,0.02,,7,20260607,3503124494972005690,outputs\fhn-sweep-T500-dt005-init05-observables\runs\random\p_0.02\K_0.80\seed_0007,OK
random,0.80,0.02,,8,20260607,3503124494972005691,outputs\fhn-sweep-T500-dt005-init05-observables\runs\random\p_0.02\K_0.80\seed_0008,OK
random,0.80,0.02,,9,20260607,3503124494972005692,outputs\fhn-sweep-T500-dt005-init05-observables\runs\random\p_0.02\K_0.80\seed_0009,OK
random,0.80,0.02,,10,20260607,3503124494972005693,outputs\fhn-sweep-T500-dt005-init05-observables\runs\random\p_0.02\K_0.80\seed_0010,OK
random,0.80,0.02,,11,20260607,3503124494972005694,outputs\fhn-sweep-T500-dt005-init05-observables\runs\random\p_0.02\K_0.80\seed_0011,OK
random,0.80,0.02,,12,20260607,3503124494972005695,outputs\fhn-sweep-T500-dt005-init05-observables\runs\random\p_0.02\K_0.80\seed_0012,OK
random,0.80,0.02,,13,20260607,3503124494972005696,outputs\fhn-sweep-T500-dt005-init05-observables\runs\random\p_0.02\K_0.80\seed_0013,OK
random,0.80,0.02,,14,20260607,3503124494972005697,outputs\fhn-sweep-T500-dt005-init05-observables\runs\random\p_0.02\K_0.80\seed_0014,OK
random,0.80,0.02,,15,20260607,3503124494972005698,outputs\fhn-sweep-T500-dt005-init05-observables\runs\random\p_0.02\K_0.80\seed_0015,OK
random,0.90,0.02,,1,20260607,-6557016352648214239,outputs\fhn-sweep-T500-dt005-init05-observables\runs\random\p_0.02\K_0.90\seed_0001,OK
random,0.90,0.02,,2,20260607,-6557016352648214238,outputs\fhn-sweep-T500-dt005-init05-observables\runs\random\p_0.02\K_0.90\seed_0002,OK
random,0.90,0.02,,3,20260607,-6557016352648214237,outputs\fhn-sweep-T500-dt005-init05-observables\runs\random\p_0.02\K_0.90\seed_0003,OK
random,0.90,0.02,,4,20260607,-6557016352648214236,outputs\fhn-sweep-T500-dt005-init05-observables\runs\random\p_0.02\K_0.90\seed_0004,OK
random,0.90,0.02,,5,20260607,-6557016352648214235,outputs\fhn-sweep-T500-dt005-init05-observables\runs\random\p_0.02\K_0.90\seed_0005,OK
random,0.90,0.02,,7,20260607,-6557016352648214233,outputs\fhn-sweep-T500-dt005-init05-observables\runs\random\p_0.02\K_0.90\seed_0007,OK
random,0.90,0.02,,6,20260607,-6557016352648214234,outputs\fhn-sweep-T500-dt005-init05-observables\runs\random\p_0.02\K_0.90\seed_0006,OK
random,0.90,0.02,,8,20260607,-6557016352648214232,outputs\fhn-sweep-T500-dt005-init05-observables\runs\random\p_0.02\K_0.90\seed_0008,OK
random,0.90,0.02,,9,20260607,-6557016352648214231,outputs\fhn-sweep-T500-dt005-init05-observables\runs\random\p_0.02\K_0.90\seed_0009,OK
random,0.90,0.02,,10,20260607,-6557016352648214230,outputs\fhn-sweep-T500-dt005-init05-observables\runs\random\p_0.02\K_0.90\seed_0010,OK
random,0.90,0.02,,11,20260607,-6557016352648214229,outputs\fhn-sweep-T500-dt005-init05-observables\runs\random\p_0.02\K_0.90\seed_0011,OK
random,0.90,0.02,,12,20260607,-6557016352648214228,outputs\fhn-sweep-T500-dt005-init05-observables\runs\random\p_0.02\K_0.90\seed_0012,OK
random,0.90,0.02,,13,20260607,-6557016352648214227,outputs\fhn-sweep-T500-dt005-init05-observables\runs\random\p_0.02\K_0.90\seed_0013,OK
random,0.90,0.02,,14,20260607,-6557016352648214226,outputs\fhn-sweep-T500-dt005-init05-observables\runs\random\p_0.02\K_0.90\seed_0014,OK
random,1.00,0.02,,1,20260607,1829586873441117454,outputs\fhn-sweep-T500-dt005-init05-observables\runs\random\p_0.02\K_1.00\seed_0001,OK
random,0.90,0.02,,15,20260607,-6557016352648214225,outputs\fhn-sweep-T500-dt005-init05-observables\runs\random\p_0.02\K_0.90\seed_0015,OK
random,1.00,0.02,,2,20260607,1829586873441117455,outputs\fhn-sweep-T500-dt005-init05-observables\runs\random\p_0.02\K_1.00\seed_0002,OK
random,1.00,0.02,,3,20260607,1829586873441117456,outputs\fhn-sweep-T500-dt005-init05-observables\runs\random\p_0.02\K_1.00\seed_0003,OK
random,1.00,0.02,,4,20260607,1829586873441117457,outputs\fhn-sweep-T500-dt005-init05-observables\runs\random\p_0.02\K_1.00\seed_0004,OK
random,1.00,0.02,,5,20260607,1829586873441117458,outputs\fhn-sweep-T500-dt005-init05-observables\runs\random\p_0.02\K_1.00\seed_0005,OK
random,1.00,0.02,,6,20260607,1829586873441117459,outputs\fhn-sweep-T500-dt005-init05-observables\runs\random\p_0.02\K_1.00\seed_0006,OK
random,1.00,0.02,,7,20260607,1829586873441117460,outputs\fhn-sweep-T500-dt005-init05-observables\runs\random\p_0.02\K_1.00\seed_0007,OK
random,1.00,0.02,,8,20260607,1829586873441117461,outputs\fhn-sweep-T500-dt005-init05-observables\runs\random\p_0.02\K_1.00\seed_0008,OK
random,1.00,0.02,,9,20260607,1829586873441117462,outputs\fhn-sweep-T500-dt005-init05-observables\runs\random\p_0.02\K_1.00\seed_0009,OK
random,1.00,0.02,,10,20260607,1829586873441117463,outputs\fhn-sweep-T500-dt005-init05-observables\runs\random\p_0.02\K_1.00\seed_0010,OK
random,1.00,0.02,,11,20260607,1829586873441117464,outputs\fhn-sweep-T500-dt005-init05-observables\runs\random\p_0.02\K_1.00\seed_0011,OK
random,1.00,0.02,,12,20260607,1829586873441117465,outputs\fhn-sweep-T500-dt005-init05-observables\runs\random\p_0.02\K_1.00\seed_0012,OK
random,1.00,0.02,,13,20260607,1829586873441117466,outputs\fhn-sweep-T500-dt005-init05-observables\runs\random\p_0.02\K_1.00\seed_0013,OK
random,1.00,0.02,,14,20260607,1829586873441117467,outputs\fhn-sweep-T500-dt005-init05-observables\runs\random\p_0.02\K_1.00\seed_0014,OK
random,1.00,0.02,,15,20260607,1829586873441117468,outputs\fhn-sweep-T500-dt005-init05-observables\runs\random\p_0.02\K_1.00\seed_0015,OK
random,0.00,0.05,,2,20260607,-2177185162046932257,outputs\fhn-sweep-T500-dt005-init05-observables\runs\random\p_0.05\K_0.00\seed_0002,OK
random,0.00,0.05,,1,20260607,-2177185162046932258,outputs\fhn-sweep-T500-dt005-init05-observables\runs\random\p_0.05\K_0.00\seed_0001,OK
random,0.00,0.05,,3,20260607,-2177185162046932256,outputs\fhn-sweep-T500-dt005-init05-observables\runs\random\p_0.05\K_0.00\seed_0003,OK
random,0.00,0.05,,4,20260607,-2177185162046932255,outputs\fhn-sweep-T500-dt005-init05-observables\runs\random\p_0.05\K_0.00\seed_0004,OK
random,0.00,0.05,,5,20260607,-2177185162046932254,outputs\fhn-sweep-T500-dt005-init05-observables\runs\random\p_0.05\K_0.00\seed_0005,OK
random,0.00,0.05,,6,20260607,-2177185162046932253,outputs\fhn-sweep-T500-dt005-init05-observables\runs\random\p_0.05\K_0.00\seed_0006,OK
random,0.00,0.05,,7,20260607,-2177185162046932252,outputs\fhn-sweep-T500-dt005-init05-observables\runs\random\p_0.05\K_0.00\seed_0007,OK
random,0.00,0.05,,8,20260607,-2177185162046932251,outputs\fhn-sweep-T500-dt005-init05-observables\runs\random\p_0.05\K_0.00\seed_0008,OK
random,0.00,0.05,,9,20260607,-2177185162046932250,outputs\fhn-sweep-T500-dt005-init05-observables\runs\random\p_0.05\K_0.00\seed_0009,OK
random,0.00,0.05,,10,20260607,-2177185162046932249,outputs\fhn-sweep-T500-dt005-init05-observables\runs\random\p_0.05\K_0.00\seed_0010,OK
random,0.00,0.05,,12,20260607,-2177185162046932247,outputs\fhn-sweep-T500-dt005-init05-observables\runs\random\p_0.05\K_0.00\seed_0012,OK
random,0.00,0.05,,11,20260607,-2177185162046932248,outputs\fhn-sweep-T500-dt005-init05-observables\runs\random\p_0.05\K_0.00\seed_0011,OK
random,0.00,0.05,,13,20260607,-2177185162046932246,outputs\fhn-sweep-T500-dt005-init05-observables\runs\random\p_0.05\K_0.00\seed_0013,OK
random,0.00,0.05,,14,20260607,-2177185162046932245,outputs\fhn-sweep-T500-dt005-init05-observables\runs\random\p_0.05\K_0.00\seed_0014,OK
random,0.00,0.05,,15,20260607,-2177185162046932244,outputs\fhn-sweep-T500-dt005-init05-observables\runs\random\p_0.05\K_0.00\seed_0015,OK
random,0.10,0.05,,1,20260607,-6826701417344220412,outputs\fhn-sweep-T500-dt005-init05-observables\runs\random\p_0.05\K_0.10\seed_0001,OK
random,0.10,0.05,,2,20260607,-6826701417344220411,outputs\fhn-sweep-T500-dt005-init05-observables\runs\random\p_0.05\K_0.10\seed_0002,OK
random,0.10,0.05,,3,20260607,-6826701417344220410,outputs\fhn-sweep-T500-dt005-init05-observables\runs\random\p_0.05\K_0.10\seed_0003,OK
random,0.10,0.05,,4,20260607,-6826701417344220409,outputs\fhn-sweep-T500-dt005-init05-observables\runs\random\p_0.05\K_0.10\seed_0004,OK
random,0.10,0.05,,5,20260607,-6826701417344220408,outputs\fhn-sweep-T500-dt005-init05-observables\runs\random\p_0.05\K_0.10\seed_0005,OK
random,0.10,0.05,,6,20260607,-6826701417344220407,outputs\fhn-sweep-T500-dt005-init05-observables\runs\random\p_0.05\K_0.10\seed_0006,OK
random,0.10,0.05,,7,20260607,-6826701417344220406,outputs\fhn-sweep-T500-dt005-init05-observables\runs\random\p_0.05\K_0.10\seed_0007,OK
random,0.10,0.05,,8,20260607,-6826701417344220405,outputs\fhn-sweep-T500-dt005-init05-observables\runs\random\p_0.05\K_0.10\seed_0008,OK
random,0.10,0.05,,9,20260607,-6826701417344220404,outputs\fhn-sweep-T500-dt005-init05-observables\runs\random\p_0.05\K_0.10\seed_0009,OK
random,0.10,0.05,,10,20260607,-6826701417344220403,outputs\fhn-sweep-T500-dt005-init05-observables\runs\random\p_0.05\K_0.10\seed_0010,OK
random,0.10,0.05,,11,20260607,-6826701417344220402,outputs\fhn-sweep-T500-dt005-init05-observables\runs\random\p_0.05\K_0.10\seed_0011,OK
random,0.10,0.05,,12,20260607,-6826701417344220401,outputs\fhn-sweep-T500-dt005-init05-observables\runs\random\p_0.05\K_0.10\seed_0012,OK
random,0.10,0.05,,13,20260607,-6826701417344220400,outputs\fhn-sweep-T500-dt005-init05-observables\runs\random\p_0.05\K_0.10\seed_0013,OK
random,0.10,0.05,,14,20260607,-6826701417344220399,outputs\fhn-sweep-T500-dt005-init05-observables\runs\random\p_0.05\K_0.10\seed_0014,OK
random,0.10,0.05,,15,20260607,-6826701417344220398,outputs\fhn-sweep-T500-dt005-init05-observables\runs\random\p_0.05\K_0.10\seed_0015,OK
random,0.20,0.05,,1,20260607,-1787173434316635388,outputs\fhn-sweep-T500-dt005-init05-observables\runs\random\p_0.05\K_0.20\seed_0001,OK
random,0.20,0.05,,2,20260607,-1787173434316635387,outputs\fhn-sweep-T500-dt005-init05-observables\runs\random\p_0.05\K_0.20\seed_0002,OK
random,0.20,0.05,,3,20260607,-1787173434316635386,outputs\fhn-sweep-T500-dt005-init05-observables\runs\random\p_0.05\K_0.20\seed_0003,OK
random,0.20,0.05,,4,20260607,-1787173434316635385,outputs\fhn-sweep-T500-dt005-init05-observables\runs\random\p_0.05\K_0.20\seed_0004,OK
random,0.20,0.05,,5,20260607,-1787173434316635384,outputs\fhn-sweep-T500-dt005-init05-observables\runs\random\p_0.05\K_0.20\seed_0005,OK
random,0.20,0.05,,6,20260607,-1787173434316635383,outputs\fhn-sweep-T500-dt005-init05-observables\runs\random\p_0.05\K_0.20\seed_0006,OK
random,0.20,0.05,,7,20260607,-1787173434316635382,outputs\fhn-sweep-T500-dt005-init05-observables\runs\random\p_0.05\K_0.20\seed_0007,OK
random,0.20,0.05,,8,20260607,-1787173434316635381,outputs\fhn-sweep-T500-dt005-init05-observables\runs\random\p_0.05\K_0.20\seed_0008,OK
random,0.20,0.05,,9,20260607,-1787173434316635380,outputs\fhn-sweep-T500-dt005-init05-observables\runs\random\p_0.05\K_0.20\seed_0009,OK
random,0.20,0.05,,10,20260607,-1787173434316635379,outputs\fhn-sweep-T500-dt005-init05-observables\runs\random\p_0.05\K_0.20\seed_0010,OK
random,0.20,0.05,,11,20260607,-1787173434316635378,outputs\fhn-sweep-T500-dt005-init05-observables\runs\random\p_0.05\K_0.20\seed_0011,OK
random,0.20,0.05,,12,20260607,-1787173434316635377,outputs\fhn-sweep-T500-dt005-init05-observables\runs\random\p_0.05\K_0.20\seed_0012,OK
random,0.20,0.05,,13,20260607,-1787173434316635376,outputs\fhn-sweep-T500-dt005-init05-observables\runs\random\p_0.05\K_0.20\seed_0013,OK
random,0.20,0.05,,14,20260607,-1787173434316635375,outputs\fhn-sweep-T500-dt005-init05-observables\runs\random\p_0.05\K_0.20\seed_0014,OK
random,0.20,0.05,,15,20260607,-1787173434316635374,outputs\fhn-sweep-T500-dt005-init05-observables\runs\random\p_0.05\K_0.20\seed_0015,OK
random,0.30,0.05,,1,20260607,4925892170241808075,outputs\fhn-sweep-T500-dt005-init05-observables\runs\random\p_0.05\K_0.30\seed_0001,OK
random,0.30,0.05,,2,20260607,4925892170241808076,outputs\fhn-sweep-T500-dt005-init05-observables\runs\random\p_0.05\K_0.30\seed_0002,OK
random,0.30,0.05,,3,20260607,4925892170241808077,outputs\fhn-sweep-T500-dt005-init05-observables\runs\random\p_0.05\K_0.30\seed_0003,OK
random,0.30,0.05,,4,20260607,4925892170241808078,outputs\fhn-sweep-T500-dt005-init05-observables\runs\random\p_0.05\K_0.30\seed_0004,OK
random,0.30,0.05,,5,20260607,4925892170241808079,outputs\fhn-sweep-T500-dt005-init05-observables\runs\random\p_0.05\K_0.30\seed_0005,OK
random,0.30,0.05,,7,20260607,4925892170241808081,outputs\fhn-sweep-T500-dt005-init05-observables\runs\random\p_0.05\K_0.30\seed_0007,OK
random,0.30,0.05,,8,20260607,4925892170241808082,outputs\fhn-sweep-T500-dt005-init05-observables\runs\random\p_0.05\K_0.30\seed_0008,OK
random,0.30,0.05,,6,20260607,4925892170241808080,outputs\fhn-sweep-T500-dt005-init05-observables\runs\random\p_0.05\K_0.30\seed_0006,OK
random,0.30,0.05,,9,20260607,4925892170241808083,outputs\fhn-sweep-T500-dt005-init05-observables\runs\random\p_0.05\K_0.30\seed_0009,OK
random,0.30,0.05,,10,20260607,4925892170241808084,outputs\fhn-sweep-T500-dt005-init05-observables\runs\random\p_0.05\K_0.30\seed_0010,OK
random,0.30,0.05,,13,20260607,4925892170241808087,outputs\fhn-sweep-T500-dt005-init05-observables\runs\random\p_0.05\K_0.30\seed_0013,OK
random,0.30,0.05,,11,20260607,4925892170241808085,outputs\fhn-sweep-T500-dt005-init05-observables\runs\random\p_0.05\K_0.30\seed_0011,OK
random,0.30,0.05,,12,20260607,4925892170241808086,outputs\fhn-sweep-T500-dt005-init05-observables\runs\random\p_0.05\K_0.30\seed_0012,OK
random,0.30,0.05,,14,20260607,4925892170241808088,outputs\fhn-sweep-T500-dt005-init05-observables\runs\random\p_0.05\K_0.30\seed_0014,OK
random,0.30,0.05,,15,20260607,4925892170241808089,outputs\fhn-sweep-T500-dt005-init05-observables\runs\random\p_0.05\K_0.30\seed_0015,OK
random,0.40,0.05,,1,20260607,3252354548710949636,outputs\fhn-sweep-T500-dt005-init05-observables\runs\random\p_0.05\K_0.40\seed_0001,OK
random,0.40,0.05,,2,20260607,3252354548710949637,outputs\fhn-sweep-T500-dt005-init05-observables\runs\random\p_0.05\K_0.40\seed_0002,OK
random,0.40,0.05,,3,20260607,3252354548710949638,outputs\fhn-sweep-T500-dt005-init05-observables\runs\random\p_0.05\K_0.40\seed_0003,OK
random,0.40,0.05,,4,20260607,3252354548710949639,outputs\fhn-sweep-T500-dt005-init05-observables\runs\random\p_0.05\K_0.40\seed_0004,OK
random,0.40,0.05,,5,20260607,3252354548710949640,outputs\fhn-sweep-T500-dt005-init05-observables\runs\random\p_0.05\K_0.40\seed_0005,OK
random,0.40,0.05,,7,20260607,3252354548710949642,outputs\fhn-sweep-T500-dt005-init05-observables\runs\random\p_0.05\K_0.40\seed_0007,OK
random,0.40,0.05,,8,20260607,3252354548710949643,outputs\fhn-sweep-T500-dt005-init05-observables\runs\random\p_0.05\K_0.40\seed_0008,OK
random,0.40,0.05,,6,20260607,3252354548710949641,outputs\fhn-sweep-T500-dt005-init05-observables\runs\random\p_0.05\K_0.40\seed_0006,OK
random,0.40,0.05,,9,20260607,3252354548710949644,outputs\fhn-sweep-T500-dt005-init05-observables\runs\random\p_0.05\K_0.40\seed_0009,OK
random,0.40,0.05,,10,20260607,3252354548710949645,outputs\fhn-sweep-T500-dt005-init05-observables\runs\random\p_0.05\K_0.40\seed_0010,OK
random,0.40,0.05,,11,20260607,3252354548710949646,outputs\fhn-sweep-T500-dt005-init05-observables\runs\random\p_0.05\K_0.40\seed_0011,OK
random,0.40,0.05,,12,20260607,3252354548710949647,outputs\fhn-sweep-T500-dt005-init05-observables\runs\random\p_0.05\K_0.40\seed_0012,OK
random,0.40,0.05,,13,20260607,3252354548710949648,outputs\fhn-sweep-T500-dt005-init05-observables\runs\random\p_0.05\K_0.40\seed_0013,OK
random,0.40,0.05,,14,20260607,3252354548710949649,outputs\fhn-sweep-T500-dt005-init05-observables\runs\random\p_0.05\K_0.40\seed_0014,OK
random,0.40,0.05,,15,20260607,3252354548710949650,outputs\fhn-sweep-T500-dt005-init05-observables\runs\random\p_0.05\K_0.40\seed_0015,OK
random,0.50,0.05,,2,20260607,1578816927180061407,outputs\fhn-sweep-T500-dt005-init05-observables\runs\random\p_0.05\K_0.50\seed_0002,OK
random,0.50,0.05,,3,20260607,1578816927180061408,outputs\fhn-sweep-T500-dt005-init05-observables\runs\random\p_0.05\K_0.50\seed_0003,OK
random,0.50,0.05,,1,20260607,1578816927180061406,outputs\fhn-sweep-T500-dt005-init05-observables\runs\random\p_0.05\K_0.50\seed_0001,OK
random,0.50,0.05,,4,20260607,1578816927180061409,outputs\fhn-sweep-T500-dt005-init05-observables\runs\random\p_0.05\K_0.50\seed_0004,OK
random,0.50,0.05,,5,20260607,1578816927180061410,outputs\fhn-sweep-T500-dt005-init05-observables\runs\random\p_0.05\K_0.50\seed_0005,OK
random,0.50,0.05,,8,20260607,1578816927180061413,outputs\fhn-sweep-T500-dt005-init05-observables\runs\random\p_0.05\K_0.50\seed_0008,OK
random,0.50,0.05,,6,20260607,1578816927180061411,outputs\fhn-sweep-T500-dt005-init05-observables\runs\random\p_0.05\K_0.50\seed_0006,OK
random,0.50,0.05,,7,20260607,1578816927180061412,outputs\fhn-sweep-T500-dt005-init05-observables\runs\random\p_0.05\K_0.50\seed_0007,OK
random,0.50,0.05,,9,20260607,1578816927180061414,outputs\fhn-sweep-T500-dt005-init05-observables\runs\random\p_0.05\K_0.50\seed_0009,OK
random,0.50,0.05,,10,20260607,1578816927180061415,outputs\fhn-sweep-T500-dt005-init05-observables\runs\random\p_0.05\K_0.50\seed_0010,OK
random,0.50,0.05,,12,20260607,1578816927180061417,outputs\fhn-sweep-T500-dt005-init05-observables\runs\random\p_0.05\K_0.50\seed_0012,OK
random,0.50,0.05,,11,20260607,1578816927180061416,outputs\fhn-sweep-T500-dt005-init05-observables\runs\random\p_0.05\K_0.50\seed_0011,OK
random,0.50,0.05,,13,20260607,1578816927180061418,outputs\fhn-sweep-T500-dt005-init05-observables\runs\random\p_0.05\K_0.50\seed_0013,OK
random,0.50,0.05,,14,20260607,1578816927180061419,outputs\fhn-sweep-T500-dt005-init05-observables\runs\random\p_0.05\K_0.50\seed_0014,OK
random,0.50,0.05,,15,20260607,1578816927180061420,outputs\fhn-sweep-T500-dt005-init05-observables\runs\random\p_0.05\K_0.50\seed_0015,OK
random,0.60,0.05,,1,20260607,-8481323920440158517,outputs\fhn-sweep-T500-dt005-init05-observables\runs\random\p_0.05\K_0.60\seed_0001,OK
random,0.60,0.05,,2,20260607,-8481323920440158516,outputs\fhn-sweep-T500-dt005-init05-observables\runs\random\p_0.05\K_0.60\seed_0002,OK
random,0.60,0.05,,3,20260607,-8481323920440158515,outputs\fhn-sweep-T500-dt005-init05-observables\runs\random\p_0.05\K_0.60\seed_0003,OK
random,0.60,0.05,,4,20260607,-8481323920440158514,outputs\fhn-sweep-T500-dt005-init05-observables\runs\random\p_0.05\K_0.60\seed_0004,OK
random,0.60,0.05,,5,20260607,-8481323920440158513,outputs\fhn-sweep-T500-dt005-init05-observables\runs\random\p_0.05\K_0.60\seed_0005,OK
random,0.60,0.05,,6,20260607,-8481323920440158512,outputs\fhn-sweep-T500-dt005-init05-observables\runs\random\p_0.05\K_0.60\seed_0006,OK
random,0.60,0.05,,7,20260607,-8481323920440158511,outputs\fhn-sweep-T500-dt005-init05-observables\runs\random\p_0.05\K_0.60\seed_0007,OK
random,0.60,0.05,,8,20260607,-8481323920440158510,outputs\fhn-sweep-T500-dt005-init05-observables\runs\random\p_0.05\K_0.60\seed_0008,OK
random,0.60,0.05,,9,20260607,-8481323920440158509,outputs\fhn-sweep-T500-dt005-init05-observables\runs\random\p_0.05\K_0.60\seed_0009,OK
random,0.60,0.05,,10,20260607,-8481323920440158508,outputs\fhn-sweep-T500-dt005-init05-observables\runs\random\p_0.05\K_0.60\seed_0010,OK
random,0.60,0.05,,11,20260607,-8481323920440158507,outputs\fhn-sweep-T500-dt005-init05-observables\runs\random\p_0.05\K_0.60\seed_0011,OK
random,0.60,0.05,,13,20260607,-8481323920440158505,outputs\fhn-sweep-T500-dt005-init05-observables\runs\random\p_0.05\K_0.60\seed_0013,OK
random,0.60,0.05,,12,20260607,-8481323920440158506,outputs\fhn-sweep-T500-dt005-init05-observables\runs\random\p_0.05\K_0.60\seed_0012,OK
random,0.60,0.05,,14,20260607,-8481323920440158504,outputs\fhn-sweep-T500-dt005-init05-observables\runs\random\p_0.05\K_0.60\seed_0014,OK
random,0.60,0.05,,15,20260607,-8481323920440158503,outputs\fhn-sweep-T500-dt005-init05-observables\runs\random\p_0.05\K_0.60\seed_0015,OK
random,0.70,0.05,,1,20260607,-94720694350826824,outputs\fhn-sweep-T500-dt005-init05-observables\runs\random\p_0.05\K_0.70\seed_0001,OK
random,0.70,0.05,,2,20260607,-94720694350826823,outputs\fhn-sweep-T500-dt005-init05-observables\runs\random\p_0.05\K_0.70\seed_0002,OK
random,0.70,0.05,,3,20260607,-94720694350826822,outputs\fhn-sweep-T500-dt005-init05-observables\runs\random\p_0.05\K_0.70\seed_0003,OK
random,0.70,0.05,,4,20260607,-94720694350826821,outputs\fhn-sweep-T500-dt005-init05-observables\runs\random\p_0.05\K_0.70\seed_0004,OK
random,0.70,0.05,,5,20260607,-94720694350826820,outputs\fhn-sweep-T500-dt005-init05-observables\runs\random\p_0.05\K_0.70\seed_0005,OK
random,0.70,0.05,,6,20260607,-94720694350826819,outputs\fhn-sweep-T500-dt005-init05-observables\runs\random\p_0.05\K_0.70\seed_0006,OK
random,0.70,0.05,,7,20260607,-94720694350826818,outputs\fhn-sweep-T500-dt005-init05-observables\runs\random\p_0.05\K_0.70\seed_0007,OK
random,0.70,0.05,,8,20260607,-94720694350826817,outputs\fhn-sweep-T500-dt005-init05-observables\runs\random\p_0.05\K_0.70\seed_0008,OK
random,0.70,0.05,,9,20260607,-94720694350826816,outputs\fhn-sweep-T500-dt005-init05-observables\runs\random\p_0.05\K_0.70\seed_0009,OK
random,0.70,0.05,,10,20260607,-94720694350826815,outputs\fhn-sweep-T500-dt005-init05-observables\runs\random\p_0.05\K_0.70\seed_0010,OK
random,0.70,0.05,,11,20260607,-94720694350826814,outputs\fhn-sweep-T500-dt005-init05-observables\runs\random\p_0.05\K_0.70\seed_0011,OK
random,0.70,0.05,,12,20260607,-94720694350826813,outputs\fhn-sweep-T500-dt005-init05-observables\runs\random\p_0.05\K_0.70\seed_0012,OK
random,0.70,0.05,,13,20260607,-94720694350826812,outputs\fhn-sweep-T500-dt005-init05-observables\runs\random\p_0.05\K_0.70\seed_0013,OK
random,0.70,0.05,,14,20260607,-94720694350826811,outputs\fhn-sweep-T500-dt005-init05-observables\runs\random\p_0.05\K_0.70\seed_0014,OK
random,0.70,0.05,,15,20260607,-94720694350826810,outputs\fhn-sweep-T500-dt005-init05-observables\runs\random\p_0.05\K_0.70\seed_0015,OK
random,0.80,0.05,,1,20260607,8291882531738534660,outputs\fhn-sweep-T500-dt005-init05-observables\runs\random\p_0.05\K_0.80\seed_0001,OK
random,0.80,0.05,,2,20260607,8291882531738534661,outputs\fhn-sweep-T500-dt005-init05-observables\runs\random\p_0.05\K_0.80\seed_0002,OK
random,0.80,0.05,,3,20260607,8291882531738534662,outputs\fhn-sweep-T500-dt005-init05-observables\runs\random\p_0.05\K_0.80\seed_0003,OK
random,0.80,0.05,,4,20260607,8291882531738534663,outputs\fhn-sweep-T500-dt005-init05-observables\runs\random\p_0.05\K_0.80\seed_0004,OK
random,0.80,0.05,,5,20260607,8291882531738534664,outputs\fhn-sweep-T500-dt005-init05-observables\runs\random\p_0.05\K_0.80\seed_0005,OK
random,0.80,0.05,,6,20260607,8291882531738534665,outputs\fhn-sweep-T500-dt005-init05-observables\runs\random\p_0.05\K_0.80\seed_0006,OK
random,0.80,0.05,,8,20260607,8291882531738534667,outputs\fhn-sweep-T500-dt005-init05-observables\runs\random\p_0.05\K_0.80\seed_0008,OK
random,0.80,0.05,,7,20260607,8291882531738534666,outputs\fhn-sweep-T500-dt005-init05-observables\runs\random\p_0.05\K_0.80\seed_0007,OK
random,0.80,0.05,,9,20260607,8291882531738534668,outputs\fhn-sweep-T500-dt005-init05-observables\runs\random\p_0.05\K_0.80\seed_0009,OK
random,0.80,0.05,,10,20260607,8291882531738534669,outputs\fhn-sweep-T500-dt005-init05-observables\runs\random\p_0.05\K_0.80\seed_0010,OK
random,0.80,0.05,,11,20260607,8291882531738534670,outputs\fhn-sweep-T500-dt005-init05-observables\runs\random\p_0.05\K_0.80\seed_0011,OK
random,0.80,0.05,,13,20260607,8291882531738534672,outputs\fhn-sweep-T500-dt005-init05-observables\runs\random\p_0.05\K_0.80\seed_0013,OK
random,0.80,0.05,,12,20260607,8291882531738534671,outputs\fhn-sweep-T500-dt005-init05-observables\runs\random\p_0.05\K_0.80\seed_0012,OK
random,0.80,0.05,,14,20260607,8291882531738534673,outputs\fhn-sweep-T500-dt005-init05-observables\runs\random\p_0.05\K_0.80\seed_0014,OK
random,0.80,0.05,,15,20260607,8291882531738534674,outputs\fhn-sweep-T500-dt005-init05-observables\runs\random\p_0.05\K_0.80\seed_0015,OK
random,0.90,0.05,,1,20260607,-1768258315881685263,outputs\fhn-sweep-T500-dt005-init05-observables\runs\random\p_0.05\K_0.90\seed_0001,OK
random,0.90,0.05,,3,20260607,-1768258315881685261,outputs\fhn-sweep-T500-dt005-init05-observables\runs\random\p_0.05\K_0.90\seed_0003,OK
random,0.90,0.05,,2,20260607,-1768258315881685262,outputs\fhn-sweep-T500-dt005-init05-observables\runs\random\p_0.05\K_0.90\seed_0002,OK
random,0.90,0.05,,4,20260607,-1768258315881685260,outputs\fhn-sweep-T500-dt005-init05-observables\runs\random\p_0.05\K_0.90\seed_0004,OK
random,0.90,0.05,,5,20260607,-1768258315881685259,outputs\fhn-sweep-T500-dt005-init05-observables\runs\random\p_0.05\K_0.90\seed_0005,OK
random,0.90,0.05,,6,20260607,-1768258315881685258,outputs\fhn-sweep-T500-dt005-init05-observables\runs\random\p_0.05\K_0.90\seed_0006,OK
random,0.90,0.05,,7,20260607,-1768258315881685257,outputs\fhn-sweep-T500-dt005-init05-observables\runs\random\p_0.05\K_0.90\seed_0007,OK
random,0.90,0.05,,8,20260607,-1768258315881685256,outputs\fhn-sweep-T500-dt005-init05-observables\runs\random\p_0.05\K_0.90\seed_0008,OK
random,0.90,0.05,,9,20260607,-1768258315881685255,outputs\fhn-sweep-T500-dt005-init05-observables\runs\random\p_0.05\K_0.90\seed_0009,OK
random,0.90,0.05,,10,20260607,-1768258315881685254,outputs\fhn-sweep-T500-dt005-init05-observables\runs\random\p_0.05\K_0.90\seed_0010,OK
random,0.90,0.05,,11,20260607,-1768258315881685253,outputs\fhn-sweep-T500-dt005-init05-observables\runs\random\p_0.05\K_0.90\seed_0011,OK
random,0.90,0.05,,12,20260607,-1768258315881685252,outputs\fhn-sweep-T500-dt005-init05-observables\runs\random\p_0.05\K_0.90\seed_0012,OK
random,0.90,0.05,,13,20260607,-1768258315881685251,outputs\fhn-sweep-T500-dt005-init05-observables\runs\random\p_0.05\K_0.90\seed_0013,OK
random,0.90,0.05,,14,20260607,-1768258315881685250,outputs\fhn-sweep-T500-dt005-init05-observables\runs\random\p_0.05\K_0.90\seed_0014,OK
random,0.90,0.05,,15,20260607,-1768258315881685249,outputs\fhn-sweep-T500-dt005-init05-observables\runs\random\p_0.05\K_0.90\seed_0015,OK
random,1.00,0.05,,2,20260607,6618344910207646431,outputs\fhn-sweep-T500-dt005-init05-observables\runs\random\p_0.05\K_1.00\seed_0002,OK
random,1.00,0.05,,1,20260607,6618344910207646430,outputs\fhn-sweep-T500-dt005-init05-observables\runs\random\p_0.05\K_1.00\seed_0001,OK
random,1.00,0.05,,3,20260607,6618344910207646432,outputs\fhn-sweep-T500-dt005-init05-observables\runs\random\p_0.05\K_1.00\seed_0003,OK
random,1.00,0.05,,4,20260607,6618344910207646433,outputs\fhn-sweep-T500-dt005-init05-observables\runs\random\p_0.05\K_1.00\seed_0004,OK
random,1.00,0.05,,5,20260607,6618344910207646434,outputs\fhn-sweep-T500-dt005-init05-observables\runs\random\p_0.05\K_1.00\seed_0005,OK
random,1.00,0.05,,6,20260607,6618344910207646435,outputs\fhn-sweep-T500-dt005-init05-observables\runs\random\p_0.05\K_1.00\seed_0006,OK
random,1.00,0.05,,7,20260607,6618344910207646436,outputs\fhn-sweep-T500-dt005-init05-observables\runs\random\p_0.05\K_1.00\seed_0007,OK
random,1.00,0.05,,8,20260607,6618344910207646437,outputs\fhn-sweep-T500-dt005-init05-observables\runs\random\p_0.05\K_1.00\seed_0008,OK
random,1.00,0.05,,9,20260607,6618344910207646438,outputs\fhn-sweep-T500-dt005-init05-observables\runs\random\p_0.05\K_1.00\seed_0009,OK
random,1.00,0.05,,10,20260607,6618344910207646439,outputs\fhn-sweep-T500-dt005-init05-observables\runs\random\p_0.05\K_1.00\seed_0010,OK
random,1.00,0.05,,12,20260607,6618344910207646441,outputs\fhn-sweep-T500-dt005-init05-observables\runs\random\p_0.05\K_1.00\seed_0012,OK
random,1.00,0.05,,11,20260607,6618344910207646440,outputs\fhn-sweep-T500-dt005-init05-observables\runs\random\p_0.05\K_1.00\seed_0011,OK
random,1.00,0.05,,13,20260607,6618344910207646442,outputs\fhn-sweep-T500-dt005-init05-observables\runs\random\p_0.05\K_1.00\seed_0013,OK
random,1.00,0.05,,14,20260607,6618344910207646443,outputs\fhn-sweep-T500-dt005-init05-observables\runs\random\p_0.05\K_1.00\seed_0014,OK
random,1.00,0.05,,15,20260607,6618344910207646444,outputs\fhn-sweep-T500-dt005-init05-observables\runs\random\p_0.05\K_1.00\seed_0015,OK
random,0.00,0.10,,2,20260607,2647154534245500614,outputs\fhn-sweep-T500-dt005-init05-observables\runs\random\p_0.10\K_0.00\seed_0002,OK
random,0.00,0.10,,1,20260607,2647154534245500613,outputs\fhn-sweep-T500-dt005-init05-observables\runs\random\p_0.10\K_0.00\seed_0001,OK
random,0.00,0.10,,3,20260607,2647154534245500615,outputs\fhn-sweep-T500-dt005-init05-observables\runs\random\p_0.10\K_0.00\seed_0003,OK
random,0.00,0.10,,4,20260607,2647154534245500616,outputs\fhn-sweep-T500-dt005-init05-observables\runs\random\p_0.10\K_0.00\seed_0004,OK
random,0.00,0.10,,5,20260607,2647154534245500617,outputs\fhn-sweep-T500-dt005-init05-observables\runs\random\p_0.10\K_0.00\seed_0005,OK
random,0.00,0.10,,7,20260607,2647154534245500619,outputs\fhn-sweep-T500-dt005-init05-observables\runs\random\p_0.10\K_0.00\seed_0007,OK
random,0.00,0.10,,6,20260607,2647154534245500618,outputs\fhn-sweep-T500-dt005-init05-observables\runs\random\p_0.10\K_0.00\seed_0006,OK
random,0.00,0.10,,8,20260607,2647154534245500620,outputs\fhn-sweep-T500-dt005-init05-observables\runs\random\p_0.10\K_0.00\seed_0008,OK
random,0.00,0.10,,9,20260607,2647154534245500621,outputs\fhn-sweep-T500-dt005-init05-observables\runs\random\p_0.10\K_0.00\seed_0009,OK
random,0.00,0.10,,10,20260607,2647154534245500622,outputs\fhn-sweep-T500-dt005-init05-observables\runs\random\p_0.10\K_0.00\seed_0010,OK
random,0.00,0.10,,12,20260607,2647154534245500624,outputs\fhn-sweep-T500-dt005-init05-observables\runs\random\p_0.10\K_0.00\seed_0012,OK
random,0.00,0.10,,11,20260607,2647154534245500623,outputs\fhn-sweep-T500-dt005-init05-observables\runs\random\p_0.10\K_0.00\seed_0011,OK
random,0.00,0.10,,13,20260607,2647154534245500625,outputs\fhn-sweep-T500-dt005-init05-observables\runs\random\p_0.10\K_0.00\seed_0013,OK
random,0.00,0.10,,14,20260607,2647154534245500626,outputs\fhn-sweep-T500-dt005-init05-observables\runs\random\p_0.10\K_0.00\seed_0014,OK
random,0.00,0.10,,15,20260607,2647154534245500627,outputs\fhn-sweep-T500-dt005-init05-observables\runs\random\p_0.10\K_0.00\seed_0015,OK
random,0.10,0.10,,1,20260607,-2002361721051787541,outputs\fhn-sweep-T500-dt005-init05-observables\runs\random\p_0.10\K_0.10\seed_0001,OK
random,0.10,0.10,,2,20260607,-2002361721051787540,outputs\fhn-sweep-T500-dt005-init05-observables\runs\random\p_0.10\K_0.10\seed_0002,OK
random,0.10,0.10,,3,20260607,-2002361721051787539,outputs\fhn-sweep-T500-dt005-init05-observables\runs\random\p_0.10\K_0.10\seed_0003,OK
random,0.10,0.10,,4,20260607,-2002361721051787538,outputs\fhn-sweep-T500-dt005-init05-observables\runs\random\p_0.10\K_0.10\seed_0004,OK
random,0.10,0.10,,5,20260607,-2002361721051787537,outputs\fhn-sweep-T500-dt005-init05-observables\runs\random\p_0.10\K_0.10\seed_0005,OK
random,0.10,0.10,,6,20260607,-2002361721051787536,outputs\fhn-sweep-T500-dt005-init05-observables\runs\random\p_0.10\K_0.10\seed_0006,OK
random,0.10,0.10,,7,20260607,-2002361721051787535,outputs\fhn-sweep-T500-dt005-init05-observables\runs\random\p_0.10\K_0.10\seed_0007,OK
random,0.10,0.10,,8,20260607,-2002361721051787534,outputs\fhn-sweep-T500-dt005-init05-observables\runs\random\p_0.10\K_0.10\seed_0008,OK
random,0.10,0.10,,10,20260607,-2002361721051787532,outputs\fhn-sweep-T500-dt005-init05-observables\runs\random\p_0.10\K_0.10\seed_0010,OK
random,0.10,0.10,,9,20260607,-2002361721051787533,outputs\fhn-sweep-T500-dt005-init05-observables\runs\random\p_0.10\K_0.10\seed_0009,OK
random,0.10,0.10,,11,20260607,-2002361721051787531,outputs\fhn-sweep-T500-dt005-init05-observables\runs\random\p_0.10\K_0.10\seed_0011,OK
random,0.10,0.10,,12,20260607,-2002361721051787530,outputs\fhn-sweep-T500-dt005-init05-observables\runs\random\p_0.10\K_0.10\seed_0012,OK
random,0.10,0.10,,13,20260607,-2002361721051787529,outputs\fhn-sweep-T500-dt005-init05-observables\runs\random\p_0.10\K_0.10\seed_0013,OK
random,0.10,0.10,,15,20260607,-2002361721051787527,outputs\fhn-sweep-T500-dt005-init05-observables\runs\random\p_0.10\K_0.10\seed_0015,OK
random,0.10,0.10,,14,20260607,-2002361721051787528,outputs\fhn-sweep-T500-dt005-init05-observables\runs\random\p_0.10\K_0.10\seed_0014,OK
random,0.20,0.10,,1,20260607,3037166261975797483,outputs\fhn-sweep-T500-dt005-init05-observables\runs\random\p_0.10\K_0.20\seed_0001,OK
random,0.20,0.10,,2,20260607,3037166261975797484,outputs\fhn-sweep-T500-dt005-init05-observables\runs\random\p_0.10\K_0.20\seed_0002,OK
random,0.20,0.10,,3,20260607,3037166261975797485,outputs\fhn-sweep-T500-dt005-init05-observables\runs\random\p_0.10\K_0.20\seed_0003,OK
random,0.20,0.10,,5,20260607,3037166261975797487,outputs\fhn-sweep-T500-dt005-init05-observables\runs\random\p_0.10\K_0.20\seed_0005,OK
random,0.20,0.10,,4,20260607,3037166261975797486,outputs\fhn-sweep-T500-dt005-init05-observables\runs\random\p_0.10\K_0.20\seed_0004,OK
random,0.20,0.10,,6,20260607,3037166261975797488,outputs\fhn-sweep-T500-dt005-init05-observables\runs\random\p_0.10\K_0.20\seed_0006,OK
random,0.20,0.10,,7,20260607,3037166261975797489,outputs\fhn-sweep-T500-dt005-init05-observables\runs\random\p_0.10\K_0.20\seed_0007,OK
random,0.20,0.10,,8,20260607,3037166261975797490,outputs\fhn-sweep-T500-dt005-init05-observables\runs\random\p_0.10\K_0.20\seed_0008,OK
random,0.20,0.10,,9,20260607,3037166261975797491,outputs\fhn-sweep-T500-dt005-init05-observables\runs\random\p_0.10\K_0.20\seed_0009,OK
random,0.20,0.10,,10,20260607,3037166261975797492,outputs\fhn-sweep-T500-dt005-init05-observables\runs\random\p_0.10\K_0.20\seed_0010,OK
random,0.20,0.10,,11,20260607,3037166261975797493,outputs\fhn-sweep-T500-dt005-init05-observables\runs\random\p_0.10\K_0.20\seed_0011,OK
random,0.20,0.10,,12,20260607,3037166261975797494,outputs\fhn-sweep-T500-dt005-init05-observables\runs\random\p_0.10\K_0.20\seed_0012,OK
random,0.20,0.10,,13,20260607,3037166261975797495,outputs\fhn-sweep-T500-dt005-init05-observables\runs\random\p_0.10\K_0.20\seed_0013,OK
random,0.20,0.10,,14,20260607,3037166261975797496,outputs\fhn-sweep-T500-dt005-init05-observables\runs\random\p_0.10\K_0.20\seed_0014,OK
random,0.20,0.10,,15,20260607,3037166261975797497,outputs\fhn-sweep-T500-dt005-init05-observables\runs\random\p_0.10\K_0.20\seed_0015,OK
random,0.30,0.10,,1,20260607,-8696512207175310670,outputs\fhn-sweep-T500-dt005-init05-observables\runs\random\p_0.10\K_0.30\seed_0001,OK
random,0.30,0.10,,2,20260607,-8696512207175310669,outputs\fhn-sweep-T500-dt005-init05-observables\runs\random\p_0.10\K_0.30\seed_0002,OK
random,0.30,0.10,,3,20260607,-8696512207175310668,outputs\fhn-sweep-T500-dt005-init05-observables\runs\random\p_0.10\K_0.30\seed_0003,OK
random,0.30,0.10,,4,20260607,-8696512207175310667,outputs\fhn-sweep-T500-dt005-init05-observables\runs\random\p_0.10\K_0.30\seed_0004,OK
random,0.30,0.10,,5,20260607,-8696512207175310666,outputs\fhn-sweep-T500-dt005-init05-observables\runs\random\p_0.10\K_0.30\seed_0005,OK
random,0.30,0.10,,7,20260607,-8696512207175310664,outputs\fhn-sweep-T500-dt005-init05-observables\runs\random\p_0.10\K_0.30\seed_0007,OK
random,0.30,0.10,,6,20260607,-8696512207175310665,outputs\fhn-sweep-T500-dt005-init05-observables\runs\random\p_0.10\K_0.30\seed_0006,OK
random,0.30,0.10,,8,20260607,-8696512207175310663,outputs\fhn-sweep-T500-dt005-init05-observables\runs\random\p_0.10\K_0.30\seed_0008,OK
random,0.30,0.10,,9,20260607,-8696512207175310662,outputs\fhn-sweep-T500-dt005-init05-observables\runs\random\p_0.10\K_0.30\seed_0009,OK
random,0.30,0.10,,10,20260607,-8696512207175310661,outputs\fhn-sweep-T500-dt005-init05-observables\runs\random\p_0.10\K_0.30\seed_0010,OK
random,0.30,0.10,,11,20260607,-8696512207175310660,outputs\fhn-sweep-T500-dt005-init05-observables\runs\random\p_0.10\K_0.30\seed_0011,OK
random,0.30,0.10,,12,20260607,-8696512207175310659,outputs\fhn-sweep-T500-dt005-init05-observables\runs\random\p_0.10\K_0.30\seed_0012,OK
random,0.30,0.10,,13,20260607,-8696512207175310658,outputs\fhn-sweep-T500-dt005-init05-observables\runs\random\p_0.10\K_0.30\seed_0013,OK
random,0.30,0.10,,14,20260607,-8696512207175310657,outputs\fhn-sweep-T500-dt005-init05-observables\runs\random\p_0.10\K_0.30\seed_0014,OK
random,0.30,0.10,,15,20260607,-8696512207175310656,outputs\fhn-sweep-T500-dt005-init05-observables\runs\random\p_0.10\K_0.30\seed_0015,OK
random,0.40,0.10,,1,20260607,8076694245003382507,outputs\fhn-sweep-T500-dt005-init05-observables\runs\random\p_0.10\K_0.40\seed_0001,OK
random,0.40,0.10,,2,20260607,8076694245003382508,outputs\fhn-sweep-T500-dt005-init05-observables\runs\random\p_0.10\K_0.40\seed_0002,OK
random,0.40,0.10,,3,20260607,8076694245003382509,outputs\fhn-sweep-T500-dt005-init05-observables\runs\random\p_0.10\K_0.40\seed_0003,OK
random,0.40,0.10,,5,20260607,8076694245003382511,outputs\fhn-sweep-T500-dt005-init05-observables\runs\random\p_0.10\K_0.40\seed_0005,OK
random,0.40,0.10,,4,20260607,8076694245003382510,outputs\fhn-sweep-T500-dt005-init05-observables\runs\random\p_0.10\K_0.40\seed_0004,OK
random,0.40,0.10,,7,20260607,8076694245003382513,outputs\fhn-sweep-T500-dt005-init05-observables\runs\random\p_0.10\K_0.40\seed_0007,OK
random,0.40,0.10,,6,20260607,8076694245003382512,outputs\fhn-sweep-T500-dt005-init05-observables\runs\random\p_0.10\K_0.40\seed_0006,OK
random,0.40,0.10,,8,20260607,8076694245003382514,outputs\fhn-sweep-T500-dt005-init05-observables\runs\random\p_0.10\K_0.40\seed_0008,OK
random,0.40,0.10,,9,20260607,8076694245003382515,outputs\fhn-sweep-T500-dt005-init05-observables\runs\random\p_0.10\K_0.40\seed_0009,OK
random,0.40,0.10,,10,20260607,8076694245003382516,outputs\fhn-sweep-T500-dt005-init05-observables\runs\random\p_0.10\K_0.40\seed_0010,OK
random,0.40,0.10,,11,20260607,8076694245003382517,outputs\fhn-sweep-T500-dt005-init05-observables\runs\random\p_0.10\K_0.40\seed_0011,OK
random,0.40,0.10,,12,20260607,8076694245003382518,outputs\fhn-sweep-T500-dt005-init05-observables\runs\random\p_0.10\K_0.40\seed_0012,OK
random,0.40,0.10,,13,20260607,8076694245003382519,outputs\fhn-sweep-T500-dt005-init05-observables\runs\random\p_0.10\K_0.40\seed_0013,OK
random,0.40,0.10,,14,20260607,8076694245003382520,outputs\fhn-sweep-T500-dt005-init05-observables\runs\random\p_0.10\K_0.40\seed_0014,OK
random,0.40,0.10,,15,20260607,8076694245003382521,outputs\fhn-sweep-T500-dt005-init05-observables\runs\random\p_0.10\K_0.40\seed_0015,OK
random,0.50,0.10,,1,20260607,6403156623472494277,outputs\fhn-sweep-T500-dt005-init05-observables\runs\random\p_0.10\K_0.50\seed_0001,OK
random,0.50,0.10,,2,20260607,6403156623472494278,outputs\fhn-sweep-T500-dt005-init05-observables\runs\random\p_0.10\K_0.50\seed_0002,OK
random,0.50,0.10,,3,20260607,6403156623472494279,outputs\fhn-sweep-T500-dt005-init05-observables\runs\random\p_0.10\K_0.50\seed_0003,OK
random,0.50,0.10,,4,20260607,6403156623472494280,outputs\fhn-sweep-T500-dt005-init05-observables\runs\random\p_0.10\K_0.50\seed_0004,OK
random,0.50,0.10,,5,20260607,6403156623472494281,outputs\fhn-sweep-T500-dt005-init05-observables\runs\random\p_0.10\K_0.50\seed_0005,OK
random,0.50,0.10,,6,20260607,6403156623472494282,outputs\fhn-sweep-T500-dt005-init05-observables\runs\random\p_0.10\K_0.50\seed_0006,OK
random,0.50,0.10,,7,20260607,6403156623472494283,outputs\fhn-sweep-T500-dt005-init05-observables\runs\random\p_0.10\K_0.50\seed_0007,OK
random,0.50,0.10,,8,20260607,6403156623472494284,outputs\fhn-sweep-T500-dt005-init05-observables\runs\random\p_0.10\K_0.50\seed_0008,OK
random,0.50,0.10,,9,20260607,6403156623472494285,outputs\fhn-sweep-T500-dt005-init05-observables\runs\random\p_0.10\K_0.50\seed_0009,OK
random,0.50,0.10,,10,20260607,6403156623472494286,outputs\fhn-sweep-T500-dt005-init05-observables\runs\random\p_0.10\K_0.50\seed_0010,OK
random,0.50,0.10,,11,20260607,6403156623472494287,outputs\fhn-sweep-T500-dt005-init05-observables\runs\random\p_0.10\K_0.50\seed_0011,OK
random,0.50,0.10,,12,20260607,6403156623472494288,outputs\fhn-sweep-T500-dt005-init05-observables\runs\random\p_0.10\K_0.50\seed_0012,OK
random,0.50,0.10,,13,20260607,6403156623472494289,outputs\fhn-sweep-T500-dt005-init05-observables\runs\random\p_0.10\K_0.50\seed_0013,OK
random,0.50,0.10,,14,20260607,6403156623472494290,outputs\fhn-sweep-T500-dt005-init05-observables\runs\random\p_0.10\K_0.50\seed_0014,OK
random,0.50,0.10,,15,20260607,6403156623472494291,outputs\fhn-sweep-T500-dt005-init05-observables\runs\random\p_0.10\K_0.50\seed_0015,OK
random,0.60,0.10,,1,20260607,-3656984224147725646,outputs\fhn-sweep-T500-dt005-init05-observables\runs\random\p_0.10\K_0.60\seed_0001,OK
random,0.60,0.10,,2,20260607,-3656984224147725645,outputs\fhn-sweep-T500-dt005-init05-observables\runs\random\p_0.10\K_0.60\seed_0002,OK
random,0.60,0.10,,3,20260607,-3656984224147725644,outputs\fhn-sweep-T500-dt005-init05-observables\runs\random\p_0.10\K_0.60\seed_0003,OK
random,0.60,0.10,,4,20260607,-3656984224147725643,outputs\fhn-sweep-T500-dt005-init05-observables\runs\random\p_0.10\K_0.60\seed_0004,OK
random,0.60,0.10,,5,20260607,-3656984224147725642,outputs\fhn-sweep-T500-dt005-init05-observables\runs\random\p_0.10\K_0.60\seed_0005,OK
random,0.60,0.10,,7,20260607,-3656984224147725640,outputs\fhn-sweep-T500-dt005-init05-observables\runs\random\p_0.10\K_0.60\seed_0007,OK
random,0.60,0.10,,6,20260607,-3656984224147725641,outputs\fhn-sweep-T500-dt005-init05-observables\runs\random\p_0.10\K_0.60\seed_0006,OK
random,0.60,0.10,,8,20260607,-3656984224147725639,outputs\fhn-sweep-T500-dt005-init05-observables\runs\random\p_0.10\K_0.60\seed_0008,OK
random,0.60,0.10,,9,20260607,-3656984224147725638,outputs\fhn-sweep-T500-dt005-init05-observables\runs\random\p_0.10\K_0.60\seed_0009,OK
random,0.60,0.10,,10,20260607,-3656984224147725637,outputs\fhn-sweep-T500-dt005-init05-observables\runs\random\p_0.10\K_0.60\seed_0010,OK
random,0.60,0.10,,11,20260607,-3656984224147725636,outputs\fhn-sweep-T500-dt005-init05-observables\runs\random\p_0.10\K_0.60\seed_0011,OK
random,0.60,0.10,,12,20260607,-3656984224147725635,outputs\fhn-sweep-T500-dt005-init05-observables\runs\random\p_0.10\K_0.60\seed_0012,OK
random,0.60,0.10,,13,20260607,-3656984224147725634,outputs\fhn-sweep-T500-dt005-init05-observables\runs\random\p_0.10\K_0.60\seed_0013,OK
random,0.60,0.10,,14,20260607,-3656984224147725633,outputs\fhn-sweep-T500-dt005-init05-observables\runs\random\p_0.10\K_0.60\seed_0014,OK
random,0.60,0.10,,15,20260607,-3656984224147725632,outputs\fhn-sweep-T500-dt005-init05-observables\runs\random\p_0.10\K_0.60\seed_0015,OK
random,0.70,0.10,,1,20260607,4729619001941606047,outputs\fhn-sweep-T500-dt005-init05-observables\runs\random\p_0.10\K_0.70\seed_0001,OK
random,0.70,0.10,,2,20260607,4729619001941606048,outputs\fhn-sweep-T500-dt005-init05-observables\runs\random\p_0.10\K_0.70\seed_0002,OK
random,0.70,0.10,,3,20260607,4729619001941606049,outputs\fhn-sweep-T500-dt005-init05-observables\runs\random\p_0.10\K_0.70\seed_0003,OK
random,0.70,0.10,,4,20260607,4729619001941606050,outputs\fhn-sweep-T500-dt005-init05-observables\runs\random\p_0.10\K_0.70\seed_0004,OK
random,0.70,0.10,,5,20260607,4729619001941606051,outputs\fhn-sweep-T500-dt005-init05-observables\runs\random\p_0.10\K_0.70\seed_0005,OK
random,0.70,0.10,,6,20260607,4729619001941606052,outputs\fhn-sweep-T500-dt005-init05-observables\runs\random\p_0.10\K_0.70\seed_0006,OK
random,0.70,0.10,,7,20260607,4729619001941606053,outputs\fhn-sweep-T500-dt005-init05-observables\runs\random\p_0.10\K_0.70\seed_0007,OK
random,0.70,0.10,,8,20260607,4729619001941606054,outputs\fhn-sweep-T500-dt005-init05-observables\runs\random\p_0.10\K_0.70\seed_0008,OK
random,0.70,0.10,,9,20260607,4729619001941606055,outputs\fhn-sweep-T500-dt005-init05-observables\runs\random\p_0.10\K_0.70\seed_0009,OK
random,0.70,0.10,,10,20260607,4729619001941606056,outputs\fhn-sweep-T500-dt005-init05-observables\runs\random\p_0.10\K_0.70\seed_0010,OK
random,0.70,0.10,,11,20260607,4729619001941606057,outputs\fhn-sweep-T500-dt005-init05-observables\runs\random\p_0.10\K_0.70\seed_0011,OK
random,0.70,0.10,,12,20260607,4729619001941606058,outputs\fhn-sweep-T500-dt005-init05-observables\runs\random\p_0.10\K_0.70\seed_0012,OK
random,0.70,0.10,,13,20260607,4729619001941606059,outputs\fhn-sweep-T500-dt005-init05-observables\runs\random\p_0.10\K_0.70\seed_0013,OK
random,0.70,0.10,,14,20260607,4729619001941606060,outputs\fhn-sweep-T500-dt005-init05-observables\runs\random\p_0.10\K_0.70\seed_0014,OK
random,0.70,0.10,,15,20260607,4729619001941606061,outputs\fhn-sweep-T500-dt005-init05-observables\runs\random\p_0.10\K_0.70\seed_0015,OK
random,0.80,0.10,,1,20260607,-5330521845678584085,outputs\fhn-sweep-T500-dt005-init05-observables\runs\random\p_0.10\K_0.80\seed_0001,OK
random,0.80,0.10,,2,20260607,-5330521845678584084,outputs\fhn-sweep-T500-dt005-init05-observables\runs\random\p_0.10\K_0.80\seed_0002,OK
random,0.80,0.10,,3,20260607,-5330521845678584083,outputs\fhn-sweep-T500-dt005-init05-observables\runs\random\p_0.10\K_0.80\seed_0003,OK
random,0.80,0.10,,4,20260607,-5330521845678584082,outputs\fhn-sweep-T500-dt005-init05-observables\runs\random\p_0.10\K_0.80\seed_0004,OK
random,0.80,0.10,,5,20260607,-5330521845678584081,outputs\fhn-sweep-T500-dt005-init05-observables\runs\random\p_0.10\K_0.80\seed_0005,OK
random,0.80,0.10,,6,20260607,-5330521845678584080,outputs\fhn-sweep-T500-dt005-init05-observables\runs\random\p_0.10\K_0.80\seed_0006,OK
random,0.80,0.10,,7,20260607,-5330521845678584079,outputs\fhn-sweep-T500-dt005-init05-observables\runs\random\p_0.10\K_0.80\seed_0007,OK
random,0.80,0.10,,8,20260607,-5330521845678584078,outputs\fhn-sweep-T500-dt005-init05-observables\runs\random\p_0.10\K_0.80\seed_0008,OK
random,0.80,0.10,,9,20260607,-5330521845678584077,outputs\fhn-sweep-T500-dt005-init05-observables\runs\random\p_0.10\K_0.80\seed_0009,OK
random,0.80,0.10,,10,20260607,-5330521845678584076,outputs\fhn-sweep-T500-dt005-init05-observables\runs\random\p_0.10\K_0.80\seed_0010,OK
random,0.80,0.10,,11,20260607,-5330521845678584075,outputs\fhn-sweep-T500-dt005-init05-observables\runs\random\p_0.10\K_0.80\seed_0011,OK
random,0.80,0.10,,12,20260607,-5330521845678584074,outputs\fhn-sweep-T500-dt005-init05-observables\runs\random\p_0.10\K_0.80\seed_0012,OK
random,0.80,0.10,,13,20260607,-5330521845678584073,outputs\fhn-sweep-T500-dt005-init05-observables\runs\random\p_0.10\K_0.80\seed_0013,OK
random,0.80,0.10,,14,20260607,-5330521845678584072,outputs\fhn-sweep-T500-dt005-init05-observables\runs\random\p_0.10\K_0.80\seed_0014,OK
random,0.80,0.10,,15,20260607,-5330521845678584071,outputs\fhn-sweep-T500-dt005-init05-observables\runs\random\p_0.10\K_0.80\seed_0015,OK
random,0.90,0.10,,1,20260607,3056081380410747608,outputs\fhn-sweep-T500-dt005-init05-observables\runs\random\p_0.10\K_0.90\seed_0001,OK
random,0.90,0.10,,2,20260607,3056081380410747609,outputs\fhn-sweep-T500-dt005-init05-observables\runs\random\p_0.10\K_0.90\seed_0002,OK
random,0.90,0.10,,3,20260607,3056081380410747610,outputs\fhn-sweep-T500-dt005-init05-observables\runs\random\p_0.10\K_0.90\seed_0003,OK
random,0.90,0.10,,4,20260607,3056081380410747611,outputs\fhn-sweep-T500-dt005-init05-observables\runs\random\p_0.10\K_0.90\seed_0004,OK
random,0.90,0.10,,5,20260607,3056081380410747612,outputs\fhn-sweep-T500-dt005-init05-observables\runs\random\p_0.10\K_0.90\seed_0005,OK
random,0.90,0.10,,6,20260607,3056081380410747613,outputs\fhn-sweep-T500-dt005-init05-observables\runs\random\p_0.10\K_0.90\seed_0006,OK
random,0.90,0.10,,7,20260607,3056081380410747614,outputs\fhn-sweep-T500-dt005-init05-observables\runs\random\p_0.10\K_0.90\seed_0007,OK
random,0.90,0.10,,8,20260607,3056081380410747615,outputs\fhn-sweep-T500-dt005-init05-observables\runs\random\p_0.10\K_0.90\seed_0008,OK
random,0.90,0.10,,9,20260607,3056081380410747616,outputs\fhn-sweep-T500-dt005-init05-observables\runs\random\p_0.10\K_0.90\seed_0009,OK
random,0.90,0.10,,10,20260607,3056081380410747617,outputs\fhn-sweep-T500-dt005-init05-observables\runs\random\p_0.10\K_0.90\seed_0010,OK
random,0.90,0.10,,11,20260607,3056081380410747618,outputs\fhn-sweep-T500-dt005-init05-observables\runs\random\p_0.10\K_0.90\seed_0011,OK
random,0.90,0.10,,12,20260607,3056081380410747619,outputs\fhn-sweep-T500-dt005-init05-observables\runs\random\p_0.10\K_0.90\seed_0012,OK
random,0.90,0.10,,13,20260607,3056081380410747620,outputs\fhn-sweep-T500-dt005-init05-observables\runs\random\p_0.10\K_0.90\seed_0013,OK
random,0.90,0.10,,14,20260607,3056081380410747621,outputs\fhn-sweep-T500-dt005-init05-observables\runs\random\p_0.10\K_0.90\seed_0014,OK
random,0.90,0.10,,15,20260607,3056081380410747622,outputs\fhn-sweep-T500-dt005-init05-observables\runs\random\p_0.10\K_0.90\seed_0015,OK
random,1.00,0.10,,1,20260607,-7004059467209472315,outputs\fhn-sweep-T500-dt005-init05-observables\runs\random\p_0.10\K_1.00\seed_0001,OK
random,1.00,0.10,,2,20260607,-7004059467209472314,outputs\fhn-sweep-T500-dt005-init05-observables\runs\random\p_0.10\K_1.00\seed_0002,OK
random,1.00,0.10,,3,20260607,-7004059467209472313,outputs\fhn-sweep-T500-dt005-init05-observables\runs\random\p_0.10\K_1.00\seed_0003,OK
random,1.00,0.10,,4,20260607,-7004059467209472312,outputs\fhn-sweep-T500-dt005-init05-observables\runs\random\p_0.10\K_1.00\seed_0004,OK
random,1.00,0.10,,5,20260607,-7004059467209472311,outputs\fhn-sweep-T500-dt005-init05-observables\runs\random\p_0.10\K_1.00\seed_0005,OK
random,1.00,0.10,,6,20260607,-7004059467209472310,outputs\fhn-sweep-T500-dt005-init05-observables\runs\random\p_0.10\K_1.00\seed_0006,OK
random,1.00,0.10,,7,20260607,-7004059467209472309,outputs\fhn-sweep-T500-dt005-init05-observables\runs\random\p_0.10\K_1.00\seed_0007,OK
random,1.00,0.10,,8,20260607,-7004059467209472308,outputs\fhn-sweep-T500-dt005-init05-observables\runs\random\p_0.10\K_1.00\seed_0008,OK
random,1.00,0.10,,9,20260607,-7004059467209472307,outputs\fhn-sweep-T500-dt005-init05-observables\runs\random\p_0.10\K_1.00\seed_0009,OK
random,1.00,0.10,,10,20260607,-7004059467209472306,outputs\fhn-sweep-T500-dt005-init05-observables\runs\random\p_0.10\K_1.00\seed_0010,OK
random,1.00,0.10,,11,20260607,-7004059467209472305,outputs\fhn-sweep-T500-dt005-init05-observables\runs\random\p_0.10\K_1.00\seed_0011,OK
random,1.00,0.10,,12,20260607,-7004059467209472304,outputs\fhn-sweep-T500-dt005-init05-observables\runs\random\p_0.10\K_1.00\seed_0012,OK
random,1.00,0.10,,13,20260607,-7004059467209472303,outputs\fhn-sweep-T500-dt005-init05-observables\runs\random\p_0.10\K_1.00\seed_0013,OK
ring,0.00,,1,1,20260607,5692007281974244054,outputs\fhn-sweep-T500-dt005-init05-observables\runs\ring\k_01\K_0.00\seed_0001,OK
ring,0.00,,1,2,20260607,5692007281974244055,outputs\fhn-sweep-T500-dt005-init05-observables\runs\ring\k_01\K_0.00\seed_0002,OK
random,1.00,0.10,,14,20260607,-7004059467209472302,outputs\fhn-sweep-T500-dt005-init05-observables\runs\random\p_0.10\K_1.00\seed_0014,OK
random,1.00,0.10,,15,20260607,-7004059467209472301,outputs\fhn-sweep-T500-dt005-init05-observables\runs\random\p_0.10\K_1.00\seed_0015,OK
ring,0.00,,1,3,20260607,5692007281974244056,outputs\fhn-sweep-T500-dt005-init05-observables\runs\ring\k_01\K_0.00\seed_0003,OK
ring,0.00,,1,4,20260607,5692007281974244057,outputs\fhn-sweep-T500-dt005-init05-observables\runs\ring\k_01\K_0.00\seed_0004,OK
ring,0.00,,1,5,20260607,5692007281974244058,outputs\fhn-sweep-T500-dt005-init05-observables\runs\ring\k_01\K_0.00\seed_0005,OK
ring,0.00,,1,6,20260607,5692007281974244059,outputs\fhn-sweep-T500-dt005-init05-observables\runs\ring\k_01\K_0.00\seed_0006,OK
ring,0.00,,1,7,20260607,5692007281974244060,outputs\fhn-sweep-T500-dt005-init05-observables\runs\ring\k_01\K_0.00\seed_0007,OK
ring,0.00,,1,8,20260607,5692007281974244061,outputs\fhn-sweep-T500-dt005-init05-observables\runs\ring\k_01\K_0.00\seed_0008,OK
ring,0.00,,1,9,20260607,5692007281974244062,outputs\fhn-sweep-T500-dt005-init05-observables\runs\ring\k_01\K_0.00\seed_0009,OK
ring,0.00,,1,10,20260607,5692007281974244063,outputs\fhn-sweep-T500-dt005-init05-observables\runs\ring\k_01\K_0.00\seed_0010,OK
ring,0.00,,1,11,20260607,5692007281974244064,outputs\fhn-sweep-T500-dt005-init05-observables\runs\ring\k_01\K_0.00\seed_0011,OK
ring,0.00,,1,12,20260607,5692007281974244065,outputs\fhn-sweep-T500-dt005-init05-observables\runs\ring\k_01\K_0.00\seed_0012,OK
ring,0.00,,1,13,20260607,5692007281974244066,outputs\fhn-sweep-T500-dt005-init05-observables\runs\ring\k_01\K_0.00\seed_0013,OK
ring,0.00,,1,14,20260607,5692007281974244067,outputs\fhn-sweep-T500-dt005-init05-observables\runs\ring\k_01\K_0.00\seed_0014,OK
ring,0.00,,1,15,20260607,5692007281974244068,outputs\fhn-sweep-T500-dt005-init05-observables\runs\ring\k_01\K_0.00\seed_0015,OK
ring,0.10,,1,1,20260607,1042491026676955900,outputs\fhn-sweep-T500-dt005-init05-observables\runs\ring\k_01\K_0.10\seed_0001,OK
ring,0.10,,1,2,20260607,1042491026676955901,outputs\fhn-sweep-T500-dt005-init05-observables\runs\ring\k_01\K_0.10\seed_0002,OK
ring,0.10,,1,3,20260607,1042491026676955902,outputs\fhn-sweep-T500-dt005-init05-observables\runs\ring\k_01\K_0.10\seed_0003,OK
ring,0.10,,1,4,20260607,1042491026676955903,outputs\fhn-sweep-T500-dt005-init05-observables\runs\ring\k_01\K_0.10\seed_0004,OK
ring,0.10,,1,5,20260607,1042491026676955904,outputs\fhn-sweep-T500-dt005-init05-observables\runs\ring\k_01\K_0.10\seed_0005,OK
ring,0.10,,1,6,20260607,1042491026676955905,outputs\fhn-sweep-T500-dt005-init05-observables\runs\ring\k_01\K_0.10\seed_0006,OK
ring,0.10,,1,7,20260607,1042491026676955906,outputs\fhn-sweep-T500-dt005-init05-observables\runs\ring\k_01\K_0.10\seed_0007,OK
ring,0.10,,1,8,20260607,1042491026676955907,outputs\fhn-sweep-T500-dt005-init05-observables\runs\ring\k_01\K_0.10\seed_0008,OK
ring,0.10,,1,9,20260607,1042491026676955908,outputs\fhn-sweep-T500-dt005-init05-observables\runs\ring\k_01\K_0.10\seed_0009,OK
ring,0.10,,1,10,20260607,1042491026676955909,outputs\fhn-sweep-T500-dt005-init05-observables\runs\ring\k_01\K_0.10\seed_0010,OK
ring,0.10,,1,11,20260607,1042491026676955910,outputs\fhn-sweep-T500-dt005-init05-observables\runs\ring\k_01\K_0.10\seed_0011,OK
ring,0.10,,1,12,20260607,1042491026676955911,outputs\fhn-sweep-T500-dt005-init05-observables\runs\ring\k_01\K_0.10\seed_0012,OK
ring,0.10,,1,13,20260607,1042491026676955912,outputs\fhn-sweep-T500-dt005-init05-observables\runs\ring\k_01\K_0.10\seed_0013,OK
ring,0.10,,1,14,20260607,1042491026676955913,outputs\fhn-sweep-T500-dt005-init05-observables\runs\ring\k_01\K_0.10\seed_0014,OK
ring,0.10,,1,15,20260607,1042491026676955914,outputs\fhn-sweep-T500-dt005-init05-observables\runs\ring\k_01\K_0.10\seed_0015,OK
ring,0.20,,1,1,20260607,6082019009704540924,outputs\fhn-sweep-T500-dt005-init05-observables\runs\ring\k_01\K_0.20\seed_0001,OK
ring,0.20,,1,2,20260607,6082019009704540925,outputs\fhn-sweep-T500-dt005-init05-observables\runs\ring\k_01\K_0.20\seed_0002,OK
ring,0.20,,1,3,20260607,6082019009704540926,outputs\fhn-sweep-T500-dt005-init05-observables\runs\ring\k_01\K_0.20\seed_0003,OK
ring,0.20,,1,4,20260607,6082019009704540927,outputs\fhn-sweep-T500-dt005-init05-observables\runs\ring\k_01\K_0.20\seed_0004,OK
ring,0.20,,1,5,20260607,6082019009704540928,outputs\fhn-sweep-T500-dt005-init05-observables\runs\ring\k_01\K_0.20\seed_0005,OK
ring,0.20,,1,6,20260607,6082019009704540929,outputs\fhn-sweep-T500-dt005-init05-observables\runs\ring\k_01\K_0.20\seed_0006,OK
ring,0.20,,1,7,20260607,6082019009704540930,outputs\fhn-sweep-T500-dt005-init05-observables\runs\ring\k_01\K_0.20\seed_0007,OK
ring,0.20,,1,8,20260607,6082019009704540931,outputs\fhn-sweep-T500-dt005-init05-observables\runs\ring\k_01\K_0.20\seed_0008,OK
ring,0.20,,1,9,20260607,6082019009704540932,outputs\fhn-sweep-T500-dt005-init05-observables\runs\ring\k_01\K_0.20\seed_0009,OK
ring,0.20,,1,10,20260607,6082019009704540933,outputs\fhn-sweep-T500-dt005-init05-observables\runs\ring\k_01\K_0.20\seed_0010,OK
ring,0.20,,1,11,20260607,6082019009704540934,outputs\fhn-sweep-T500-dt005-init05-observables\runs\ring\k_01\K_0.20\seed_0011,OK
ring,0.20,,1,12,20260607,6082019009704540935,outputs\fhn-sweep-T500-dt005-init05-observables\runs\ring\k_01\K_0.20\seed_0012,OK
ring,0.20,,1,13,20260607,6082019009704540936,outputs\fhn-sweep-T500-dt005-init05-observables\runs\ring\k_01\K_0.20\seed_0013,OK
ring,0.20,,1,14,20260607,6082019009704540937,outputs\fhn-sweep-T500-dt005-init05-observables\runs\ring\k_01\K_0.20\seed_0014,OK
ring,0.20,,1,15,20260607,6082019009704540938,outputs\fhn-sweep-T500-dt005-init05-observables\runs\ring\k_01\K_0.20\seed_0015,OK
ring,0.30,,1,1,20260607,-5651659459446567229,outputs\fhn-sweep-T500-dt005-init05-observables\runs\ring\k_01\K_0.30\seed_0001,OK
ring,0.30,,1,2,20260607,-5651659459446567228,outputs\fhn-sweep-T500-dt005-init05-observables\runs\ring\k_01\K_0.30\seed_0002,OK
ring,0.30,,1,3,20260607,-5651659459446567227,outputs\fhn-sweep-T500-dt005-init05-observables\runs\ring\k_01\K_0.30\seed_0003,OK
ring,0.30,,1,4,20260607,-5651659459446567226,outputs\fhn-sweep-T500-dt005-init05-observables\runs\ring\k_01\K_0.30\seed_0004,OK
ring,0.30,,1,5,20260607,-5651659459446567225,outputs\fhn-sweep-T500-dt005-init05-observables\runs\ring\k_01\K_0.30\seed_0005,OK
ring,0.30,,1,6,20260607,-5651659459446567224,outputs\fhn-sweep-T500-dt005-init05-observables\runs\ring\k_01\K_0.30\seed_0006,OK
ring,0.30,,1,7,20260607,-5651659459446567223,outputs\fhn-sweep-T500-dt005-init05-observables\runs\ring\k_01\K_0.30\seed_0007,OK
ring,0.30,,1,8,20260607,-5651659459446567222,outputs\fhn-sweep-T500-dt005-init05-observables\runs\ring\k_01\K_0.30\seed_0008,OK
ring,0.30,,1,9,20260607,-5651659459446567221,outputs\fhn-sweep-T500-dt005-init05-observables\runs\ring\k_01\K_0.30\seed_0009,OK
ring,0.30,,1,10,20260607,-5651659459446567220,outputs\fhn-sweep-T500-dt005-init05-observables\runs\ring\k_01\K_0.30\seed_0010,OK
ring,0.30,,1,11,20260607,-5651659459446567219,outputs\fhn-sweep-T500-dt005-init05-observables\runs\ring\k_01\K_0.30\seed_0011,OK
ring,0.30,,1,12,20260607,-5651659459446567218,outputs\fhn-sweep-T500-dt005-init05-observables\runs\ring\k_01\K_0.30\seed_0012,OK
ring,0.30,,1,13,20260607,-5651659459446567217,outputs\fhn-sweep-T500-dt005-init05-observables\runs\ring\k_01\K_0.30\seed_0013,OK
ring,0.30,,1,14,20260607,-5651659459446567216,outputs\fhn-sweep-T500-dt005-init05-observables\runs\ring\k_01\K_0.30\seed_0014,OK
ring,0.30,,1,15,20260607,-5651659459446567215,outputs\fhn-sweep-T500-dt005-init05-observables\runs\ring\k_01\K_0.30\seed_0015,OK
ring,0.40,,1,1,20260607,-7325197080977425668,outputs\fhn-sweep-T500-dt005-init05-observables\runs\ring\k_01\K_0.40\seed_0001,OK
ring,0.40,,1,2,20260607,-7325197080977425667,outputs\fhn-sweep-T500-dt005-init05-observables\runs\ring\k_01\K_0.40\seed_0002,OK
ring,0.40,,1,4,20260607,-7325197080977425665,outputs\fhn-sweep-T500-dt005-init05-observables\runs\ring\k_01\K_0.40\seed_0004,OK
ring,0.40,,1,3,20260607,-7325197080977425666,outputs\fhn-sweep-T500-dt005-init05-observables\runs\ring\k_01\K_0.40\seed_0003,OK
ring,0.40,,1,5,20260607,-7325197080977425664,outputs\fhn-sweep-T500-dt005-init05-observables\runs\ring\k_01\K_0.40\seed_0005,OK
ring,0.40,,1,6,20260607,-7325197080977425663,outputs\fhn-sweep-T500-dt005-init05-observables\runs\ring\k_01\K_0.40\seed_0006,OK
ring,0.40,,1,7,20260607,-7325197080977425662,outputs\fhn-sweep-T500-dt005-init05-observables\runs\ring\k_01\K_0.40\seed_0007,OK
ring,0.40,,1,9,20260607,-7325197080977425660,outputs\fhn-sweep-T500-dt005-init05-observables\runs\ring\k_01\K_0.40\seed_0009,OK
ring,0.40,,1,8,20260607,-7325197080977425661,outputs\fhn-sweep-T500-dt005-init05-observables\runs\ring\k_01\K_0.40\seed_0008,OK
ring,0.40,,1,10,20260607,-7325197080977425659,outputs\fhn-sweep-T500-dt005-init05-observables\runs\ring\k_01\K_0.40\seed_0010,OK
ring,0.40,,1,11,20260607,-7325197080977425658,outputs\fhn-sweep-T500-dt005-init05-observables\runs\ring\k_01\K_0.40\seed_0011,OK
ring,0.40,,1,12,20260607,-7325197080977425657,outputs\fhn-sweep-T500-dt005-init05-observables\runs\ring\k_01\K_0.40\seed_0012,OK
ring,0.40,,1,13,20260607,-7325197080977425656,outputs\fhn-sweep-T500-dt005-init05-observables\runs\ring\k_01\K_0.40\seed_0013,OK
ring,0.40,,1,14,20260607,-7325197080977425655,outputs\fhn-sweep-T500-dt005-init05-observables\runs\ring\k_01\K_0.40\seed_0014,OK
ring,0.40,,1,15,20260607,-7325197080977425654,outputs\fhn-sweep-T500-dt005-init05-observables\runs\ring\k_01\K_0.40\seed_0015,OK
ring,0.50,,1,1,20260607,-8998734702508313898,outputs\fhn-sweep-T500-dt005-init05-observables\runs\ring\k_01\K_0.50\seed_0001,OK
ring,0.50,,1,2,20260607,-8998734702508313897,outputs\fhn-sweep-T500-dt005-init05-observables\runs\ring\k_01\K_0.50\seed_0002,OK
ring,0.50,,1,4,20260607,-8998734702508313895,outputs\fhn-sweep-T500-dt005-init05-observables\runs\ring\k_01\K_0.50\seed_0004,OK
ring,0.50,,1,3,20260607,-8998734702508313896,outputs\fhn-sweep-T500-dt005-init05-observables\runs\ring\k_01\K_0.50\seed_0003,OK
ring,0.50,,1,5,20260607,-8998734702508313894,outputs\fhn-sweep-T500-dt005-init05-observables\runs\ring\k_01\K_0.50\seed_0005,OK
ring,0.50,,1,6,20260607,-8998734702508313893,outputs\fhn-sweep-T500-dt005-init05-observables\runs\ring\k_01\K_0.50\seed_0006,OK
ring,0.50,,1,7,20260607,-8998734702508313892,outputs\fhn-sweep-T500-dt005-init05-observables\runs\ring\k_01\K_0.50\seed_0007,OK
ring,0.50,,1,8,20260607,-8998734702508313891,outputs\fhn-sweep-T500-dt005-init05-observables\runs\ring\k_01\K_0.50\seed_0008,OK
ring,0.50,,1,9,20260607,-8998734702508313890,outputs\fhn-sweep-T500-dt005-init05-observables\runs\ring\k_01\K_0.50\seed_0009,OK
ring,0.50,,1,10,20260607,-8998734702508313889,outputs\fhn-sweep-T500-dt005-init05-observables\runs\ring\k_01\K_0.50\seed_0010,OK
ring,0.50,,1,11,20260607,-8998734702508313888,outputs\fhn-sweep-T500-dt005-init05-observables\runs\ring\k_01\K_0.50\seed_0011,OK
ring,0.50,,1,12,20260607,-8998734702508313887,outputs\fhn-sweep-T500-dt005-init05-observables\runs\ring\k_01\K_0.50\seed_0012,OK
ring,0.50,,1,13,20260607,-8998734702508313886,outputs\fhn-sweep-T500-dt005-init05-observables\runs\ring\k_01\K_0.50\seed_0013,OK
ring,0.50,,1,14,20260607,-8998734702508313885,outputs\fhn-sweep-T500-dt005-init05-observables\runs\ring\k_01\K_0.50\seed_0014,OK
ring,0.50,,1,15,20260607,-8998734702508313884,outputs\fhn-sweep-T500-dt005-init05-observables\runs\ring\k_01\K_0.50\seed_0015,OK
ring,0.60,,1,1,20260607,-612131476418982205,outputs\fhn-sweep-T500-dt005-init05-observables\runs\ring\k_01\K_0.60\seed_0001,OK
ring,0.60,,1,2,20260607,-612131476418982204,outputs\fhn-sweep-T500-dt005-init05-observables\runs\ring\k_01\K_0.60\seed_0002,OK
ring,0.60,,1,3,20260607,-612131476418982203,outputs\fhn-sweep-T500-dt005-init05-observables\runs\ring\k_01\K_0.60\seed_0003,OK
ring,0.60,,1,4,20260607,-612131476418982202,outputs\fhn-sweep-T500-dt005-init05-observables\runs\ring\k_01\K_0.60\seed_0004,OK
ring,0.60,,1,5,20260607,-612131476418982201,outputs\fhn-sweep-T500-dt005-init05-observables\runs\ring\k_01\K_0.60\seed_0005,OK
ring,0.60,,1,6,20260607,-612131476418982200,outputs\fhn-sweep-T500-dt005-init05-observables\runs\ring\k_01\K_0.60\seed_0006,OK
ring,0.60,,1,7,20260607,-612131476418982199,outputs\fhn-sweep-T500-dt005-init05-observables\runs\ring\k_01\K_0.60\seed_0007,OK
ring,0.60,,1,8,20260607,-612131476418982198,outputs\fhn-sweep-T500-dt005-init05-observables\runs\ring\k_01\K_0.60\seed_0008,OK
ring,0.60,,1,9,20260607,-612131476418982197,outputs\fhn-sweep-T500-dt005-init05-observables\runs\ring\k_01\K_0.60\seed_0009,OK
ring,0.60,,1,10,20260607,-612131476418982196,outputs\fhn-sweep-T500-dt005-init05-observables\runs\ring\k_01\K_0.60\seed_0010,OK
ring,0.60,,1,11,20260607,-612131476418982195,outputs\fhn-sweep-T500-dt005-init05-observables\runs\ring\k_01\K_0.60\seed_0011,OK
ring,0.60,,1,12,20260607,-612131476418982194,outputs\fhn-sweep-T500-dt005-init05-observables\runs\ring\k_01\K_0.60\seed_0012,OK
ring,0.60,,1,13,20260607,-612131476418982193,outputs\fhn-sweep-T500-dt005-init05-observables\runs\ring\k_01\K_0.60\seed_0013,OK
ring,0.60,,1,14,20260607,-612131476418982192,outputs\fhn-sweep-T500-dt005-init05-observables\runs\ring\k_01\K_0.60\seed_0014,OK
ring,0.60,,1,15,20260607,-612131476418982191,outputs\fhn-sweep-T500-dt005-init05-observables\runs\ring\k_01\K_0.60\seed_0015,OK
ring,0.70,,1,1,20260607,7774471749670349488,outputs\fhn-sweep-T500-dt005-init05-observables\runs\ring\k_01\K_0.70\seed_0001,OK
ring,0.70,,1,2,20260607,7774471749670349489,outputs\fhn-sweep-T500-dt005-init05-observables\runs\ring\k_01\K_0.70\seed_0002,OK
ring,0.70,,1,3,20260607,7774471749670349490,outputs\fhn-sweep-T500-dt005-init05-observables\runs\ring\k_01\K_0.70\seed_0003,OK
ring,0.70,,1,4,20260607,7774471749670349491,outputs\fhn-sweep-T500-dt005-init05-observables\runs\ring\k_01\K_0.70\seed_0004,OK
ring,0.70,,1,5,20260607,7774471749670349492,outputs\fhn-sweep-T500-dt005-init05-observables\runs\ring\k_01\K_0.70\seed_0005,OK
ring,0.70,,1,6,20260607,7774471749670349493,outputs\fhn-sweep-T500-dt005-init05-observables\runs\ring\k_01\K_0.70\seed_0006,OK
ring,0.70,,1,7,20260607,7774471749670349494,outputs\fhn-sweep-T500-dt005-init05-observables\runs\ring\k_01\K_0.70\seed_0007,OK
ring,0.70,,1,8,20260607,7774471749670349495,outputs\fhn-sweep-T500-dt005-init05-observables\runs\ring\k_01\K_0.70\seed_0008,OK
ring,0.70,,1,9,20260607,7774471749670349496,outputs\fhn-sweep-T500-dt005-init05-observables\runs\ring\k_01\K_0.70\seed_0009,OK
ring,0.70,,1,10,20260607,7774471749670349497,outputs\fhn-sweep-T500-dt005-init05-observables\runs\ring\k_01\K_0.70\seed_0010,OK
ring,0.70,,1,11,20260607,7774471749670349498,outputs\fhn-sweep-T500-dt005-init05-observables\runs\ring\k_01\K_0.70\seed_0011,OK
ring,0.70,,1,12,20260607,7774471749670349499,outputs\fhn-sweep-T500-dt005-init05-observables\runs\ring\k_01\K_0.70\seed_0012,OK
ring,0.70,,1,13,20260607,7774471749670349500,outputs\fhn-sweep-T500-dt005-init05-observables\runs\ring\k_01\K_0.70\seed_0013,OK
ring,0.70,,1,14,20260607,7774471749670349501,outputs\fhn-sweep-T500-dt005-init05-observables\runs\ring\k_01\K_0.70\seed_0014,OK
ring,0.70,,1,15,20260607,7774471749670349502,outputs\fhn-sweep-T500-dt005-init05-observables\runs\ring\k_01\K_0.70\seed_0015,OK
ring,0.80,,1,1,20260607,-2285669097949840644,outputs\fhn-sweep-T500-dt005-init05-observables\runs\ring\k_01\K_0.80\seed_0001,OK
ring,0.80,,1,2,20260607,-2285669097949840643,outputs\fhn-sweep-T500-dt005-init05-observables\runs\ring\k_01\K_0.80\seed_0002,OK
ring,0.80,,1,3,20260607,-2285669097949840642,outputs\fhn-sweep-T500-dt005-init05-observables\runs\ring\k_01\K_0.80\seed_0003,OK
ring,0.80,,1,4,20260607,-2285669097949840641,outputs\fhn-sweep-T500-dt005-init05-observables\runs\ring\k_01\K_0.80\seed_0004,OK
ring,0.80,,1,5,20260607,-2285669097949840640,outputs\fhn-sweep-T500-dt005-init05-observables\runs\ring\k_01\K_0.80\seed_0005,OK
ring,0.80,,1,6,20260607,-2285669097949840639,outputs\fhn-sweep-T500-dt005-init05-observables\runs\ring\k_01\K_0.80\seed_0006,OK
ring,0.80,,1,7,20260607,-2285669097949840638,outputs\fhn-sweep-T500-dt005-init05-observables\runs\ring\k_01\K_0.80\seed_0007,OK
ring,0.80,,1,8,20260607,-2285669097949840637,outputs\fhn-sweep-T500-dt005-init05-observables\runs\ring\k_01\K_0.80\seed_0008,OK
ring,0.80,,1,9,20260607,-2285669097949840636,outputs\fhn-sweep-T500-dt005-init05-observables\runs\ring\k_01\K_0.80\seed_0009,OK
ring,0.80,,1,10,20260607,-2285669097949840635,outputs\fhn-sweep-T500-dt005-init05-observables\runs\ring\k_01\K_0.80\seed_0010,OK
ring,0.80,,1,11,20260607,-2285669097949840634,outputs\fhn-sweep-T500-dt005-init05-observables\runs\ring\k_01\K_0.80\seed_0011,OK
ring,0.80,,1,12,20260607,-2285669097949840633,outputs\fhn-sweep-T500-dt005-init05-observables\runs\ring\k_01\K_0.80\seed_0012,OK
ring,0.80,,1,13,20260607,-2285669097949840632,outputs\fhn-sweep-T500-dt005-init05-observables\runs\ring\k_01\K_0.80\seed_0013,OK
ring,0.80,,1,14,20260607,-2285669097949840631,outputs\fhn-sweep-T500-dt005-init05-observables\runs\ring\k_01\K_0.80\seed_0014,OK
ring,0.80,,1,15,20260607,-2285669097949840630,outputs\fhn-sweep-T500-dt005-init05-observables\runs\ring\k_01\K_0.80\seed_0015,OK
ring,0.90,,1,1,20260607,6100934128139491049,outputs\fhn-sweep-T500-dt005-init05-observables\runs\ring\k_01\K_0.90\seed_0001,OK
ring,0.90,,1,2,20260607,6100934128139491050,outputs\fhn-sweep-T500-dt005-init05-observables\runs\ring\k_01\K_0.90\seed_0002,OK
ring,0.90,,1,3,20260607,6100934128139491051,outputs\fhn-sweep-T500-dt005-init05-observables\runs\ring\k_01\K_0.90\seed_0003,OK
ring,0.90,,1,4,20260607,6100934128139491052,outputs\fhn-sweep-T500-dt005-init05-observables\runs\ring\k_01\K_0.90\seed_0004,OK
ring,0.90,,1,5,20260607,6100934128139491053,outputs\fhn-sweep-T500-dt005-init05-observables\runs\ring\k_01\K_0.90\seed_0005,OK
ring,0.90,,1,6,20260607,6100934128139491054,outputs\fhn-sweep-T500-dt005-init05-observables\runs\ring\k_01\K_0.90\seed_0006,OK
ring,0.90,,1,7,20260607,6100934128139491055,outputs\fhn-sweep-T500-dt005-init05-observables\runs\ring\k_01\K_0.90\seed_0007,OK
ring,0.90,,1,8,20260607,6100934128139491056,outputs\fhn-sweep-T500-dt005-init05-observables\runs\ring\k_01\K_0.90\seed_0008,OK
ring,0.90,,1,9,20260607,6100934128139491057,outputs\fhn-sweep-T500-dt005-init05-observables\runs\ring\k_01\K_0.90\seed_0009,OK
ring,0.90,,1,10,20260607,6100934128139491058,outputs\fhn-sweep-T500-dt005-init05-observables\runs\ring\k_01\K_0.90\seed_0010,OK
ring,0.90,,1,11,20260607,6100934128139491059,outputs\fhn-sweep-T500-dt005-init05-observables\runs\ring\k_01\K_0.90\seed_0011,OK
ring,0.90,,1,13,20260607,6100934128139491061,outputs\fhn-sweep-T500-dt005-init05-observables\runs\ring\k_01\K_0.90\seed_0013,OK
ring,0.90,,1,12,20260607,6100934128139491060,outputs\fhn-sweep-T500-dt005-init05-observables\runs\ring\k_01\K_0.90\seed_0012,OK
ring,0.90,,1,14,20260607,6100934128139491062,outputs\fhn-sweep-T500-dt005-init05-observables\runs\ring\k_01\K_0.90\seed_0014,OK
ring,0.90,,1,15,20260607,6100934128139491063,outputs\fhn-sweep-T500-dt005-init05-observables\runs\ring\k_01\K_0.90\seed_0015,OK
ring,1.00,,1,1,20260607,-3959206719480728874,outputs\fhn-sweep-T500-dt005-init05-observables\runs\ring\k_01\K_1.00\seed_0001,OK
ring,1.00,,1,2,20260607,-3959206719480728873,outputs\fhn-sweep-T500-dt005-init05-observables\runs\ring\k_01\K_1.00\seed_0002,OK
ring,1.00,,1,3,20260607,-3959206719480728872,outputs\fhn-sweep-T500-dt005-init05-observables\runs\ring\k_01\K_1.00\seed_0003,OK
ring,1.00,,1,4,20260607,-3959206719480728871,outputs\fhn-sweep-T500-dt005-init05-observables\runs\ring\k_01\K_1.00\seed_0004,OK
ring,1.00,,1,5,20260607,-3959206719480728870,outputs\fhn-sweep-T500-dt005-init05-observables\runs\ring\k_01\K_1.00\seed_0005,OK
ring,1.00,,1,6,20260607,-3959206719480728869,outputs\fhn-sweep-T500-dt005-init05-observables\runs\ring\k_01\K_1.00\seed_0006,OK
ring,1.00,,1,7,20260607,-3959206719480728868,outputs\fhn-sweep-T500-dt005-init05-observables\runs\ring\k_01\K_1.00\seed_0007,OK
ring,1.00,,1,8,20260607,-3959206719480728867,outputs\fhn-sweep-T500-dt005-init05-observables\runs\ring\k_01\K_1.00\seed_0008,OK
ring,1.00,,1,9,20260607,-3959206719480728866,outputs\fhn-sweep-T500-dt005-init05-observables\runs\ring\k_01\K_1.00\seed_0009,OK
ring,1.00,,1,10,20260607,-3959206719480728865,outputs\fhn-sweep-T500-dt005-init05-observables\runs\ring\k_01\K_1.00\seed_0010,OK
ring,1.00,,1,11,20260607,-3959206719480728864,outputs\fhn-sweep-T500-dt005-init05-observables\runs\ring\k_01\K_1.00\seed_0011,OK
ring,1.00,,1,12,20260607,-3959206719480728863,outputs\fhn-sweep-T500-dt005-init05-observables\runs\ring\k_01\K_1.00\seed_0012,OK
ring,1.00,,1,13,20260607,-3959206719480728862,outputs\fhn-sweep-T500-dt005-init05-observables\runs\ring\k_01\K_1.00\seed_0013,OK
ring,1.00,,1,14,20260607,-3959206719480728861,outputs\fhn-sweep-T500-dt005-init05-observables\runs\ring\k_01\K_1.00\seed_0014,OK
ring,1.00,,1,15,20260607,-3959206719480728860,outputs\fhn-sweep-T500-dt005-init05-observables\runs\ring\k_01\K_1.00\seed_0015,OK
ring,0.00,,2,1,20260607,5692007281974244085,outputs\fhn-sweep-T500-dt005-init05-observables\runs\ring\k_02\K_0.00\seed_0001,OK
ring,0.00,,2,2,20260607,5692007281974244086,outputs\fhn-sweep-T500-dt005-init05-observables\runs\ring\k_02\K_0.00\seed_0002,OK
ring,0.00,,2,3,20260607,5692007281974244087,outputs\fhn-sweep-T500-dt005-init05-observables\runs\ring\k_02\K_0.00\seed_0003,OK
ring,0.00,,2,4,20260607,5692007281974244088,outputs\fhn-sweep-T500-dt005-init05-observables\runs\ring\k_02\K_0.00\seed_0004,OK
ring,0.00,,2,5,20260607,5692007281974244089,outputs\fhn-sweep-T500-dt005-init05-observables\runs\ring\k_02\K_0.00\seed_0005,OK
ring,0.00,,2,6,20260607,5692007281974244090,outputs\fhn-sweep-T500-dt005-init05-observables\runs\ring\k_02\K_0.00\seed_0006,OK
ring,0.00,,2,7,20260607,5692007281974244091,outputs\fhn-sweep-T500-dt005-init05-observables\runs\ring\k_02\K_0.00\seed_0007,OK
ring,0.00,,2,8,20260607,5692007281974244092,outputs\fhn-sweep-T500-dt005-init05-observables\runs\ring\k_02\K_0.00\seed_0008,OK
ring,0.00,,2,9,20260607,5692007281974244093,outputs\fhn-sweep-T500-dt005-init05-observables\runs\ring\k_02\K_0.00\seed_0009,OK
ring,0.00,,2,10,20260607,5692007281974244094,outputs\fhn-sweep-T500-dt005-init05-observables\runs\ring\k_02\K_0.00\seed_0010,OK
ring,0.00,,2,11,20260607,5692007281974244095,outputs\fhn-sweep-T500-dt005-init05-observables\runs\ring\k_02\K_0.00\seed_0011,OK
ring,0.00,,2,12,20260607,5692007281974244096,outputs\fhn-sweep-T500-dt005-init05-observables\runs\ring\k_02\K_0.00\seed_0012,OK
ring,0.00,,2,13,20260607,5692007281974244097,outputs\fhn-sweep-T500-dt005-init05-observables\runs\ring\k_02\K_0.00\seed_0013,OK
ring,0.00,,2,14,20260607,5692007281974244098,outputs\fhn-sweep-T500-dt005-init05-observables\runs\ring\k_02\K_0.00\seed_0014,OK
ring,0.00,,2,15,20260607,5692007281974244099,outputs\fhn-sweep-T500-dt005-init05-observables\runs\ring\k_02\K_0.00\seed_0015,OK
ring,0.10,,2,1,20260607,1042491026676955931,outputs\fhn-sweep-T500-dt005-init05-observables\runs\ring\k_02\K_0.10\seed_0001,OK
ring,0.10,,2,2,20260607,1042491026676955932,outputs\fhn-sweep-T500-dt005-init05-observables\runs\ring\k_02\K_0.10\seed_0002,OK
ring,0.10,,2,3,20260607,1042491026676955933,outputs\fhn-sweep-T500-dt005-init05-observables\runs\ring\k_02\K_0.10\seed_0003,OK
ring,0.10,,2,4,20260607,1042491026676955934,outputs\fhn-sweep-T500-dt005-init05-observables\runs\ring\k_02\K_0.10\seed_0004,OK
ring,0.10,,2,5,20260607,1042491026676955935,outputs\fhn-sweep-T500-dt005-init05-observables\runs\ring\k_02\K_0.10\seed_0005,OK
ring,0.10,,2,6,20260607,1042491026676955936,outputs\fhn-sweep-T500-dt005-init05-observables\runs\ring\k_02\K_0.10\seed_0006,OK
ring,0.10,,2,7,20260607,1042491026676955937,outputs\fhn-sweep-T500-dt005-init05-observables\runs\ring\k_02\K_0.10\seed_0007,OK
ring,0.10,,2,8,20260607,1042491026676955938,outputs\fhn-sweep-T500-dt005-init05-observables\runs\ring\k_02\K_0.10\seed_0008,OK
ring,0.10,,2,9,20260607,1042491026676955939,outputs\fhn-sweep-T500-dt005-init05-observables\runs\ring\k_02\K_0.10\seed_0009,OK
ring,0.10,,2,10,20260607,1042491026676955940,outputs\fhn-sweep-T500-dt005-init05-observables\runs\ring\k_02\K_0.10\seed_0010,OK
ring,0.10,,2,11,20260607,1042491026676955941,outputs\fhn-sweep-T500-dt005-init05-observables\runs\ring\k_02\K_0.10\seed_0011,OK
ring,0.10,,2,12,20260607,1042491026676955942,outputs\fhn-sweep-T500-dt005-init05-observables\runs\ring\k_02\K_0.10\seed_0012,OK
ring,0.10,,2,13,20260607,1042491026676955943,outputs\fhn-sweep-T500-dt005-init05-observables\runs\ring\k_02\K_0.10\seed_0013,OK
ring,0.10,,2,14,20260607,1042491026676955944,outputs\fhn-sweep-T500-dt005-init05-observables\runs\ring\k_02\K_0.10\seed_0014,OK
ring,0.10,,2,15,20260607,1042491026676955945,outputs\fhn-sweep-T500-dt005-init05-observables\runs\ring\k_02\K_0.10\seed_0015,OK
ring,0.20,,2,1,20260607,6082019009704540955,outputs\fhn-sweep-T500-dt005-init05-observables\runs\ring\k_02\K_0.20\seed_0001,OK
ring,0.20,,2,3,20260607,6082019009704540957,outputs\fhn-sweep-T500-dt005-init05-observables\runs\ring\k_02\K_0.20\seed_0003,OK
ring,0.20,,2,2,20260607,6082019009704540956,outputs\fhn-sweep-T500-dt005-init05-observables\runs\ring\k_02\K_0.20\seed_0002,OK
ring,0.20,,2,4,20260607,6082019009704540958,outputs\fhn-sweep-T500-dt005-init05-observables\runs\ring\k_02\K_0.20\seed_0004,OK
ring,0.20,,2,5,20260607,6082019009704540959,outputs\fhn-sweep-T500-dt005-init05-observables\runs\ring\k_02\K_0.20\seed_0005,OK
ring,0.20,,2,6,20260607,6082019009704540960,outputs\fhn-sweep-T500-dt005-init05-observables\runs\ring\k_02\K_0.20\seed_0006,OK
ring,0.20,,2,7,20260607,6082019009704540961,outputs\fhn-sweep-T500-dt005-init05-observables\runs\ring\k_02\K_0.20\seed_0007,OK
ring,0.20,,2,8,20260607,6082019009704540962,outputs\fhn-sweep-T500-dt005-init05-observables\runs\ring\k_02\K_0.20\seed_0008,OK
ring,0.20,,2,9,20260607,6082019009704540963,outputs\fhn-sweep-T500-dt005-init05-observables\runs\ring\k_02\K_0.20\seed_0009,OK
ring,0.20,,2,10,20260607,6082019009704540964,outputs\fhn-sweep-T500-dt005-init05-observables\runs\ring\k_02\K_0.20\seed_0010,OK
ring,0.20,,2,11,20260607,6082019009704540965,outputs\fhn-sweep-T500-dt005-init05-observables\runs\ring\k_02\K_0.20\seed_0011,OK
ring,0.20,,2,12,20260607,6082019009704540966,outputs\fhn-sweep-T500-dt005-init05-observables\runs\ring\k_02\K_0.20\seed_0012,OK
ring,0.20,,2,13,20260607,6082019009704540967,outputs\fhn-sweep-T500-dt005-init05-observables\runs\ring\k_02\K_0.20\seed_0013,OK
ring,0.20,,2,14,20260607,6082019009704540968,outputs\fhn-sweep-T500-dt005-init05-observables\runs\ring\k_02\K_0.20\seed_0014,OK
ring,0.20,,2,15,20260607,6082019009704540969,outputs\fhn-sweep-T500-dt005-init05-observables\runs\ring\k_02\K_0.20\seed_0015,OK
ring,0.30,,2,1,20260607,-5651659459446567198,outputs\fhn-sweep-T500-dt005-init05-observables\runs\ring\k_02\K_0.30\seed_0001,OK
ring,0.30,,2,3,20260607,-5651659459446567196,outputs\fhn-sweep-T500-dt005-init05-observables\runs\ring\k_02\K_0.30\seed_0003,OK
ring,0.30,,2,2,20260607,-5651659459446567197,outputs\fhn-sweep-T500-dt005-init05-observables\runs\ring\k_02\K_0.30\seed_0002,OK
ring,0.30,,2,4,20260607,-5651659459446567195,outputs\fhn-sweep-T500-dt005-init05-observables\runs\ring\k_02\K_0.30\seed_0004,OK
ring,0.30,,2,5,20260607,-5651659459446567194,outputs\fhn-sweep-T500-dt005-init05-observables\runs\ring\k_02\K_0.30\seed_0005,OK
ring,0.30,,2,6,20260607,-5651659459446567193,outputs\fhn-sweep-T500-dt005-init05-observables\runs\ring\k_02\K_0.30\seed_0006,OK
ring,0.30,,2,7,20260607,-5651659459446567192,outputs\fhn-sweep-T500-dt005-init05-observables\runs\ring\k_02\K_0.30\seed_0007,OK
ring,0.30,,2,8,20260607,-5651659459446567191,outputs\fhn-sweep-T500-dt005-init05-observables\runs\ring\k_02\K_0.30\seed_0008,OK
ring,0.30,,2,9,20260607,-5651659459446567190,outputs\fhn-sweep-T500-dt005-init05-observables\runs\ring\k_02\K_0.30\seed_0009,OK
ring,0.30,,2,10,20260607,-5651659459446567189,outputs\fhn-sweep-T500-dt005-init05-observables\runs\ring\k_02\K_0.30\seed_0010,OK
ring,0.30,,2,11,20260607,-5651659459446567188,outputs\fhn-sweep-T500-dt005-init05-observables\runs\ring\k_02\K_0.30\seed_0011,OK
ring,0.30,,2,12,20260607,-5651659459446567187,outputs\fhn-sweep-T500-dt005-init05-observables\runs\ring\k_02\K_0.30\seed_0012,OK
ring,0.30,,2,13,20260607,-5651659459446567186,outputs\fhn-sweep-T500-dt005-init05-observables\runs\ring\k_02\K_0.30\seed_0013,OK
ring,0.30,,2,14,20260607,-5651659459446567185,outputs\fhn-sweep-T500-dt005-init05-observables\runs\ring\k_02\K_0.30\seed_0014,OK
ring,0.30,,2,15,20260607,-5651659459446567184,outputs\fhn-sweep-T500-dt005-init05-observables\runs\ring\k_02\K_0.30\seed_0015,OK
ring,0.40,,2,1,20260607,-7325197080977425637,outputs\fhn-sweep-T500-dt005-init05-observables\runs\ring\k_02\K_0.40\seed_0001,OK
ring,0.40,,2,2,20260607,-7325197080977425636,outputs\fhn-sweep-T500-dt005-init05-observables\runs\ring\k_02\K_0.40\seed_0002,OK
ring,0.40,,2,3,20260607,-7325197080977425635,outputs\fhn-sweep-T500-dt005-init05-observables\runs\ring\k_02\K_0.40\seed_0003,OK
ring,0.40,,2,4,20260607,-7325197080977425634,outputs\fhn-sweep-T500-dt005-init05-observables\runs\ring\k_02\K_0.40\seed_0004,OK
ring,0.40,,2,5,20260607,-7325197080977425633,outputs\fhn-sweep-T500-dt005-init05-observables\runs\ring\k_02\K_0.40\seed_0005,OK
ring,0.40,,2,6,20260607,-7325197080977425632,outputs\fhn-sweep-T500-dt005-init05-observables\runs\ring\k_02\K_0.40\seed_0006,OK
ring,0.40,,2,7,20260607,-7325197080977425631,outputs\fhn-sweep-T500-dt005-init05-observables\runs\ring\k_02\K_0.40\seed_0007,OK
ring,0.40,,2,8,20260607,-7325197080977425630,outputs\fhn-sweep-T500-dt005-init05-observables\runs\ring\k_02\K_0.40\seed_0008,OK
ring,0.40,,2,9,20260607,-7325197080977425629,outputs\fhn-sweep-T500-dt005-init05-observables\runs\ring\k_02\K_0.40\seed_0009,OK
ring,0.40,,2,10,20260607,-7325197080977425628,outputs\fhn-sweep-T500-dt005-init05-observables\runs\ring\k_02\K_0.40\seed_0010,OK
ring,0.40,,2,12,20260607,-7325197080977425626,outputs\fhn-sweep-T500-dt005-init05-observables\runs\ring\k_02\K_0.40\seed_0012,OK
ring,0.40,,2,11,20260607,-7325197080977425627,outputs\fhn-sweep-T500-dt005-init05-observables\runs\ring\k_02\K_0.40\seed_0011,OK
ring,0.40,,2,13,20260607,-7325197080977425625,outputs\fhn-sweep-T500-dt005-init05-observables\runs\ring\k_02\K_0.40\seed_0013,OK
ring,0.40,,2,14,20260607,-7325197080977425624,outputs\fhn-sweep-T500-dt005-init05-observables\runs\ring\k_02\K_0.40\seed_0014,OK
ring,0.40,,2,15,20260607,-7325197080977425623,outputs\fhn-sweep-T500-dt005-init05-observables\runs\ring\k_02\K_0.40\seed_0015,OK
ring,0.50,,2,1,20260607,-8998734702508313867,outputs\fhn-sweep-T500-dt005-init05-observables\runs\ring\k_02\K_0.50\seed_0001,OK
ring,0.50,,2,2,20260607,-8998734702508313866,outputs\fhn-sweep-T500-dt005-init05-observables\runs\ring\k_02\K_0.50\seed_0002,OK
ring,0.50,,2,3,20260607,-8998734702508313865,outputs\fhn-sweep-T500-dt005-init05-observables\runs\ring\k_02\K_0.50\seed_0003,OK
ring,0.50,,2,4,20260607,-8998734702508313864,outputs\fhn-sweep-T500-dt005-init05-observables\runs\ring\k_02\K_0.50\seed_0004,OK
ring,0.50,,2,5,20260607,-8998734702508313863,outputs\fhn-sweep-T500-dt005-init05-observables\runs\ring\k_02\K_0.50\seed_0005,OK
ring,0.50,,2,6,20260607,-8998734702508313862,outputs\fhn-sweep-T500-dt005-init05-observables\runs\ring\k_02\K_0.50\seed_0006,OK
ring,0.50,,2,7,20260607,-8998734702508313861,outputs\fhn-sweep-T500-dt005-init05-observables\runs\ring\k_02\K_0.50\seed_0007,OK
ring,0.50,,2,8,20260607,-8998734702508313860,outputs\fhn-sweep-T500-dt005-init05-observables\runs\ring\k_02\K_0.50\seed_0008,OK
ring,0.50,,2,9,20260607,-8998734702508313859,outputs\fhn-sweep-T500-dt005-init05-observables\runs\ring\k_02\K_0.50\seed_0009,OK
ring,0.50,,2,10,20260607,-8998734702508313858,outputs\fhn-sweep-T500-dt005-init05-observables\runs\ring\k_02\K_0.50\seed_0010,OK
ring,0.50,,2,11,20260607,-8998734702508313857,outputs\fhn-sweep-T500-dt005-init05-observables\runs\ring\k_02\K_0.50\seed_0011,OK
ring,0.50,,2,12,20260607,-8998734702508313856,outputs\fhn-sweep-T500-dt005-init05-observables\runs\ring\k_02\K_0.50\seed_0012,OK
ring,0.50,,2,13,20260607,-8998734702508313855,outputs\fhn-sweep-T500-dt005-init05-observables\runs\ring\k_02\K_0.50\seed_0013,OK
ring,0.50,,2,14,20260607,-8998734702508313854,outputs\fhn-sweep-T500-dt005-init05-observables\runs\ring\k_02\K_0.50\seed_0014,OK
ring,0.50,,2,15,20260607,-8998734702508313853,outputs\fhn-sweep-T500-dt005-init05-observables\runs\ring\k_02\K_0.50\seed_0015,OK
ring,0.60,,2,1,20260607,-612131476418982174,outputs\fhn-sweep-T500-dt005-init05-observables\runs\ring\k_02\K_0.60\seed_0001,OK
ring,0.60,,2,2,20260607,-612131476418982173,outputs\fhn-sweep-T500-dt005-init05-observables\runs\ring\k_02\K_0.60\seed_0002,OK
ring,0.60,,2,3,20260607,-612131476418982172,outputs\fhn-sweep-T500-dt005-init05-observables\runs\ring\k_02\K_0.60\seed_0003,OK
ring,0.60,,2,4,20260607,-612131476418982171,outputs\fhn-sweep-T500-dt005-init05-observables\runs\ring\k_02\K_0.60\seed_0004,OK
ring,0.60,,2,5,20260607,-612131476418982170,outputs\fhn-sweep-T500-dt005-init05-observables\runs\ring\k_02\K_0.60\seed_0005,OK
ring,0.60,,2,6,20260607,-612131476418982169,outputs\fhn-sweep-T500-dt005-init05-observables\runs\ring\k_02\K_0.60\seed_0006,OK
ring,0.60,,2,7,20260607,-612131476418982168,outputs\fhn-sweep-T500-dt005-init05-observables\runs\ring\k_02\K_0.60\seed_0007,OK
ring,0.60,,2,8,20260607,-612131476418982167,outputs\fhn-sweep-T500-dt005-init05-observables\runs\ring\k_02\K_0.60\seed_0008,OK
ring,0.60,,2,9,20260607,-612131476418982166,outputs\fhn-sweep-T500-dt005-init05-observables\runs\ring\k_02\K_0.60\seed_0009,OK
ring,0.60,,2,10,20260607,-612131476418982165,outputs\fhn-sweep-T500-dt005-init05-observables\runs\ring\k_02\K_0.60\seed_0010,OK
ring,0.60,,2,11,20260607,-612131476418982164,outputs\fhn-sweep-T500-dt005-init05-observables\runs\ring\k_02\K_0.60\seed_0011,OK
ring,0.60,,2,12,20260607,-612131476418982163,outputs\fhn-sweep-T500-dt005-init05-observables\runs\ring\k_02\K_0.60\seed_0012,OK
ring,0.60,,2,13,20260607,-612131476418982162,outputs\fhn-sweep-T500-dt005-init05-observables\runs\ring\k_02\K_0.60\seed_0013,OK
ring,0.60,,2,14,20260607,-612131476418982161,outputs\fhn-sweep-T500-dt005-init05-observables\runs\ring\k_02\K_0.60\seed_0014,OK
ring,0.60,,2,15,20260607,-612131476418982160,outputs\fhn-sweep-T500-dt005-init05-observables\runs\ring\k_02\K_0.60\seed_0015,OK
ring,0.70,,2,1,20260607,7774471749670349519,outputs\fhn-sweep-T500-dt005-init05-observables\runs\ring\k_02\K_0.70\seed_0001,OK
ring,0.70,,2,2,20260607,7774471749670349520,outputs\fhn-sweep-T500-dt005-init05-observables\runs\ring\k_02\K_0.70\seed_0002,OK
ring,0.70,,2,3,20260607,7774471749670349521,outputs\fhn-sweep-T500-dt005-init05-observables\runs\ring\k_02\K_0.70\seed_0003,OK
ring,0.70,,2,4,20260607,7774471749670349522,outputs\fhn-sweep-T500-dt005-init05-observables\runs\ring\k_02\K_0.70\seed_0004,OK
ring,0.70,,2,5,20260607,7774471749670349523,outputs\fhn-sweep-T500-dt005-init05-observables\runs\ring\k_02\K_0.70\seed_0005,OK
ring,0.70,,2,6,20260607,7774471749670349524,outputs\fhn-sweep-T500-dt005-init05-observables\runs\ring\k_02\K_0.70\seed_0006,OK
ring,0.70,,2,7,20260607,7774471749670349525,outputs\fhn-sweep-T500-dt005-init05-observables\runs\ring\k_02\K_0.70\seed_0007,OK
ring,0.70,,2,8,20260607,7774471749670349526,outputs\fhn-sweep-T500-dt005-init05-observables\runs\ring\k_02\K_0.70\seed_0008,OK
ring,0.70,,2,9,20260607,7774471749670349527,outputs\fhn-sweep-T500-dt005-init05-observables\runs\ring\k_02\K_0.70\seed_0009,OK
ring,0.70,,2,10,20260607,7774471749670349528,outputs\fhn-sweep-T500-dt005-init05-observables\runs\ring\k_02\K_0.70\seed_0010,OK
ring,0.70,,2,11,20260607,7774471749670349529,outputs\fhn-sweep-T500-dt005-init05-observables\runs\ring\k_02\K_0.70\seed_0011,OK
ring,0.70,,2,12,20260607,7774471749670349530,outputs\fhn-sweep-T500-dt005-init05-observables\runs\ring\k_02\K_0.70\seed_0012,OK
ring,0.70,,2,13,20260607,7774471749670349531,outputs\fhn-sweep-T500-dt005-init05-observables\runs\ring\k_02\K_0.70\seed_0013,OK
ring,0.70,,2,14,20260607,7774471749670349532,outputs\fhn-sweep-T500-dt005-init05-observables\runs\ring\k_02\K_0.70\seed_0014,OK
ring,0.70,,2,15,20260607,7774471749670349533,outputs\fhn-sweep-T500-dt005-init05-observables\runs\ring\k_02\K_0.70\seed_0015,OK
ring,0.80,,2,1,20260607,-2285669097949840613,outputs\fhn-sweep-T500-dt005-init05-observables\runs\ring\k_02\K_0.80\seed_0001,OK
ring,0.80,,2,2,20260607,-2285669097949840612,outputs\fhn-sweep-T500-dt005-init05-observables\runs\ring\k_02\K_0.80\seed_0002,OK
ring,0.80,,2,3,20260607,-2285669097949840611,outputs\fhn-sweep-T500-dt005-init05-observables\runs\ring\k_02\K_0.80\seed_0003,OK
ring,0.80,,2,4,20260607,-2285669097949840610,outputs\fhn-sweep-T500-dt005-init05-observables\runs\ring\k_02\K_0.80\seed_0004,OK
ring,0.80,,2,5,20260607,-2285669097949840609,outputs\fhn-sweep-T500-dt005-init05-observables\runs\ring\k_02\K_0.80\seed_0005,OK
ring,0.80,,2,6,20260607,-2285669097949840608,outputs\fhn-sweep-T500-dt005-init05-observables\runs\ring\k_02\K_0.80\seed_0006,OK
ring,0.80,,2,7,20260607,-2285669097949840607,outputs\fhn-sweep-T500-dt005-init05-observables\runs\ring\k_02\K_0.80\seed_0007,OK
ring,0.80,,2,8,20260607,-2285669097949840606,outputs\fhn-sweep-T500-dt005-init05-observables\runs\ring\k_02\K_0.80\seed_0008,OK
ring,0.80,,2,9,20260607,-2285669097949840605,outputs\fhn-sweep-T500-dt005-init05-observables\runs\ring\k_02\K_0.80\seed_0009,OK
ring,0.80,,2,10,20260607,-2285669097949840604,outputs\fhn-sweep-T500-dt005-init05-observables\runs\ring\k_02\K_0.80\seed_0010,OK
ring,0.80,,2,11,20260607,-2285669097949840603,outputs\fhn-sweep-T500-dt005-init05-observables\runs\ring\k_02\K_0.80\seed_0011,OK
ring,0.80,,2,12,20260607,-2285669097949840602,outputs\fhn-sweep-T500-dt005-init05-observables\runs\ring\k_02\K_0.80\seed_0012,OK
ring,0.80,,2,13,20260607,-2285669097949840601,outputs\fhn-sweep-T500-dt005-init05-observables\runs\ring\k_02\K_0.80\seed_0013,OK
ring,0.80,,2,14,20260607,-2285669097949840600,outputs\fhn-sweep-T500-dt005-init05-observables\runs\ring\k_02\K_0.80\seed_0014,OK
ring,0.80,,2,15,20260607,-2285669097949840599,outputs\fhn-sweep-T500-dt005-init05-observables\runs\ring\k_02\K_0.80\seed_0015,OK
ring,0.90,,2,1,20260607,6100934128139491080,outputs\fhn-sweep-T500-dt005-init05-observables\runs\ring\k_02\K_0.90\seed_0001,OK
ring,0.90,,2,2,20260607,6100934128139491081,outputs\fhn-sweep-T500-dt005-init05-observables\runs\ring\k_02\K_0.90\seed_0002,OK
ring,0.90,,2,3,20260607,6100934128139491082,outputs\fhn-sweep-T500-dt005-init05-observables\runs\ring\k_02\K_0.90\seed_0003,OK
ring,0.90,,2,4,20260607,6100934128139491083,outputs\fhn-sweep-T500-dt005-init05-observables\runs\ring\k_02\K_0.90\seed_0004,OK
ring,0.90,,2,5,20260607,6100934128139491084,outputs\fhn-sweep-T500-dt005-init05-observables\runs\ring\k_02\K_0.90\seed_0005,OK
ring,0.90,,2,7,20260607,6100934128139491086,outputs\fhn-sweep-T500-dt005-init05-observables\runs\ring\k_02\K_0.90\seed_0007,OK
ring,0.90,,2,6,20260607,6100934128139491085,outputs\fhn-sweep-T500-dt005-init05-observables\runs\ring\k_02\K_0.90\seed_0006,OK
ring,0.90,,2,8,20260607,6100934128139491087,outputs\fhn-sweep-T500-dt005-init05-observables\runs\ring\k_02\K_0.90\seed_0008,OK
ring,0.90,,2,9,20260607,6100934128139491088,outputs\fhn-sweep-T500-dt005-init05-observables\runs\ring\k_02\K_0.90\seed_0009,OK
ring,0.90,,2,10,20260607,6100934128139491089,outputs\fhn-sweep-T500-dt005-init05-observables\runs\ring\k_02\K_0.90\seed_0010,OK
ring,0.90,,2,11,20260607,6100934128139491090,outputs\fhn-sweep-T500-dt005-init05-observables\runs\ring\k_02\K_0.90\seed_0011,OK
ring,0.90,,2,12,20260607,6100934128139491091,outputs\fhn-sweep-T500-dt005-init05-observables\runs\ring\k_02\K_0.90\seed_0012,OK
ring,0.90,,2,13,20260607,6100934128139491092,outputs\fhn-sweep-T500-dt005-init05-observables\runs\ring\k_02\K_0.90\seed_0013,OK
ring,0.90,,2,14,20260607,6100934128139491093,outputs\fhn-sweep-T500-dt005-init05-observables\runs\ring\k_02\K_0.90\seed_0014,OK
ring,0.90,,2,15,20260607,6100934128139491094,outputs\fhn-sweep-T500-dt005-init05-observables\runs\ring\k_02\K_0.90\seed_0015,OK
ring,1.00,,2,1,20260607,-3959206719480728843,outputs\fhn-sweep-T500-dt005-init05-observables\runs\ring\k_02\K_1.00\seed_0001,OK
ring,1.00,,2,2,20260607,-3959206719480728842,outputs\fhn-sweep-T500-dt005-init05-observables\runs\ring\k_02\K_1.00\seed_0002,OK
ring,1.00,,2,3,20260607,-3959206719480728841,outputs\fhn-sweep-T500-dt005-init05-observables\runs\ring\k_02\K_1.00\seed_0003,OK
ring,1.00,,2,4,20260607,-3959206719480728840,outputs\fhn-sweep-T500-dt005-init05-observables\runs\ring\k_02\K_1.00\seed_0004,OK
ring,1.00,,2,5,20260607,-3959206719480728839,outputs\fhn-sweep-T500-dt005-init05-observables\runs\ring\k_02\K_1.00\seed_0005,OK
ring,1.00,,2,6,20260607,-3959206719480728838,outputs\fhn-sweep-T500-dt005-init05-observables\runs\ring\k_02\K_1.00\seed_0006,OK
ring,1.00,,2,7,20260607,-3959206719480728837,outputs\fhn-sweep-T500-dt005-init05-observables\runs\ring\k_02\K_1.00\seed_0007,OK
ring,1.00,,2,8,20260607,-3959206719480728836,outputs\fhn-sweep-T500-dt005-init05-observables\runs\ring\k_02\K_1.00\seed_0008,OK
ring,1.00,,2,9,20260607,-3959206719480728835,outputs\fhn-sweep-T500-dt005-init05-observables\runs\ring\k_02\K_1.00\seed_0009,OK
ring,1.00,,2,10,20260607,-3959206719480728834,outputs\fhn-sweep-T500-dt005-init05-observables\runs\ring\k_02\K_1.00\seed_0010,OK
ring,1.00,,2,11,20260607,-3959206719480728833,outputs\fhn-sweep-T500-dt005-init05-observables\runs\ring\k_02\K_1.00\seed_0011,OK
ring,1.00,,2,12,20260607,-3959206719480728832,outputs\fhn-sweep-T500-dt005-init05-observables\runs\ring\k_02\K_1.00\seed_0012,OK
ring,1.00,,2,13,20260607,-3959206719480728831,outputs\fhn-sweep-T500-dt005-init05-observables\runs\ring\k_02\K_1.00\seed_0013,OK
ring,1.00,,2,14,20260607,-3959206719480728830,outputs\fhn-sweep-T500-dt005-init05-observables\runs\ring\k_02\K_1.00\seed_0014,OK
ring,1.00,,2,15,20260607,-3959206719480728829,outputs\fhn-sweep-T500-dt005-init05-observables\runs\ring\k_02\K_1.00\seed_0015,OK
ring,0.00,,3,1,20260607,5692007281974244116,outputs\fhn-sweep-T500-dt005-init05-observables\runs\ring\k_03\K_0.00\seed_0001,OK
ring,0.00,,3,2,20260607,5692007281974244117,outputs\fhn-sweep-T500-dt005-init05-observables\runs\ring\k_03\K_0.00\seed_0002,OK
ring,0.00,,3,3,20260607,5692007281974244118,outputs\fhn-sweep-T500-dt005-init05-observables\runs\ring\k_03\K_0.00\seed_0003,OK
ring,0.00,,3,4,20260607,5692007281974244119,outputs\fhn-sweep-T500-dt005-init05-observables\runs\ring\k_03\K_0.00\seed_0004,OK
ring,0.00,,3,5,20260607,5692007281974244120,outputs\fhn-sweep-T500-dt005-init05-observables\runs\ring\k_03\K_0.00\seed_0005,OK
ring,0.00,,3,6,20260607,5692007281974244121,outputs\fhn-sweep-T500-dt005-init05-observables\runs\ring\k_03\K_0.00\seed_0006,OK
ring,0.00,,3,7,20260607,5692007281974244122,outputs\fhn-sweep-T500-dt005-init05-observables\runs\ring\k_03\K_0.00\seed_0007,OK
ring,0.00,,3,8,20260607,5692007281974244123,outputs\fhn-sweep-T500-dt005-init05-observables\runs\ring\k_03\K_0.00\seed_0008,OK
ring,0.00,,3,9,20260607,5692007281974244124,outputs\fhn-sweep-T500-dt005-init05-observables\runs\ring\k_03\K_0.00\seed_0009,OK
ring,0.00,,3,10,20260607,5692007281974244125,outputs\fhn-sweep-T500-dt005-init05-observables\runs\ring\k_03\K_0.00\seed_0010,OK
ring,0.00,,3,11,20260607,5692007281974244126,outputs\fhn-sweep-T500-dt005-init05-observables\runs\ring\k_03\K_0.00\seed_0011,OK
ring,0.00,,3,12,20260607,5692007281974244127,outputs\fhn-sweep-T500-dt005-init05-observables\runs\ring\k_03\K_0.00\seed_0012,OK
ring,0.00,,3,13,20260607,5692007281974244128,outputs\fhn-sweep-T500-dt005-init05-observables\runs\ring\k_03\K_0.00\seed_0013,OK
ring,0.00,,3,14,20260607,5692007281974244129,outputs\fhn-sweep-T500-dt005-init05-observables\runs\ring\k_03\K_0.00\seed_0014,OK
ring,0.00,,3,15,20260607,5692007281974244130,outputs\fhn-sweep-T500-dt005-init05-observables\runs\ring\k_03\K_0.00\seed_0015,OK
ring,0.10,,3,1,20260607,1042491026676955962,outputs\fhn-sweep-T500-dt005-init05-observables\runs\ring\k_03\K_0.10\seed_0001,OK
ring,0.10,,3,2,20260607,1042491026676955963,outputs\fhn-sweep-T500-dt005-init05-observables\runs\ring\k_03\K_0.10\seed_0002,OK
ring,0.10,,3,3,20260607,1042491026676955964,outputs\fhn-sweep-T500-dt005-init05-observables\runs\ring\k_03\K_0.10\seed_0003,OK
ring,0.10,,3,4,20260607,1042491026676955965,outputs\fhn-sweep-T500-dt005-init05-observables\runs\ring\k_03\K_0.10\seed_0004,OK
ring,0.10,,3,5,20260607,1042491026676955966,outputs\fhn-sweep-T500-dt005-init05-observables\runs\ring\k_03\K_0.10\seed_0005,OK
ring,0.10,,3,6,20260607,1042491026676955967,outputs\fhn-sweep-T500-dt005-init05-observables\runs\ring\k_03\K_0.10\seed_0006,OK
ring,0.10,,3,7,20260607,1042491026676955968,outputs\fhn-sweep-T500-dt005-init05-observables\runs\ring\k_03\K_0.10\seed_0007,OK
ring,0.10,,3,8,20260607,1042491026676955969,outputs\fhn-sweep-T500-dt005-init05-observables\runs\ring\k_03\K_0.10\seed_0008,OK
ring,0.10,,3,9,20260607,1042491026676955970,outputs\fhn-sweep-T500-dt005-init05-observables\runs\ring\k_03\K_0.10\seed_0009,OK
ring,0.10,,3,10,20260607,1042491026676955971,outputs\fhn-sweep-T500-dt005-init05-observables\runs\ring\k_03\K_0.10\seed_0010,OK
ring,0.10,,3,11,20260607,1042491026676955972,outputs\fhn-sweep-T500-dt005-init05-observables\runs\ring\k_03\K_0.10\seed_0011,OK
ring,0.10,,3,12,20260607,1042491026676955973,outputs\fhn-sweep-T500-dt005-init05-observables\runs\ring\k_03\K_0.10\seed_0012,OK
ring,0.10,,3,13,20260607,1042491026676955974,outputs\fhn-sweep-T500-dt005-init05-observables\runs\ring\k_03\K_0.10\seed_0013,OK
ring,0.10,,3,14,20260607,1042491026676955975,outputs\fhn-sweep-T500-dt005-init05-observables\runs\ring\k_03\K_0.10\seed_0014,OK
ring,0.10,,3,15,20260607,1042491026676955976,outputs\fhn-sweep-T500-dt005-init05-observables\runs\ring\k_03\K_0.10\seed_0015,OK
ring,0.20,,3,1,20260607,6082019009704540986,outputs\fhn-sweep-T500-dt005-init05-observables\runs\ring\k_03\K_0.20\seed_0001,OK
ring,0.20,,3,2,20260607,6082019009704540987,outputs\fhn-sweep-T500-dt005-init05-observables\runs\ring\k_03\K_0.20\seed_0002,OK
ring,0.20,,3,3,20260607,6082019009704540988,outputs\fhn-sweep-T500-dt005-init05-observables\runs\ring\k_03\K_0.20\seed_0003,OK
ring,0.20,,3,4,20260607,6082019009704540989,outputs\fhn-sweep-T500-dt005-init05-observables\runs\ring\k_03\K_0.20\seed_0004,OK
ring,0.20,,3,5,20260607,6082019009704540990,outputs\fhn-sweep-T500-dt005-init05-observables\runs\ring\k_03\K_0.20\seed_0005,OK
ring,0.20,,3,6,20260607,6082019009704540991,outputs\fhn-sweep-T500-dt005-init05-observables\runs\ring\k_03\K_0.20\seed_0006,OK
ring,0.20,,3,7,20260607,6082019009704540992,outputs\fhn-sweep-T500-dt005-init05-observables\runs\ring\k_03\K_0.20\seed_0007,OK
ring,0.20,,3,8,20260607,6082019009704540993,outputs\fhn-sweep-T500-dt005-init05-observables\runs\ring\k_03\K_0.20\seed_0008,OK
ring,0.20,,3,9,20260607,6082019009704540994,outputs\fhn-sweep-T500-dt005-init05-observables\runs\ring\k_03\K_0.20\seed_0009,OK
ring,0.20,,3,10,20260607,6082019009704540995,outputs\fhn-sweep-T500-dt005-init05-observables\runs\ring\k_03\K_0.20\seed_0010,OK
ring,0.20,,3,11,20260607,6082019009704540996,outputs\fhn-sweep-T500-dt005-init05-observables\runs\ring\k_03\K_0.20\seed_0011,OK
ring,0.20,,3,12,20260607,6082019009704540997,outputs\fhn-sweep-T500-dt005-init05-observables\runs\ring\k_03\K_0.20\seed_0012,OK
ring,0.20,,3,13,20260607,6082019009704540998,outputs\fhn-sweep-T500-dt005-init05-observables\runs\ring\k_03\K_0.20\seed_0013,OK
ring,0.20,,3,14,20260607,6082019009704540999,outputs\fhn-sweep-T500-dt005-init05-observables\runs\ring\k_03\K_0.20\seed_0014,OK
ring,0.20,,3,15,20260607,6082019009704541000,outputs\fhn-sweep-T500-dt005-init05-observables\runs\ring\k_03\K_0.20\seed_0015,OK
ring,0.30,,3,1,20260607,-5651659459446567167,outputs\fhn-sweep-T500-dt005-init05-observables\runs\ring\k_03\K_0.30\seed_0001,OK
ring,0.30,,3,2,20260607,-5651659459446567166,outputs\fhn-sweep-T500-dt005-init05-observables\runs\ring\k_03\K_0.30\seed_0002,OK
ring,0.30,,3,3,20260607,-5651659459446567165,outputs\fhn-sweep-T500-dt005-init05-observables\runs\ring\k_03\K_0.30\seed_0003,OK
ring,0.30,,3,4,20260607,-5651659459446567164,outputs\fhn-sweep-T500-dt005-init05-observables\runs\ring\k_03\K_0.30\seed_0004,OK
ring,0.30,,3,5,20260607,-5651659459446567163,outputs\fhn-sweep-T500-dt005-init05-observables\runs\ring\k_03\K_0.30\seed_0005,OK
ring,0.30,,3,6,20260607,-5651659459446567162,outputs\fhn-sweep-T500-dt005-init05-observables\runs\ring\k_03\K_0.30\seed_0006,OK
ring,0.30,,3,7,20260607,-5651659459446567161,outputs\fhn-sweep-T500-dt005-init05-observables\runs\ring\k_03\K_0.30\seed_0007,OK
ring,0.30,,3,8,20260607,-5651659459446567160,outputs\fhn-sweep-T500-dt005-init05-observables\runs\ring\k_03\K_0.30\seed_0008,OK
ring,0.30,,3,9,20260607,-5651659459446567159,outputs\fhn-sweep-T500-dt005-init05-observables\runs\ring\k_03\K_0.30\seed_0009,OK
ring,0.30,,3,10,20260607,-5651659459446567158,outputs\fhn-sweep-T500-dt005-init05-observables\runs\ring\k_03\K_0.30\seed_0010,OK
ring,0.30,,3,11,20260607,-5651659459446567157,outputs\fhn-sweep-T500-dt005-init05-observables\runs\ring\k_03\K_0.30\seed_0011,OK
ring,0.30,,3,12,20260607,-5651659459446567156,outputs\fhn-sweep-T500-dt005-init05-observables\runs\ring\k_03\K_0.30\seed_0012,OK
ring,0.30,,3,13,20260607,-5651659459446567155,outputs\fhn-sweep-T500-dt005-init05-observables\runs\ring\k_03\K_0.30\seed_0013,OK
ring,0.30,,3,14,20260607,-5651659459446567154,outputs\fhn-sweep-T500-dt005-init05-observables\runs\ring\k_03\K_0.30\seed_0014,OK
ring,0.30,,3,15,20260607,-5651659459446567153,outputs\fhn-sweep-T500-dt005-init05-observables\runs\ring\k_03\K_0.30\seed_0015,OK
ring,0.40,,3,1,20260607,-7325197080977425606,outputs\fhn-sweep-T500-dt005-init05-observables\runs\ring\k_03\K_0.40\seed_0001,OK
ring,0.40,,3,2,20260607,-7325197080977425605,outputs\fhn-sweep-T500-dt005-init05-observables\runs\ring\k_03\K_0.40\seed_0002,OK
ring,0.40,,3,3,20260607,-7325197080977425604,outputs\fhn-sweep-T500-dt005-init05-observables\runs\ring\k_03\K_0.40\seed_0003,OK
ring,0.40,,3,4,20260607,-7325197080977425603,outputs\fhn-sweep-T500-dt005-init05-observables\runs\ring\k_03\K_0.40\seed_0004,OK
ring,0.40,,3,5,20260607,-7325197080977425602,outputs\fhn-sweep-T500-dt005-init05-observables\runs\ring\k_03\K_0.40\seed_0005,OK
ring,0.40,,3,6,20260607,-7325197080977425601,outputs\fhn-sweep-T500-dt005-init05-observables\runs\ring\k_03\K_0.40\seed_0006,OK
ring,0.40,,3,7,20260607,-7325197080977425600,outputs\fhn-sweep-T500-dt005-init05-observables\runs\ring\k_03\K_0.40\seed_0007,OK
ring,0.40,,3,9,20260607,-7325197080977425598,outputs\fhn-sweep-T500-dt005-init05-observables\runs\ring\k_03\K_0.40\seed_0009,OK
ring,0.40,,3,8,20260607,-7325197080977425599,outputs\fhn-sweep-T500-dt005-init05-observables\runs\ring\k_03\K_0.40\seed_0008,OK
ring,0.40,,3,10,20260607,-7325197080977425597,outputs\fhn-sweep-T500-dt005-init05-observables\runs\ring\k_03\K_0.40\seed_0010,OK
ring,0.40,,3,11,20260607,-7325197080977425596,outputs\fhn-sweep-T500-dt005-init05-observables\runs\ring\k_03\K_0.40\seed_0011,OK
ring,0.40,,3,12,20260607,-7325197080977425595,outputs\fhn-sweep-T500-dt005-init05-observables\runs\ring\k_03\K_0.40\seed_0012,OK
ring,0.40,,3,13,20260607,-7325197080977425594,outputs\fhn-sweep-T500-dt005-init05-observables\runs\ring\k_03\K_0.40\seed_0013,OK
ring,0.40,,3,14,20260607,-7325197080977425593,outputs\fhn-sweep-T500-dt005-init05-observables\runs\ring\k_03\K_0.40\seed_0014,OK
ring,0.40,,3,15,20260607,-7325197080977425592,outputs\fhn-sweep-T500-dt005-init05-observables\runs\ring\k_03\K_0.40\seed_0015,OK
ring,0.50,,3,1,20260607,-8998734702508313836,outputs\fhn-sweep-T500-dt005-init05-observables\runs\ring\k_03\K_0.50\seed_0001,OK
ring,0.50,,3,2,20260607,-8998734702508313835,outputs\fhn-sweep-T500-dt005-init05-observables\runs\ring\k_03\K_0.50\seed_0002,OK
ring,0.50,,3,3,20260607,-8998734702508313834,outputs\fhn-sweep-T500-dt005-init05-observables\runs\ring\k_03\K_0.50\seed_0003,OK
ring,0.50,,3,4,20260607,-8998734702508313833,outputs\fhn-sweep-T500-dt005-init05-observables\runs\ring\k_03\K_0.50\seed_0004,OK
ring,0.50,,3,5,20260607,-8998734702508313832,outputs\fhn-sweep-T500-dt005-init05-observables\runs\ring\k_03\K_0.50\seed_0005,OK
ring,0.50,,3,6,20260607,-8998734702508313831,outputs\fhn-sweep-T500-dt005-init05-observables\runs\ring\k_03\K_0.50\seed_0006,OK
ring,0.50,,3,7,20260607,-8998734702508313830,outputs\fhn-sweep-T500-dt005-init05-observables\runs\ring\k_03\K_0.50\seed_0007,OK
ring,0.50,,3,8,20260607,-8998734702508313829,outputs\fhn-sweep-T500-dt005-init05-observables\runs\ring\k_03\K_0.50\seed_0008,OK
ring,0.50,,3,9,20260607,-8998734702508313828,outputs\fhn-sweep-T500-dt005-init05-observables\runs\ring\k_03\K_0.50\seed_0009,OK
ring,0.50,,3,10,20260607,-8998734702508313827,outputs\fhn-sweep-T500-dt005-init05-observables\runs\ring\k_03\K_0.50\seed_0010,OK
ring,0.50,,3,11,20260607,-8998734702508313826,outputs\fhn-sweep-T500-dt005-init05-observables\runs\ring\k_03\K_0.50\seed_0011,OK
ring,0.50,,3,12,20260607,-8998734702508313825,outputs\fhn-sweep-T500-dt005-init05-observables\runs\ring\k_03\K_0.50\seed_0012,OK
ring,0.50,,3,13,20260607,-8998734702508313824,outputs\fhn-sweep-T500-dt005-init05-observables\runs\ring\k_03\K_0.50\seed_0013,OK
ring,0.50,,3,14,20260607,-8998734702508313823,outputs\fhn-sweep-T500-dt005-init05-observables\runs\ring\k_03\K_0.50\seed_0014,OK
ring,0.50,,3,15,20260607,-8998734702508313822,outputs\fhn-sweep-T500-dt005-init05-observables\runs\ring\k_03\K_0.50\seed_0015,OK
ring,0.60,,3,1,20260607,-612131476418982143,outputs\fhn-sweep-T500-dt005-init05-observables\runs\ring\k_03\K_0.60\seed_0001,OK
ring,0.60,,3,2,20260607,-612131476418982142,outputs\fhn-sweep-T500-dt005-init05-observables\runs\ring\k_03\K_0.60\seed_0002,OK
ring,0.60,,3,3,20260607,-612131476418982141,outputs\fhn-sweep-T500-dt005-init05-observables\runs\ring\k_03\K_0.60\seed_0003,OK
ring,0.60,,3,4,20260607,-612131476418982140,outputs\fhn-sweep-T500-dt005-init05-observables\runs\ring\k_03\K_0.60\seed_0004,OK
ring,0.60,,3,5,20260607,-612131476418982139,outputs\fhn-sweep-T500-dt005-init05-observables\runs\ring\k_03\K_0.60\seed_0005,OK
ring,0.60,,3,6,20260607,-612131476418982138,outputs\fhn-sweep-T500-dt005-init05-observables\runs\ring\k_03\K_0.60\seed_0006,OK
ring,0.60,,3,7,20260607,-612131476418982137,outputs\fhn-sweep-T500-dt005-init05-observables\runs\ring\k_03\K_0.60\seed_0007,OK
ring,0.60,,3,8,20260607,-612131476418982136,outputs\fhn-sweep-T500-dt005-init05-observables\runs\ring\k_03\K_0.60\seed_0008,OK
ring,0.60,,3,9,20260607,-612131476418982135,outputs\fhn-sweep-T500-dt005-init05-observables\runs\ring\k_03\K_0.60\seed_0009,OK
ring,0.60,,3,10,20260607,-612131476418982134,outputs\fhn-sweep-T500-dt005-init05-observables\runs\ring\k_03\K_0.60\seed_0010,OK
ring,0.60,,3,11,20260607,-612131476418982133,outputs\fhn-sweep-T500-dt005-init05-observables\runs\ring\k_03\K_0.60\seed_0011,OK
ring,0.60,,3,12,20260607,-612131476418982132,outputs\fhn-sweep-T500-dt005-init05-observables\runs\ring\k_03\K_0.60\seed_0012,OK
ring,0.60,,3,13,20260607,-612131476418982131,outputs\fhn-sweep-T500-dt005-init05-observables\runs\ring\k_03\K_0.60\seed_0013,OK
ring,0.60,,3,14,20260607,-612131476418982130,outputs\fhn-sweep-T500-dt005-init05-observables\runs\ring\k_03\K_0.60\seed_0014,OK
ring,0.60,,3,15,20260607,-612131476418982129,outputs\fhn-sweep-T500-dt005-init05-observables\runs\ring\k_03\K_0.60\seed_0015,OK
ring,0.70,,3,1,20260607,7774471749670349550,outputs\fhn-sweep-T500-dt005-init05-observables\runs\ring\k_03\K_0.70\seed_0001,OK
ring,0.70,,3,2,20260607,7774471749670349551,outputs\fhn-sweep-T500-dt005-init05-observables\runs\ring\k_03\K_0.70\seed_0002,OK
ring,0.70,,3,3,20260607,7774471749670349552,outputs\fhn-sweep-T500-dt005-init05-observables\runs\ring\k_03\K_0.70\seed_0003,OK
ring,0.70,,3,4,20260607,7774471749670349553,outputs\fhn-sweep-T500-dt005-init05-observables\runs\ring\k_03\K_0.70\seed_0004,OK
ring,0.70,,3,5,20260607,7774471749670349554,outputs\fhn-sweep-T500-dt005-init05-observables\runs\ring\k_03\K_0.70\seed_0005,OK
ring,0.70,,3,6,20260607,7774471749670349555,outputs\fhn-sweep-T500-dt005-init05-observables\runs\ring\k_03\K_0.70\seed_0006,OK
ring,0.70,,3,7,20260607,7774471749670349556,outputs\fhn-sweep-T500-dt005-init05-observables\runs\ring\k_03\K_0.70\seed_0007,OK
ring,0.70,,3,8,20260607,7774471749670349557,outputs\fhn-sweep-T500-dt005-init05-observables\runs\ring\k_03\K_0.70\seed_0008,OK
ring,0.70,,3,9,20260607,7774471749670349558,outputs\fhn-sweep-T500-dt005-init05-observables\runs\ring\k_03\K_0.70\seed_0009,OK
ring,0.70,,3,10,20260607,7774471749670349559,outputs\fhn-sweep-T500-dt005-init05-observables\runs\ring\k_03\K_0.70\seed_0010,OK
ring,0.70,,3,11,20260607,7774471749670349560,outputs\fhn-sweep-T500-dt005-init05-observables\runs\ring\k_03\K_0.70\seed_0011,OK
ring,0.70,,3,12,20260607,7774471749670349561,outputs\fhn-sweep-T500-dt005-init05-observables\runs\ring\k_03\K_0.70\seed_0012,OK
ring,0.70,,3,13,20260607,7774471749670349562,outputs\fhn-sweep-T500-dt005-init05-observables\runs\ring\k_03\K_0.70\seed_0013,OK
ring,0.70,,3,14,20260607,7774471749670349563,outputs\fhn-sweep-T500-dt005-init05-observables\runs\ring\k_03\K_0.70\seed_0014,OK
ring,0.70,,3,15,20260607,7774471749670349564,outputs\fhn-sweep-T500-dt005-init05-observables\runs\ring\k_03\K_0.70\seed_0015,OK
ring,0.80,,3,1,20260607,-2285669097949840582,outputs\fhn-sweep-T500-dt005-init05-observables\runs\ring\k_03\K_0.80\seed_0001,OK
ring,0.80,,3,2,20260607,-2285669097949840581,outputs\fhn-sweep-T500-dt005-init05-observables\runs\ring\k_03\K_0.80\seed_0002,OK
ring,0.80,,3,3,20260607,-2285669097949840580,outputs\fhn-sweep-T500-dt005-init05-observables\runs\ring\k_03\K_0.80\seed_0003,OK
ring,0.80,,3,4,20260607,-2285669097949840579,outputs\fhn-sweep-T500-dt005-init05-observables\runs\ring\k_03\K_0.80\seed_0004,OK
ring,0.80,,3,5,20260607,-2285669097949840578,outputs\fhn-sweep-T500-dt005-init05-observables\runs\ring\k_03\K_0.80\seed_0005,OK
ring,0.80,,3,6,20260607,-2285669097949840577,outputs\fhn-sweep-T500-dt005-init05-observables\runs\ring\k_03\K_0.80\seed_0006,OK
ring,0.80,,3,7,20260607,-2285669097949840576,outputs\fhn-sweep-T500-dt005-init05-observables\runs\ring\k_03\K_0.80\seed_0007,OK
ring,0.80,,3,8,20260607,-2285669097949840575,outputs\fhn-sweep-T500-dt005-init05-observables\runs\ring\k_03\K_0.80\seed_0008,OK
ring,0.80,,3,9,20260607,-2285669097949840574,outputs\fhn-sweep-T500-dt005-init05-observables\runs\ring\k_03\K_0.80\seed_0009,OK
ring,0.80,,3,10,20260607,-2285669097949840573,outputs\fhn-sweep-T500-dt005-init05-observables\runs\ring\k_03\K_0.80\seed_0010,OK
ring,0.80,,3,11,20260607,-2285669097949840572,outputs\fhn-sweep-T500-dt005-init05-observables\runs\ring\k_03\K_0.80\seed_0011,OK
ring,0.80,,3,12,20260607,-2285669097949840571,outputs\fhn-sweep-T500-dt005-init05-observables\runs\ring\k_03\K_0.80\seed_0012,OK
ring,0.80,,3,13,20260607,-2285669097949840570,outputs\fhn-sweep-T500-dt005-init05-observables\runs\ring\k_03\K_0.80\seed_0013,OK
ring,0.80,,3,14,20260607,-2285669097949840569,outputs\fhn-sweep-T500-dt005-init05-observables\runs\ring\k_03\K_0.80\seed_0014,OK
ring,0.80,,3,15,20260607,-2285669097949840568,outputs\fhn-sweep-T500-dt005-init05-observables\runs\ring\k_03\K_0.80\seed_0015,OK
ring,0.90,,3,1,20260607,6100934128139491111,outputs\fhn-sweep-T500-dt005-init05-observables\runs\ring\k_03\K_0.90\seed_0001,OK
ring,0.90,,3,2,20260607,6100934128139491112,outputs\fhn-sweep-T500-dt005-init05-observables\runs\ring\k_03\K_0.90\seed_0002,OK
ring,0.90,,3,3,20260607,6100934128139491113,outputs\fhn-sweep-T500-dt005-init05-observables\runs\ring\k_03\K_0.90\seed_0003,OK
ring,0.90,,3,4,20260607,6100934128139491114,outputs\fhn-sweep-T500-dt005-init05-observables\runs\ring\k_03\K_0.90\seed_0004,OK
ring,0.90,,3,5,20260607,6100934128139491115,outputs\fhn-sweep-T500-dt005-init05-observables\runs\ring\k_03\K_0.90\seed_0005,OK
ring,0.90,,3,6,20260607,6100934128139491116,outputs\fhn-sweep-T500-dt005-init05-observables\runs\ring\k_03\K_0.90\seed_0006,OK
ring,0.90,,3,7,20260607,6100934128139491117,outputs\fhn-sweep-T500-dt005-init05-observables\runs\ring\k_03\K_0.90\seed_0007,OK
ring,0.90,,3,8,20260607,6100934128139491118,outputs\fhn-sweep-T500-dt005-init05-observables\runs\ring\k_03\K_0.90\seed_0008,OK
ring,0.90,,3,9,20260607,6100934128139491119,outputs\fhn-sweep-T500-dt005-init05-observables\runs\ring\k_03\K_0.90\seed_0009,OK
ring,0.90,,3,10,20260607,6100934128139491120,outputs\fhn-sweep-T500-dt005-init05-observables\runs\ring\k_03\K_0.90\seed_0010,OK
ring,0.90,,3,11,20260607,6100934128139491121,outputs\fhn-sweep-T500-dt005-init05-observables\runs\ring\k_03\K_0.90\seed_0011,OK
ring,0.90,,3,12,20260607,6100934128139491122,outputs\fhn-sweep-T500-dt005-init05-observables\runs\ring\k_03\K_0.90\seed_0012,OK
ring,0.90,,3,13,20260607,6100934128139491123,outputs\fhn-sweep-T500-dt005-init05-observables\runs\ring\k_03\K_0.90\seed_0013,OK
ring,0.90,,3,14,20260607,6100934128139491124,outputs\fhn-sweep-T500-dt005-init05-observables\runs\ring\k_03\K_0.90\seed_0014,OK
ring,0.90,,3,15,20260607,6100934128139491125,outputs\fhn-sweep-T500-dt005-init05-observables\runs\ring\k_03\K_0.90\seed_0015,OK
ring,1.00,,3,1,20260607,-3959206719480728812,outputs\fhn-sweep-T500-dt005-init05-observables\runs\ring\k_03\K_1.00\seed_0001,OK
ring,1.00,,3,2,20260607,-3959206719480728811,outputs\fhn-sweep-T500-dt005-init05-observables\runs\ring\k_03\K_1.00\seed_0002,OK
ring,1.00,,3,3,20260607,-3959206719480728810,outputs\fhn-sweep-T500-dt005-init05-observables\runs\ring\k_03\K_1.00\seed_0003,OK
ring,1.00,,3,4,20260607,-3959206719480728809,outputs\fhn-sweep-T500-dt005-init05-observables\runs\ring\k_03\K_1.00\seed_0004,OK
ring,1.00,,3,5,20260607,-3959206719480728808,outputs\fhn-sweep-T500-dt005-init05-observables\runs\ring\k_03\K_1.00\seed_0005,OK
ring,1.00,,3,6,20260607,-3959206719480728807,outputs\fhn-sweep-T500-dt005-init05-observables\runs\ring\k_03\K_1.00\seed_0006,OK
ring,1.00,,3,7,20260607,-3959206719480728806,outputs\fhn-sweep-T500-dt005-init05-observables\runs\ring\k_03\K_1.00\seed_0007,OK
ring,1.00,,3,8,20260607,-3959206719480728805,outputs\fhn-sweep-T500-dt005-init05-observables\runs\ring\k_03\K_1.00\seed_0008,OK
ring,1.00,,3,9,20260607,-3959206719480728804,outputs\fhn-sweep-T500-dt005-init05-observables\runs\ring\k_03\K_1.00\seed_0009,OK
ring,1.00,,3,10,20260607,-3959206719480728803,outputs\fhn-sweep-T500-dt005-init05-observables\runs\ring\k_03\K_1.00\seed_0010,OK
ring,1.00,,3,11,20260607,-3959206719480728802,outputs\fhn-sweep-T500-dt005-init05-observables\runs\ring\k_03\K_1.00\seed_0011,OK
ring,1.00,,3,12,20260607,-3959206719480728801,outputs\fhn-sweep-T500-dt005-init05-observables\runs\ring\k_03\K_1.00\seed_0012,OK
ring,1.00,,3,13,20260607,-3959206719480728800,outputs\fhn-sweep-T500-dt005-init05-observables\runs\ring\k_03\K_1.00\seed_0013,OK
ring,1.00,,3,14,20260607,-3959206719480728799,outputs\fhn-sweep-T500-dt005-init05-observables\runs\ring\k_03\K_1.00\seed_0014,OK
ring,1.00,,3,15,20260607,-3959206719480728798,outputs\fhn-sweep-T500-dt005-init05-observables\runs\ring\k_03\K_1.00\seed_0015,OK
ring,0.00,,4,1,20260607,5692007281974244147,outputs\fhn-sweep-T500-dt005-init05-observables\runs\ring\k_04\K_0.00\seed_0001,OK
ring,0.00,,4,2,20260607,5692007281974244148,outputs\fhn-sweep-T500-dt005-init05-observables\runs\ring\k_04\K_0.00\seed_0002,OK
ring,0.00,,4,3,20260607,5692007281974244149,outputs\fhn-sweep-T500-dt005-init05-observables\runs\ring\k_04\K_0.00\seed_0003,OK
ring,0.00,,4,4,20260607,5692007281974244150,outputs\fhn-sweep-T500-dt005-init05-observables\runs\ring\k_04\K_0.00\seed_0004,OK
ring,0.00,,4,5,20260607,5692007281974244151,outputs\fhn-sweep-T500-dt005-init05-observables\runs\ring\k_04\K_0.00\seed_0005,OK
ring,0.00,,4,6,20260607,5692007281974244152,outputs\fhn-sweep-T500-dt005-init05-observables\runs\ring\k_04\K_0.00\seed_0006,OK
ring,0.00,,4,7,20260607,5692007281974244153,outputs\fhn-sweep-T500-dt005-init05-observables\runs\ring\k_04\K_0.00\seed_0007,OK
ring,0.00,,4,8,20260607,5692007281974244154,outputs\fhn-sweep-T500-dt005-init05-observables\runs\ring\k_04\K_0.00\seed_0008,OK
ring,0.00,,4,9,20260607,5692007281974244155,outputs\fhn-sweep-T500-dt005-init05-observables\runs\ring\k_04\K_0.00\seed_0009,OK
ring,0.00,,4,10,20260607,5692007281974244156,outputs\fhn-sweep-T500-dt005-init05-observables\runs\ring\k_04\K_0.00\seed_0010,OK
ring,0.00,,4,11,20260607,5692007281974244157,outputs\fhn-sweep-T500-dt005-init05-observables\runs\ring\k_04\K_0.00\seed_0011,OK
ring,0.00,,4,12,20260607,5692007281974244158,outputs\fhn-sweep-T500-dt005-init05-observables\runs\ring\k_04\K_0.00\seed_0012,OK
ring,0.00,,4,13,20260607,5692007281974244159,outputs\fhn-sweep-T500-dt005-init05-observables\runs\ring\k_04\K_0.00\seed_0013,OK
ring,0.00,,4,14,20260607,5692007281974244160,outputs\fhn-sweep-T500-dt005-init05-observables\runs\ring\k_04\K_0.00\seed_0014,OK
ring,0.00,,4,15,20260607,5692007281974244161,outputs\fhn-sweep-T500-dt005-init05-observables\runs\ring\k_04\K_0.00\seed_0015,OK
ring,0.10,,4,1,20260607,1042491026676955993,outputs\fhn-sweep-T500-dt005-init05-observables\runs\ring\k_04\K_0.10\seed_0001,OK
ring,0.10,,4,2,20260607,1042491026676955994,outputs\fhn-sweep-T500-dt005-init05-observables\runs\ring\k_04\K_0.10\seed_0002,OK
ring,0.10,,4,3,20260607,1042491026676955995,outputs\fhn-sweep-T500-dt005-init05-observables\runs\ring\k_04\K_0.10\seed_0003,OK
ring,0.10,,4,4,20260607,1042491026676955996,outputs\fhn-sweep-T500-dt005-init05-observables\runs\ring\k_04\K_0.10\seed_0004,OK
ring,0.10,,4,5,20260607,1042491026676955997,outputs\fhn-sweep-T500-dt005-init05-observables\runs\ring\k_04\K_0.10\seed_0005,OK
ring,0.10,,4,6,20260607,1042491026676955998,outputs\fhn-sweep-T500-dt005-init05-observables\runs\ring\k_04\K_0.10\seed_0006,OK
ring,0.10,,4,7,20260607,1042491026676955999,outputs\fhn-sweep-T500-dt005-init05-observables\runs\ring\k_04\K_0.10\seed_0007,OK
ring,0.10,,4,8,20260607,1042491026676956000,outputs\fhn-sweep-T500-dt005-init05-observables\runs\ring\k_04\K_0.10\seed_0008,OK
ring,0.10,,4,9,20260607,1042491026676956001,outputs\fhn-sweep-T500-dt005-init05-observables\runs\ring\k_04\K_0.10\seed_0009,OK
ring,0.10,,4,10,20260607,1042491026676956002,outputs\fhn-sweep-T500-dt005-init05-observables\runs\ring\k_04\K_0.10\seed_0010,OK
ring,0.10,,4,11,20260607,1042491026676956003,outputs\fhn-sweep-T500-dt005-init05-observables\runs\ring\k_04\K_0.10\seed_0011,OK
ring,0.10,,4,12,20260607,1042491026676956004,outputs\fhn-sweep-T500-dt005-init05-observables\runs\ring\k_04\K_0.10\seed_0012,OK
ring,0.10,,4,13,20260607,1042491026676956005,outputs\fhn-sweep-T500-dt005-init05-observables\runs\ring\k_04\K_0.10\seed_0013,OK
ring,0.10,,4,14,20260607,1042491026676956006,outputs\fhn-sweep-T500-dt005-init05-observables\runs\ring\k_04\K_0.10\seed_0014,OK
ring,0.10,,4,15,20260607,1042491026676956007,outputs\fhn-sweep-T500-dt005-init05-observables\runs\ring\k_04\K_0.10\seed_0015,OK
ring,0.20,,4,1,20260607,6082019009704541017,outputs\fhn-sweep-T500-dt005-init05-observables\runs\ring\k_04\K_0.20\seed_0001,OK
ring,0.20,,4,2,20260607,6082019009704541018,outputs\fhn-sweep-T500-dt005-init05-observables\runs\ring\k_04\K_0.20\seed_0002,OK
ring,0.20,,4,3,20260607,6082019009704541019,outputs\fhn-sweep-T500-dt005-init05-observables\runs\ring\k_04\K_0.20\seed_0003,OK
ring,0.20,,4,4,20260607,6082019009704541020,outputs\fhn-sweep-T500-dt005-init05-observables\runs\ring\k_04\K_0.20\seed_0004,OK
ring,0.20,,4,5,20260607,6082019009704541021,outputs\fhn-sweep-T500-dt005-init05-observables\runs\ring\k_04\K_0.20\seed_0005,OK
ring,0.20,,4,6,20260607,6082019009704541022,outputs\fhn-sweep-T500-dt005-init05-observables\runs\ring\k_04\K_0.20\seed_0006,OK
ring,0.20,,4,7,20260607,6082019009704541023,outputs\fhn-sweep-T500-dt005-init05-observables\runs\ring\k_04\K_0.20\seed_0007,OK
ring,0.20,,4,8,20260607,6082019009704541024,outputs\fhn-sweep-T500-dt005-init05-observables\runs\ring\k_04\K_0.20\seed_0008,OK
ring,0.20,,4,9,20260607,6082019009704541025,outputs\fhn-sweep-T500-dt005-init05-observables\runs\ring\k_04\K_0.20\seed_0009,OK
ring,0.20,,4,10,20260607,6082019009704541026,outputs\fhn-sweep-T500-dt005-init05-observables\runs\ring\k_04\K_0.20\seed_0010,OK
ring,0.20,,4,12,20260607,6082019009704541028,outputs\fhn-sweep-T500-dt005-init05-observables\runs\ring\k_04\K_0.20\seed_0012,OK
ring,0.20,,4,11,20260607,6082019009704541027,outputs\fhn-sweep-T500-dt005-init05-observables\runs\ring\k_04\K_0.20\seed_0011,OK
ring,0.20,,4,13,20260607,6082019009704541029,outputs\fhn-sweep-T500-dt005-init05-observables\runs\ring\k_04\K_0.20\seed_0013,OK
ring,0.20,,4,14,20260607,6082019009704541030,outputs\fhn-sweep-T500-dt005-init05-observables\runs\ring\k_04\K_0.20\seed_0014,OK
ring,0.20,,4,15,20260607,6082019009704541031,outputs\fhn-sweep-T500-dt005-init05-observables\runs\ring\k_04\K_0.20\seed_0015,OK
ring,0.30,,4,1,20260607,-5651659459446567136,outputs\fhn-sweep-T500-dt005-init05-observables\runs\ring\k_04\K_0.30\seed_0001,OK
ring,0.30,,4,2,20260607,-5651659459446567135,outputs\fhn-sweep-T500-dt005-init05-observables\runs\ring\k_04\K_0.30\seed_0002,OK
ring,0.30,,4,3,20260607,-5651659459446567134,outputs\fhn-sweep-T500-dt005-init05-observables\runs\ring\k_04\K_0.30\seed_0003,OK
ring,0.30,,4,4,20260607,-5651659459446567133,outputs\fhn-sweep-T500-dt005-init05-observables\runs\ring\k_04\K_0.30\seed_0004,OK
ring,0.30,,4,5,20260607,-5651659459446567132,outputs\fhn-sweep-T500-dt005-init05-observables\runs\ring\k_04\K_0.30\seed_0005,OK
ring,0.30,,4,6,20260607,-5651659459446567131,outputs\fhn-sweep-T500-dt005-init05-observables\runs\ring\k_04\K_0.30\seed_0006,OK
ring,0.30,,4,7,20260607,-5651659459446567130,outputs\fhn-sweep-T500-dt005-init05-observables\runs\ring\k_04\K_0.30\seed_0007,OK
ring,0.30,,4,8,20260607,-5651659459446567129,outputs\fhn-sweep-T500-dt005-init05-observables\runs\ring\k_04\K_0.30\seed_0008,OK
ring,0.30,,4,9,20260607,-5651659459446567128,outputs\fhn-sweep-T500-dt005-init05-observables\runs\ring\k_04\K_0.30\seed_0009,OK
ring,0.30,,4,10,20260607,-5651659459446567127,outputs\fhn-sweep-T500-dt005-init05-observables\runs\ring\k_04\K_0.30\seed_0010,OK
ring,0.30,,4,11,20260607,-5651659459446567126,outputs\fhn-sweep-T500-dt005-init05-observables\runs\ring\k_04\K_0.30\seed_0011,OK
ring,0.30,,4,12,20260607,-5651659459446567125,outputs\fhn-sweep-T500-dt005-init05-observables\runs\ring\k_04\K_0.30\seed_0012,OK
ring,0.30,,4,13,20260607,-5651659459446567124,outputs\fhn-sweep-T500-dt005-init05-observables\runs\ring\k_04\K_0.30\seed_0013,OK
ring,0.30,,4,14,20260607,-5651659459446567123,outputs\fhn-sweep-T500-dt005-init05-observables\runs\ring\k_04\K_0.30\seed_0014,OK
ring,0.30,,4,15,20260607,-5651659459446567122,outputs\fhn-sweep-T500-dt005-init05-observables\runs\ring\k_04\K_0.30\seed_0015,OK
ring,0.40,,4,1,20260607,-7325197080977425575,outputs\fhn-sweep-T500-dt005-init05-observables\runs\ring\k_04\K_0.40\seed_0001,OK
ring,0.40,,4,2,20260607,-7325197080977425574,outputs\fhn-sweep-T500-dt005-init05-observables\runs\ring\k_04\K_0.40\seed_0002,OK
ring,0.40,,4,3,20260607,-7325197080977425573,outputs\fhn-sweep-T500-dt005-init05-observables\runs\ring\k_04\K_0.40\seed_0003,OK
ring,0.40,,4,4,20260607,-7325197080977425572,outputs\fhn-sweep-T500-dt005-init05-observables\runs\ring\k_04\K_0.40\seed_0004,OK
ring,0.40,,4,5,20260607,-7325197080977425571,outputs\fhn-sweep-T500-dt005-init05-observables\runs\ring\k_04\K_0.40\seed_0005,OK
ring,0.40,,4,6,20260607,-7325197080977425570,outputs\fhn-sweep-T500-dt005-init05-observables\runs\ring\k_04\K_0.40\seed_0006,OK
ring,0.40,,4,7,20260607,-7325197080977425569,outputs\fhn-sweep-T500-dt005-init05-observables\runs\ring\k_04\K_0.40\seed_0007,OK
ring,0.40,,4,8,20260607,-7325197080977425568,outputs\fhn-sweep-T500-dt005-init05-observables\runs\ring\k_04\K_0.40\seed_0008,OK
ring,0.40,,4,9,20260607,-7325197080977425567,outputs\fhn-sweep-T500-dt005-init05-observables\runs\ring\k_04\K_0.40\seed_0009,OK
ring,0.40,,4,10,20260607,-7325197080977425566,outputs\fhn-sweep-T500-dt005-init05-observables\runs\ring\k_04\K_0.40\seed_0010,OK
ring,0.40,,4,11,20260607,-7325197080977425565,outputs\fhn-sweep-T500-dt005-init05-observables\runs\ring\k_04\K_0.40\seed_0011,OK
ring,0.40,,4,12,20260607,-7325197080977425564,outputs\fhn-sweep-T500-dt005-init05-observables\runs\ring\k_04\K_0.40\seed_0012,OK
ring,0.40,,4,13,20260607,-7325197080977425563,outputs\fhn-sweep-T500-dt005-init05-observables\runs\ring\k_04\K_0.40\seed_0013,OK
ring,0.40,,4,14,20260607,-7325197080977425562,outputs\fhn-sweep-T500-dt005-init05-observables\runs\ring\k_04\K_0.40\seed_0014,OK
ring,0.40,,4,15,20260607,-7325197080977425561,outputs\fhn-sweep-T500-dt005-init05-observables\runs\ring\k_04\K_0.40\seed_0015,OK
ring,0.50,,4,1,20260607,-8998734702508313805,outputs\fhn-sweep-T500-dt005-init05-observables\runs\ring\k_04\K_0.50\seed_0001,OK
ring,0.50,,4,2,20260607,-8998734702508313804,outputs\fhn-sweep-T500-dt005-init05-observables\runs\ring\k_04\K_0.50\seed_0002,OK
ring,0.50,,4,3,20260607,-8998734702508313803,outputs\fhn-sweep-T500-dt005-init05-observables\runs\ring\k_04\K_0.50\seed_0003,OK
ring,0.50,,4,4,20260607,-8998734702508313802,outputs\fhn-sweep-T500-dt005-init05-observables\runs\ring\k_04\K_0.50\seed_0004,OK
ring,0.50,,4,5,20260607,-8998734702508313801,outputs\fhn-sweep-T500-dt005-init05-observables\runs\ring\k_04\K_0.50\seed_0005,OK
ring,0.50,,4,6,20260607,-8998734702508313800,outputs\fhn-sweep-T500-dt005-init05-observables\runs\ring\k_04\K_0.50\seed_0006,OK
ring,0.50,,4,7,20260607,-8998734702508313799,outputs\fhn-sweep-T500-dt005-init05-observables\runs\ring\k_04\K_0.50\seed_0007,OK
ring,0.50,,4,8,20260607,-8998734702508313798,outputs\fhn-sweep-T500-dt005-init05-observables\runs\ring\k_04\K_0.50\seed_0008,OK
ring,0.50,,4,9,20260607,-8998734702508313797,outputs\fhn-sweep-T500-dt005-init05-observables\runs\ring\k_04\K_0.50\seed_0009,OK
ring,0.50,,4,10,20260607,-8998734702508313796,outputs\fhn-sweep-T500-dt005-init05-observables\runs\ring\k_04\K_0.50\seed_0010,OK
ring,0.50,,4,11,20260607,-8998734702508313795,outputs\fhn-sweep-T500-dt005-init05-observables\runs\ring\k_04\K_0.50\seed_0011,OK
ring,0.50,,4,12,20260607,-8998734702508313794,outputs\fhn-sweep-T500-dt005-init05-observables\runs\ring\k_04\K_0.50\seed_0012,OK
ring,0.50,,4,13,20260607,-8998734702508313793,outputs\fhn-sweep-T500-dt005-init05-observables\runs\ring\k_04\K_0.50\seed_0013,OK
ring,0.50,,4,14,20260607,-8998734702508313792,outputs\fhn-sweep-T500-dt005-init05-observables\runs\ring\k_04\K_0.50\seed_0014,OK
ring,0.50,,4,15,20260607,-8998734702508313791,outputs\fhn-sweep-T500-dt005-init05-observables\runs\ring\k_04\K_0.50\seed_0015,OK
ring,0.60,,4,1,20260607,-612131476418982112,outputs\fhn-sweep-T500-dt005-init05-observables\runs\ring\k_04\K_0.60\seed_0001,OK
ring,0.60,,4,2,20260607,-612131476418982111,outputs\fhn-sweep-T500-dt005-init05-observables\runs\ring\k_04\K_0.60\seed_0002,OK
ring,0.60,,4,3,20260607,-612131476418982110,outputs\fhn-sweep-T500-dt005-init05-observables\runs\ring\k_04\K_0.60\seed_0003,OK
ring,0.60,,4,4,20260607,-612131476418982109,outputs\fhn-sweep-T500-dt005-init05-observables\runs\ring\k_04\K_0.60\seed_0004,OK
ring,0.60,,4,5,20260607,-612131476418982108,outputs\fhn-sweep-T500-dt005-init05-observables\runs\ring\k_04\K_0.60\seed_0005,OK
ring,0.60,,4,6,20260607,-612131476418982107,outputs\fhn-sweep-T500-dt005-init05-observables\runs\ring\k_04\K_0.60\seed_0006,OK
ring,0.60,,4,7,20260607,-612131476418982106,outputs\fhn-sweep-T500-dt005-init05-observables\runs\ring\k_04\K_0.60\seed_0007,OK
ring,0.60,,4,8,20260607,-612131476418982105,outputs\fhn-sweep-T500-dt005-init05-observables\runs\ring\k_04\K_0.60\seed_0008,OK
ring,0.60,,4,9,20260607,-612131476418982104,outputs\fhn-sweep-T500-dt005-init05-observables\runs\ring\k_04\K_0.60\seed_0009,OK
ring,0.60,,4,10,20260607,-612131476418982103,outputs\fhn-sweep-T500-dt005-init05-observables\runs\ring\k_04\K_0.60\seed_0010,OK
ring,0.60,,4,11,20260607,-612131476418982102,outputs\fhn-sweep-T500-dt005-init05-observables\runs\ring\k_04\K_0.60\seed_0011,OK
ring,0.60,,4,12,20260607,-612131476418982101,outputs\fhn-sweep-T500-dt005-init05-observables\runs\ring\k_04\K_0.60\seed_0012,OK
ring,0.60,,4,13,20260607,-612131476418982100,outputs\fhn-sweep-T500-dt005-init05-observables\runs\ring\k_04\K_0.60\seed_0013,OK
ring,0.60,,4,14,20260607,-612131476418982099,outputs\fhn-sweep-T500-dt005-init05-observables\runs\ring\k_04\K_0.60\seed_0014,OK
ring,0.60,,4,15,20260607,-612131476418982098,outputs\fhn-sweep-T500-dt005-init05-observables\runs\ring\k_04\K_0.60\seed_0015,OK
ring,0.70,,4,1,20260607,7774471749670349581,outputs\fhn-sweep-T500-dt005-init05-observables\runs\ring\k_04\K_0.70\seed_0001,OK
ring,0.70,,4,2,20260607,7774471749670349582,outputs\fhn-sweep-T500-dt005-init05-observables\runs\ring\k_04\K_0.70\seed_0002,OK
ring,0.70,,4,3,20260607,7774471749670349583,outputs\fhn-sweep-T500-dt005-init05-observables\runs\ring\k_04\K_0.70\seed_0003,OK
ring,0.70,,4,4,20260607,7774471749670349584,outputs\fhn-sweep-T500-dt005-init05-observables\runs\ring\k_04\K_0.70\seed_0004,OK
ring,0.70,,4,5,20260607,7774471749670349585,outputs\fhn-sweep-T500-dt005-init05-observables\runs\ring\k_04\K_0.70\seed_0005,OK
ring,0.70,,4,6,20260607,7774471749670349586,outputs\fhn-sweep-T500-dt005-init05-observables\runs\ring\k_04\K_0.70\seed_0006,OK
ring,0.70,,4,7,20260607,7774471749670349587,outputs\fhn-sweep-T500-dt005-init05-observables\runs\ring\k_04\K_0.70\seed_0007,OK
ring,0.70,,4,8,20260607,7774471749670349588,outputs\fhn-sweep-T500-dt005-init05-observables\runs\ring\k_04\K_0.70\seed_0008,OK
ring,0.70,,4,9,20260607,7774471749670349589,outputs\fhn-sweep-T500-dt005-init05-observables\runs\ring\k_04\K_0.70\seed_0009,OK
ring,0.70,,4,10,20260607,7774471749670349590,outputs\fhn-sweep-T500-dt005-init05-observables\runs\ring\k_04\K_0.70\seed_0010,OK
ring,0.70,,4,11,20260607,7774471749670349591,outputs\fhn-sweep-T500-dt005-init05-observables\runs\ring\k_04\K_0.70\seed_0011,OK
ring,0.70,,4,12,20260607,7774471749670349592,outputs\fhn-sweep-T500-dt005-init05-observables\runs\ring\k_04\K_0.70\seed_0012,OK
ring,0.70,,4,13,20260607,7774471749670349593,outputs\fhn-sweep-T500-dt005-init05-observables\runs\ring\k_04\K_0.70\seed_0013,OK
ring,0.70,,4,14,20260607,7774471749670349594,outputs\fhn-sweep-T500-dt005-init05-observables\runs\ring\k_04\K_0.70\seed_0014,OK
ring,0.70,,4,15,20260607,7774471749670349595,outputs\fhn-sweep-T500-dt005-init05-observables\runs\ring\k_04\K_0.70\seed_0015,OK
ring,0.80,,4,1,20260607,-2285669097949840551,outputs\fhn-sweep-T500-dt005-init05-observables\runs\ring\k_04\K_0.80\seed_0001,OK
ring,0.80,,4,2,20260607,-2285669097949840550,outputs\fhn-sweep-T500-dt005-init05-observables\runs\ring\k_04\K_0.80\seed_0002,OK
ring,0.80,,4,3,20260607,-2285669097949840549,outputs\fhn-sweep-T500-dt005-init05-observables\runs\ring\k_04\K_0.80\seed_0003,OK
ring,0.80,,4,4,20260607,-2285669097949840548,outputs\fhn-sweep-T500-dt005-init05-observables\runs\ring\k_04\K_0.80\seed_0004,OK
ring,0.80,,4,5,20260607,-2285669097949840547,outputs\fhn-sweep-T500-dt005-init05-observables\runs\ring\k_04\K_0.80\seed_0005,OK
ring,0.80,,4,6,20260607,-2285669097949840546,outputs\fhn-sweep-T500-dt005-init05-observables\runs\ring\k_04\K_0.80\seed_0006,OK
ring,0.80,,4,7,20260607,-2285669097949840545,outputs\fhn-sweep-T500-dt005-init05-observables\runs\ring\k_04\K_0.80\seed_0007,OK
ring,0.80,,4,8,20260607,-2285669097949840544,outputs\fhn-sweep-T500-dt005-init05-observables\runs\ring\k_04\K_0.80\seed_0008,OK
ring,0.80,,4,9,20260607,-2285669097949840543,outputs\fhn-sweep-T500-dt005-init05-observables\runs\ring\k_04\K_0.80\seed_0009,OK
ring,0.80,,4,10,20260607,-2285669097949840542,outputs\fhn-sweep-T500-dt005-init05-observables\runs\ring\k_04\K_0.80\seed_0010,OK
ring,0.80,,4,11,20260607,-2285669097949840541,outputs\fhn-sweep-T500-dt005-init05-observables\runs\ring\k_04\K_0.80\seed_0011,OK
ring,0.80,,4,12,20260607,-2285669097949840540,outputs\fhn-sweep-T500-dt005-init05-observables\runs\ring\k_04\K_0.80\seed_0012,OK
ring,0.80,,4,13,20260607,-2285669097949840539,outputs\fhn-sweep-T500-dt005-init05-observables\runs\ring\k_04\K_0.80\seed_0013,OK
ring,0.80,,4,14,20260607,-2285669097949840538,outputs\fhn-sweep-T500-dt005-init05-observables\runs\ring\k_04\K_0.80\seed_0014,OK
ring,0.80,,4,15,20260607,-2285669097949840537,outputs\fhn-sweep-T500-dt005-init05-observables\runs\ring\k_04\K_0.80\seed_0015,OK
ring,0.90,,4,1,20260607,6100934128139491142,outputs\fhn-sweep-T500-dt005-init05-observables\runs\ring\k_04\K_0.90\seed_0001,OK
ring,0.90,,4,2,20260607,6100934128139491143,outputs\fhn-sweep-T500-dt005-init05-observables\runs\ring\k_04\K_0.90\seed_0002,OK
ring,0.90,,4,3,20260607,6100934128139491144,outputs\fhn-sweep-T500-dt005-init05-observables\runs\ring\k_04\K_0.90\seed_0003,OK
ring,0.90,,4,4,20260607,6100934128139491145,outputs\fhn-sweep-T500-dt005-init05-observables\runs\ring\k_04\K_0.90\seed_0004,OK
ring,0.90,,4,5,20260607,6100934128139491146,outputs\fhn-sweep-T500-dt005-init05-observables\runs\ring\k_04\K_0.90\seed_0005,OK
ring,0.90,,4,6,20260607,6100934128139491147,outputs\fhn-sweep-T500-dt005-init05-observables\runs\ring\k_04\K_0.90\seed_0006,OK
ring,0.90,,4,7,20260607,6100934128139491148,outputs\fhn-sweep-T500-dt005-init05-observables\runs\ring\k_04\K_0.90\seed_0007,OK
ring,0.90,,4,8,20260607,6100934128139491149,outputs\fhn-sweep-T500-dt005-init05-observables\runs\ring\k_04\K_0.90\seed_0008,OK
ring,0.90,,4,9,20260607,6100934128139491150,outputs\fhn-sweep-T500-dt005-init05-observables\runs\ring\k_04\K_0.90\seed_0009,OK
ring,0.90,,4,10,20260607,6100934128139491151,outputs\fhn-sweep-T500-dt005-init05-observables\runs\ring\k_04\K_0.90\seed_0010,OK
ring,0.90,,4,11,20260607,6100934128139491152,outputs\fhn-sweep-T500-dt005-init05-observables\runs\ring\k_04\K_0.90\seed_0011,OK
ring,0.90,,4,12,20260607,6100934128139491153,outputs\fhn-sweep-T500-dt005-init05-observables\runs\ring\k_04\K_0.90\seed_0012,OK
ring,0.90,,4,13,20260607,6100934128139491154,outputs\fhn-sweep-T500-dt005-init05-observables\runs\ring\k_04\K_0.90\seed_0013,OK
ring,0.90,,4,14,20260607,6100934128139491155,outputs\fhn-sweep-T500-dt005-init05-observables\runs\ring\k_04\K_0.90\seed_0014,OK
ring,0.90,,4,15,20260607,6100934128139491156,outputs\fhn-sweep-T500-dt005-init05-observables\runs\ring\k_04\K_0.90\seed_0015,OK
ring,1.00,,4,1,20260607,-3959206719480728781,outputs\fhn-sweep-T500-dt005-init05-observables\runs\ring\k_04\K_1.00\seed_0001,OK
ring,1.00,,4,2,20260607,-3959206719480728780,outputs\fhn-sweep-T500-dt005-init05-observables\runs\ring\k_04\K_1.00\seed_0002,OK
ring,1.00,,4,3,20260607,-3959206719480728779,outputs\fhn-sweep-T500-dt005-init05-observables\runs\ring\k_04\K_1.00\seed_0003,OK
ring,1.00,,4,4,20260607,-3959206719480728778,outputs\fhn-sweep-T500-dt005-init05-observables\runs\ring\k_04\K_1.00\seed_0004,OK
ring,1.00,,4,5,20260607,-3959206719480728777,outputs\fhn-sweep-T500-dt005-init05-observables\runs\ring\k_04\K_1.00\seed_0005,OK
ring,1.00,,4,6,20260607,-3959206719480728776,outputs\fhn-sweep-T500-dt005-init05-observables\runs\ring\k_04\K_1.00\seed_0006,OK
ring,1.00,,4,7,20260607,-3959206719480728775,outputs\fhn-sweep-T500-dt005-init05-observables\runs\ring\k_04\K_1.00\seed_0007,OK
ring,1.00,,4,8,20260607,-3959206719480728774,outputs\fhn-sweep-T500-dt005-init05-observables\runs\ring\k_04\K_1.00\seed_0008,OK
ring,1.00,,4,9,20260607,-3959206719480728773,outputs\fhn-sweep-T500-dt005-init05-observables\runs\ring\k_04\K_1.00\seed_0009,OK
ring,1.00,,4,10,20260607,-3959206719480728772,outputs\fhn-sweep-T500-dt005-init05-observables\runs\ring\k_04\K_1.00\seed_0010,OK
ring,1.00,,4,11,20260607,-3959206719480728771,outputs\fhn-sweep-T500-dt005-init05-observables\runs\ring\k_04\K_1.00\seed_0011,OK
ring,1.00,,4,12,20260607,-3959206719480728770,outputs\fhn-sweep-T500-dt005-init05-observables\runs\ring\k_04\K_1.00\seed_0012,OK
ring,1.00,,4,13,20260607,-3959206719480728769,outputs\fhn-sweep-T500-dt005-init05-observables\runs\ring\k_04\K_1.00\seed_0013,OK
ring,1.00,,4,14,20260607,-3959206719480728768,outputs\fhn-sweep-T500-dt005-init05-observables\runs\ring\k_04\K_1.00\seed_0014,OK
ring,1.00,,4,15,20260607,-3959206719480728767,outputs\fhn-sweep-T500-dt005-init05-observables\runs\ring\k_04\K_1.00\seed_0015,OK
ring,0.00,,5,1,20260607,5692007281974244178,outputs\fhn-sweep-T500-dt005-init05-observables\runs\ring\k_05\K_0.00\seed_0001,OK
ring,0.00,,5,2,20260607,5692007281974244179,outputs\fhn-sweep-T500-dt005-init05-observables\runs\ring\k_05\K_0.00\seed_0002,OK
ring,0.00,,5,3,20260607,5692007281974244180,outputs\fhn-sweep-T500-dt005-init05-observables\runs\ring\k_05\K_0.00\seed_0003,OK
ring,0.00,,5,4,20260607,5692007281974244181,outputs\fhn-sweep-T500-dt005-init05-observables\runs\ring\k_05\K_0.00\seed_0004,OK
ring,0.00,,5,5,20260607,5692007281974244182,outputs\fhn-sweep-T500-dt005-init05-observables\runs\ring\k_05\K_0.00\seed_0005,OK
ring,0.00,,5,6,20260607,5692007281974244183,outputs\fhn-sweep-T500-dt005-init05-observables\runs\ring\k_05\K_0.00\seed_0006,OK
ring,0.00,,5,7,20260607,5692007281974244184,outputs\fhn-sweep-T500-dt005-init05-observables\runs\ring\k_05\K_0.00\seed_0007,OK
ring,0.00,,5,8,20260607,5692007281974244185,outputs\fhn-sweep-T500-dt005-init05-observables\runs\ring\k_05\K_0.00\seed_0008,OK
ring,0.00,,5,9,20260607,5692007281974244186,outputs\fhn-sweep-T500-dt005-init05-observables\runs\ring\k_05\K_0.00\seed_0009,OK
ring,0.00,,5,10,20260607,5692007281974244187,outputs\fhn-sweep-T500-dt005-init05-observables\runs\ring\k_05\K_0.00\seed_0010,OK
ring,0.00,,5,12,20260607,5692007281974244189,outputs\fhn-sweep-T500-dt005-init05-observables\runs\ring\k_05\K_0.00\seed_0012,OK
ring,0.00,,5,11,20260607,5692007281974244188,outputs\fhn-sweep-T500-dt005-init05-observables\runs\ring\k_05\K_0.00\seed_0011,OK
ring,0.00,,5,13,20260607,5692007281974244190,outputs\fhn-sweep-T500-dt005-init05-observables\runs\ring\k_05\K_0.00\seed_0013,OK
ring,0.00,,5,14,20260607,5692007281974244191,outputs\fhn-sweep-T500-dt005-init05-observables\runs\ring\k_05\K_0.00\seed_0014,OK
ring,0.00,,5,15,20260607,5692007281974244192,outputs\fhn-sweep-T500-dt005-init05-observables\runs\ring\k_05\K_0.00\seed_0015,OK
ring,0.10,,5,1,20260607,1042491026676956024,outputs\fhn-sweep-T500-dt005-init05-observables\runs\ring\k_05\K_0.10\seed_0001,OK
ring,0.10,,5,2,20260607,1042491026676956025,outputs\fhn-sweep-T500-dt005-init05-observables\runs\ring\k_05\K_0.10\seed_0002,OK
ring,0.10,,5,3,20260607,1042491026676956026,outputs\fhn-sweep-T500-dt005-init05-observables\runs\ring\k_05\K_0.10\seed_0003,OK
ring,0.10,,5,4,20260607,1042491026676956027,outputs\fhn-sweep-T500-dt005-init05-observables\runs\ring\k_05\K_0.10\seed_0004,OK
ring,0.10,,5,5,20260607,1042491026676956028,outputs\fhn-sweep-T500-dt005-init05-observables\runs\ring\k_05\K_0.10\seed_0005,OK
ring,0.10,,5,6,20260607,1042491026676956029,outputs\fhn-sweep-T500-dt005-init05-observables\runs\ring\k_05\K_0.10\seed_0006,OK
ring,0.10,,5,7,20260607,1042491026676956030,outputs\fhn-sweep-T500-dt005-init05-observables\runs\ring\k_05\K_0.10\seed_0007,OK
ring,0.10,,5,8,20260607,1042491026676956031,outputs\fhn-sweep-T500-dt005-init05-observables\runs\ring\k_05\K_0.10\seed_0008,OK
ring,0.10,,5,9,20260607,1042491026676956032,outputs\fhn-sweep-T500-dt005-init05-observables\runs\ring\k_05\K_0.10\seed_0009,OK
ring,0.10,,5,10,20260607,1042491026676956033,outputs\fhn-sweep-T500-dt005-init05-observables\runs\ring\k_05\K_0.10\seed_0010,OK
ring,0.10,,5,11,20260607,1042491026676956034,outputs\fhn-sweep-T500-dt005-init05-observables\runs\ring\k_05\K_0.10\seed_0011,OK
ring,0.10,,5,12,20260607,1042491026676956035,outputs\fhn-sweep-T500-dt005-init05-observables\runs\ring\k_05\K_0.10\seed_0012,OK
ring,0.10,,5,13,20260607,1042491026676956036,outputs\fhn-sweep-T500-dt005-init05-observables\runs\ring\k_05\K_0.10\seed_0013,OK
ring,0.10,,5,14,20260607,1042491026676956037,outputs\fhn-sweep-T500-dt005-init05-observables\runs\ring\k_05\K_0.10\seed_0014,OK
ring,0.10,,5,15,20260607,1042491026676956038,outputs\fhn-sweep-T500-dt005-init05-observables\runs\ring\k_05\K_0.10\seed_0015,OK
ring,0.20,,5,1,20260607,6082019009704541048,outputs\fhn-sweep-T500-dt005-init05-observables\runs\ring\k_05\K_0.20\seed_0001,OK
ring,0.20,,5,2,20260607,6082019009704541049,outputs\fhn-sweep-T500-dt005-init05-observables\runs\ring\k_05\K_0.20\seed_0002,OK
ring,0.20,,5,3,20260607,6082019009704541050,outputs\fhn-sweep-T500-dt005-init05-observables\runs\ring\k_05\K_0.20\seed_0003,OK
ring,0.20,,5,4,20260607,6082019009704541051,outputs\fhn-sweep-T500-dt005-init05-observables\runs\ring\k_05\K_0.20\seed_0004,OK
ring,0.20,,5,5,20260607,6082019009704541052,outputs\fhn-sweep-T500-dt005-init05-observables\runs\ring\k_05\K_0.20\seed_0005,OK
ring,0.20,,5,6,20260607,6082019009704541053,outputs\fhn-sweep-T500-dt005-init05-observables\runs\ring\k_05\K_0.20\seed_0006,OK
ring,0.20,,5,7,20260607,6082019009704541054,outputs\fhn-sweep-T500-dt005-init05-observables\runs\ring\k_05\K_0.20\seed_0007,OK
ring,0.20,,5,8,20260607,6082019009704541055,outputs\fhn-sweep-T500-dt005-init05-observables\runs\ring\k_05\K_0.20\seed_0008,OK
ring,0.20,,5,9,20260607,6082019009704541056,outputs\fhn-sweep-T500-dt005-init05-observables\runs\ring\k_05\K_0.20\seed_0009,OK
ring,0.20,,5,10,20260607,6082019009704541057,outputs\fhn-sweep-T500-dt005-init05-observables\runs\ring\k_05\K_0.20\seed_0010,OK
ring,0.20,,5,11,20260607,6082019009704541058,outputs\fhn-sweep-T500-dt005-init05-observables\runs\ring\k_05\K_0.20\seed_0011,OK
ring,0.20,,5,12,20260607,6082019009704541059,outputs\fhn-sweep-T500-dt005-init05-observables\runs\ring\k_05\K_0.20\seed_0012,OK
ring,0.20,,5,13,20260607,6082019009704541060,outputs\fhn-sweep-T500-dt005-init05-observables\runs\ring\k_05\K_0.20\seed_0013,OK
ring,0.20,,5,14,20260607,6082019009704541061,outputs\fhn-sweep-T500-dt005-init05-observables\runs\ring\k_05\K_0.20\seed_0014,OK
ring,0.20,,5,15,20260607,6082019009704541062,outputs\fhn-sweep-T500-dt005-init05-observables\runs\ring\k_05\K_0.20\seed_0015,OK
ring,0.30,,5,2,20260607,-5651659459446567104,outputs\fhn-sweep-T500-dt005-init05-observables\runs\ring\k_05\K_0.30\seed_0002,OK
ring,0.30,,5,1,20260607,-5651659459446567105,outputs\fhn-sweep-T500-dt005-init05-observables\runs\ring\k_05\K_0.30\seed_0001,OK
ring,0.30,,5,3,20260607,-5651659459446567103,outputs\fhn-sweep-T500-dt005-init05-observables\runs\ring\k_05\K_0.30\seed_0003,OK
ring,0.30,,5,4,20260607,-5651659459446567102,outputs\fhn-sweep-T500-dt005-init05-observables\runs\ring\k_05\K_0.30\seed_0004,OK
ring,0.30,,5,5,20260607,-5651659459446567101,outputs\fhn-sweep-T500-dt005-init05-observables\runs\ring\k_05\K_0.30\seed_0005,OK
ring,0.30,,5,6,20260607,-5651659459446567100,outputs\fhn-sweep-T500-dt005-init05-observables\runs\ring\k_05\K_0.30\seed_0006,OK
ring,0.30,,5,7,20260607,-5651659459446567099,outputs\fhn-sweep-T500-dt005-init05-observables\runs\ring\k_05\K_0.30\seed_0007,OK
ring,0.30,,5,8,20260607,-5651659459446567098,outputs\fhn-sweep-T500-dt005-init05-observables\runs\ring\k_05\K_0.30\seed_0008,OK
ring,0.30,,5,9,20260607,-5651659459446567097,outputs\fhn-sweep-T500-dt005-init05-observables\runs\ring\k_05\K_0.30\seed_0009,OK
ring,0.30,,5,10,20260607,-5651659459446567096,outputs\fhn-sweep-T500-dt005-init05-observables\runs\ring\k_05\K_0.30\seed_0010,OK
ring,0.30,,5,11,20260607,-5651659459446567095,outputs\fhn-sweep-T500-dt005-init05-observables\runs\ring\k_05\K_0.30\seed_0011,OK
ring,0.30,,5,12,20260607,-5651659459446567094,outputs\fhn-sweep-T500-dt005-init05-observables\runs\ring\k_05\K_0.30\seed_0012,OK
ring,0.30,,5,13,20260607,-5651659459446567093,outputs\fhn-sweep-T500-dt005-init05-observables\runs\ring\k_05\K_0.30\seed_0013,OK
ring,0.30,,5,14,20260607,-5651659459446567092,outputs\fhn-sweep-T500-dt005-init05-observables\runs\ring\k_05\K_0.30\seed_0014,OK
ring,0.30,,5,15,20260607,-5651659459446567091,outputs\fhn-sweep-T500-dt005-init05-observables\runs\ring\k_05\K_0.30\seed_0015,OK
ring,0.40,,5,1,20260607,-7325197080977425544,outputs\fhn-sweep-T500-dt005-init05-observables\runs\ring\k_05\K_0.40\seed_0001,OK
ring,0.40,,5,2,20260607,-7325197080977425543,outputs\fhn-sweep-T500-dt005-init05-observables\runs\ring\k_05\K_0.40\seed_0002,OK
ring,0.40,,5,3,20260607,-7325197080977425542,outputs\fhn-sweep-T500-dt005-init05-observables\runs\ring\k_05\K_0.40\seed_0003,OK
ring,0.40,,5,4,20260607,-7325197080977425541,outputs\fhn-sweep-T500-dt005-init05-observables\runs\ring\k_05\K_0.40\seed_0004,OK
ring,0.40,,5,5,20260607,-7325197080977425540,outputs\fhn-sweep-T500-dt005-init05-observables\runs\ring\k_05\K_0.40\seed_0005,OK
ring,0.40,,5,6,20260607,-7325197080977425539,outputs\fhn-sweep-T500-dt005-init05-observables\runs\ring\k_05\K_0.40\seed_0006,OK
ring,0.40,,5,7,20260607,-7325197080977425538,outputs\fhn-sweep-T500-dt005-init05-observables\runs\ring\k_05\K_0.40\seed_0007,OK
ring,0.40,,5,8,20260607,-7325197080977425537,outputs\fhn-sweep-T500-dt005-init05-observables\runs\ring\k_05\K_0.40\seed_0008,OK
ring,0.40,,5,9,20260607,-7325197080977425536,outputs\fhn-sweep-T500-dt005-init05-observables\runs\ring\k_05\K_0.40\seed_0009,OK
ring,0.40,,5,10,20260607,-7325197080977425535,outputs\fhn-sweep-T500-dt005-init05-observables\runs\ring\k_05\K_0.40\seed_0010,OK
ring,0.40,,5,11,20260607,-7325197080977425534,outputs\fhn-sweep-T500-dt005-init05-observables\runs\ring\k_05\K_0.40\seed_0011,OK
ring,0.40,,5,12,20260607,-7325197080977425533,outputs\fhn-sweep-T500-dt005-init05-observables\runs\ring\k_05\K_0.40\seed_0012,OK
ring,0.40,,5,13,20260607,-7325197080977425532,outputs\fhn-sweep-T500-dt005-init05-observables\runs\ring\k_05\K_0.40\seed_0013,OK
ring,0.40,,5,14,20260607,-7325197080977425531,outputs\fhn-sweep-T500-dt005-init05-observables\runs\ring\k_05\K_0.40\seed_0014,OK
ring,0.40,,5,15,20260607,-7325197080977425530,outputs\fhn-sweep-T500-dt005-init05-observables\runs\ring\k_05\K_0.40\seed_0015,OK
ring,0.50,,5,1,20260607,-8998734702508313774,outputs\fhn-sweep-T500-dt005-init05-observables\runs\ring\k_05\K_0.50\seed_0001,OK
ring,0.50,,5,2,20260607,-8998734702508313773,outputs\fhn-sweep-T500-dt005-init05-observables\runs\ring\k_05\K_0.50\seed_0002,OK
ring,0.50,,5,3,20260607,-8998734702508313772,outputs\fhn-sweep-T500-dt005-init05-observables\runs\ring\k_05\K_0.50\seed_0003,OK
ring,0.50,,5,4,20260607,-8998734702508313771,outputs\fhn-sweep-T500-dt005-init05-observables\runs\ring\k_05\K_0.50\seed_0004,OK
ring,0.50,,5,5,20260607,-8998734702508313770,outputs\fhn-sweep-T500-dt005-init05-observables\runs\ring\k_05\K_0.50\seed_0005,OK
ring,0.50,,5,6,20260607,-8998734702508313769,outputs\fhn-sweep-T500-dt005-init05-observables\runs\ring\k_05\K_0.50\seed_0006,OK
ring,0.50,,5,7,20260607,-8998734702508313768,outputs\fhn-sweep-T500-dt005-init05-observables\runs\ring\k_05\K_0.50\seed_0007,OK
ring,0.50,,5,8,20260607,-8998734702508313767,outputs\fhn-sweep-T500-dt005-init05-observables\runs\ring\k_05\K_0.50\seed_0008,OK
ring,0.50,,5,9,20260607,-8998734702508313766,outputs\fhn-sweep-T500-dt005-init05-observables\runs\ring\k_05\K_0.50\seed_0009,OK
ring,0.50,,5,10,20260607,-8998734702508313765,outputs\fhn-sweep-T500-dt005-init05-observables\runs\ring\k_05\K_0.50\seed_0010,OK
ring,0.50,,5,11,20260607,-8998734702508313764,outputs\fhn-sweep-T500-dt005-init05-observables\runs\ring\k_05\K_0.50\seed_0011,OK
ring,0.50,,5,12,20260607,-8998734702508313763,outputs\fhn-sweep-T500-dt005-init05-observables\runs\ring\k_05\K_0.50\seed_0012,OK
ring,0.50,,5,13,20260607,-8998734702508313762,outputs\fhn-sweep-T500-dt005-init05-observables\runs\ring\k_05\K_0.50\seed_0013,OK
ring,0.50,,5,14,20260607,-8998734702508313761,outputs\fhn-sweep-T500-dt005-init05-observables\runs\ring\k_05\K_0.50\seed_0014,OK
ring,0.50,,5,15,20260607,-8998734702508313760,outputs\fhn-sweep-T500-dt005-init05-observables\runs\ring\k_05\K_0.50\seed_0015,OK
ring,0.60,,5,2,20260607,-612131476418982080,outputs\fhn-sweep-T500-dt005-init05-observables\runs\ring\k_05\K_0.60\seed_0002,OK
ring,0.60,,5,3,20260607,-612131476418982079,outputs\fhn-sweep-T500-dt005-init05-observables\runs\ring\k_05\K_0.60\seed_0003,OK
ring,0.60,,5,1,20260607,-612131476418982081,outputs\fhn-sweep-T500-dt005-init05-observables\runs\ring\k_05\K_0.60\seed_0001,OK
ring,0.60,,5,4,20260607,-612131476418982078,outputs\fhn-sweep-T500-dt005-init05-observables\runs\ring\k_05\K_0.60\seed_0004,OK
ring,0.60,,5,5,20260607,-612131476418982077,outputs\fhn-sweep-T500-dt005-init05-observables\runs\ring\k_05\K_0.60\seed_0005,OK
ring,0.60,,5,6,20260607,-612131476418982076,outputs\fhn-sweep-T500-dt005-init05-observables\runs\ring\k_05\K_0.60\seed_0006,OK
ring,0.60,,5,8,20260607,-612131476418982074,outputs\fhn-sweep-T500-dt005-init05-observables\runs\ring\k_05\K_0.60\seed_0008,OK
ring,0.60,,5,7,20260607,-612131476418982075,outputs\fhn-sweep-T500-dt005-init05-observables\runs\ring\k_05\K_0.60\seed_0007,OK
ring,0.60,,5,9,20260607,-612131476418982073,outputs\fhn-sweep-T500-dt005-init05-observables\runs\ring\k_05\K_0.60\seed_0009,OK
ring,0.60,,5,10,20260607,-612131476418982072,outputs\fhn-sweep-T500-dt005-init05-observables\runs\ring\k_05\K_0.60\seed_0010,OK
ring,0.60,,5,12,20260607,-612131476418982070,outputs\fhn-sweep-T500-dt005-init05-observables\runs\ring\k_05\K_0.60\seed_0012,OK
ring,0.60,,5,13,20260607,-612131476418982069,outputs\fhn-sweep-T500-dt005-init05-observables\runs\ring\k_05\K_0.60\seed_0013,OK
ring,0.60,,5,11,20260607,-612131476418982071,outputs\fhn-sweep-T500-dt005-init05-observables\runs\ring\k_05\K_0.60\seed_0011,OK
ring,0.60,,5,14,20260607,-612131476418982068,outputs\fhn-sweep-T500-dt005-init05-observables\runs\ring\k_05\K_0.60\seed_0014,OK
ring,0.60,,5,15,20260607,-612131476418982067,outputs\fhn-sweep-T500-dt005-init05-observables\runs\ring\k_05\K_0.60\seed_0015,OK
ring,0.70,,5,1,20260607,7774471749670349612,outputs\fhn-sweep-T500-dt005-init05-observables\runs\ring\k_05\K_0.70\seed_0001,OK
ring,0.70,,5,2,20260607,7774471749670349613,outputs\fhn-sweep-T500-dt005-init05-observables\runs\ring\k_05\K_0.70\seed_0002,OK
ring,0.70,,5,3,20260607,7774471749670349614,outputs\fhn-sweep-T500-dt005-init05-observables\runs\ring\k_05\K_0.70\seed_0003,OK
ring,0.70,,5,4,20260607,7774471749670349615,outputs\fhn-sweep-T500-dt005-init05-observables\runs\ring\k_05\K_0.70\seed_0004,OK
ring,0.70,,5,5,20260607,7774471749670349616,outputs\fhn-sweep-T500-dt005-init05-observables\runs\ring\k_05\K_0.70\seed_0005,OK
ring,0.70,,5,6,20260607,7774471749670349617,outputs\fhn-sweep-T500-dt005-init05-observables\runs\ring\k_05\K_0.70\seed_0006,OK
ring,0.70,,5,7,20260607,7774471749670349618,outputs\fhn-sweep-T500-dt005-init05-observables\runs\ring\k_05\K_0.70\seed_0007,OK
ring,0.70,,5,8,20260607,7774471749670349619,outputs\fhn-sweep-T500-dt005-init05-observables\runs\ring\k_05\K_0.70\seed_0008,OK
ring,0.70,,5,9,20260607,7774471749670349620,outputs\fhn-sweep-T500-dt005-init05-observables\runs\ring\k_05\K_0.70\seed_0009,OK
ring,0.70,,5,10,20260607,7774471749670349621,outputs\fhn-sweep-T500-dt005-init05-observables\runs\ring\k_05\K_0.70\seed_0010,OK
ring,0.70,,5,11,20260607,7774471749670349622,outputs\fhn-sweep-T500-dt005-init05-observables\runs\ring\k_05\K_0.70\seed_0011,OK
ring,0.70,,5,12,20260607,7774471749670349623,outputs\fhn-sweep-T500-dt005-init05-observables\runs\ring\k_05\K_0.70\seed_0012,OK
ring,0.70,,5,13,20260607,7774471749670349624,outputs\fhn-sweep-T500-dt005-init05-observables\runs\ring\k_05\K_0.70\seed_0013,OK
ring,0.70,,5,14,20260607,7774471749670349625,outputs\fhn-sweep-T500-dt005-init05-observables\runs\ring\k_05\K_0.70\seed_0014,OK
ring,0.70,,5,15,20260607,7774471749670349626,outputs\fhn-sweep-T500-dt005-init05-observables\runs\ring\k_05\K_0.70\seed_0015,OK
ring,0.80,,5,1,20260607,-2285669097949840520,outputs\fhn-sweep-T500-dt005-init05-observables\runs\ring\k_05\K_0.80\seed_0001,OK
ring,0.80,,5,2,20260607,-2285669097949840519,outputs\fhn-sweep-T500-dt005-init05-observables\runs\ring\k_05\K_0.80\seed_0002,OK
ring,0.80,,5,3,20260607,-2285669097949840518,outputs\fhn-sweep-T500-dt005-init05-observables\runs\ring\k_05\K_0.80\seed_0003,OK
ring,0.80,,5,4,20260607,-2285669097949840517,outputs\fhn-sweep-T500-dt005-init05-observables\runs\ring\k_05\K_0.80\seed_0004,OK
ring,0.80,,5,5,20260607,-2285669097949840516,outputs\fhn-sweep-T500-dt005-init05-observables\runs\ring\k_05\K_0.80\seed_0005,OK
ring,0.80,,5,6,20260607,-2285669097949840515,outputs\fhn-sweep-T500-dt005-init05-observables\runs\ring\k_05\K_0.80\seed_0006,OK
ring,0.80,,5,7,20260607,-2285669097949840514,outputs\fhn-sweep-T500-dt005-init05-observables\runs\ring\k_05\K_0.80\seed_0007,OK
ring,0.80,,5,8,20260607,-2285669097949840513,outputs\fhn-sweep-T500-dt005-init05-observables\runs\ring\k_05\K_0.80\seed_0008,OK
ring,0.80,,5,9,20260607,-2285669097949840512,outputs\fhn-sweep-T500-dt005-init05-observables\runs\ring\k_05\K_0.80\seed_0009,OK
ring,0.80,,5,10,20260607,-2285669097949840511,outputs\fhn-sweep-T500-dt005-init05-observables\runs\ring\k_05\K_0.80\seed_0010,OK
ring,0.80,,5,11,20260607,-2285669097949840510,outputs\fhn-sweep-T500-dt005-init05-observables\runs\ring\k_05\K_0.80\seed_0011,OK
ring,0.80,,5,12,20260607,-2285669097949840509,outputs\fhn-sweep-T500-dt005-init05-observables\runs\ring\k_05\K_0.80\seed_0012,OK
ring,0.80,,5,13,20260607,-2285669097949840508,outputs\fhn-sweep-T500-dt005-init05-observables\runs\ring\k_05\K_0.80\seed_0013,OK
ring,0.80,,5,14,20260607,-2285669097949840507,outputs\fhn-sweep-T500-dt005-init05-observables\runs\ring\k_05\K_0.80\seed_0014,OK
ring,0.80,,5,15,20260607,-2285669097949840506,outputs\fhn-sweep-T500-dt005-init05-observables\runs\ring\k_05\K_0.80\seed_0015,OK
ring,0.90,,5,1,20260607,6100934128139491173,outputs\fhn-sweep-T500-dt005-init05-observables\runs\ring\k_05\K_0.90\seed_0001,OK
ring,0.90,,5,2,20260607,6100934128139491174,outputs\fhn-sweep-T500-dt005-init05-observables\runs\ring\k_05\K_0.90\seed_0002,OK
ring,0.90,,5,3,20260607,6100934128139491175,outputs\fhn-sweep-T500-dt005-init05-observables\runs\ring\k_05\K_0.90\seed_0003,OK
ring,0.90,,5,4,20260607,6100934128139491176,outputs\fhn-sweep-T500-dt005-init05-observables\runs\ring\k_05\K_0.90\seed_0004,OK
ring,0.90,,5,5,20260607,6100934128139491177,outputs\fhn-sweep-T500-dt005-init05-observables\runs\ring\k_05\K_0.90\seed_0005,OK
ring,0.90,,5,7,20260607,6100934128139491179,outputs\fhn-sweep-T500-dt005-init05-observables\runs\ring\k_05\K_0.90\seed_0007,OK
ring,0.90,,5,6,20260607,6100934128139491178,outputs\fhn-sweep-T500-dt005-init05-observables\runs\ring\k_05\K_0.90\seed_0006,OK
ring,0.90,,5,8,20260607,6100934128139491180,outputs\fhn-sweep-T500-dt005-init05-observables\runs\ring\k_05\K_0.90\seed_0008,OK
ring,0.90,,5,9,20260607,6100934128139491181,outputs\fhn-sweep-T500-dt005-init05-observables\runs\ring\k_05\K_0.90\seed_0009,OK
ring,0.90,,5,10,20260607,6100934128139491182,outputs\fhn-sweep-T500-dt005-init05-observables\runs\ring\k_05\K_0.90\seed_0010,OK
ring,0.90,,5,11,20260607,6100934128139491183,outputs\fhn-sweep-T500-dt005-init05-observables\runs\ring\k_05\K_0.90\seed_0011,OK
ring,0.90,,5,12,20260607,6100934128139491184,outputs\fhn-sweep-T500-dt005-init05-observables\runs\ring\k_05\K_0.90\seed_0012,OK
ring,0.90,,5,13,20260607,6100934128139491185,outputs\fhn-sweep-T500-dt005-init05-observables\runs\ring\k_05\K_0.90\seed_0013,OK
ring,0.90,,5,14,20260607,6100934128139491186,outputs\fhn-sweep-T500-dt005-init05-observables\runs\ring\k_05\K_0.90\seed_0014,OK
ring,0.90,,5,15,20260607,6100934128139491187,outputs\fhn-sweep-T500-dt005-init05-observables\runs\ring\k_05\K_0.90\seed_0015,OK
ring,1.00,,5,1,20260607,-3959206719480728750,outputs\fhn-sweep-T500-dt005-init05-observables\runs\ring\k_05\K_1.00\seed_0001,OK
ring,1.00,,5,2,20260607,-3959206719480728749,outputs\fhn-sweep-T500-dt005-init05-observables\runs\ring\k_05\K_1.00\seed_0002,OK
ring,1.00,,5,3,20260607,-3959206719480728748,outputs\fhn-sweep-T500-dt005-init05-observables\runs\ring\k_05\K_1.00\seed_0003,OK
ring,1.00,,5,4,20260607,-3959206719480728747,outputs\fhn-sweep-T500-dt005-init05-observables\runs\ring\k_05\K_1.00\seed_0004,OK
ring,1.00,,5,5,20260607,-3959206719480728746,outputs\fhn-sweep-T500-dt005-init05-observables\runs\ring\k_05\K_1.00\seed_0005,OK
ring,1.00,,5,6,20260607,-3959206719480728745,outputs\fhn-sweep-T500-dt005-init05-observables\runs\ring\k_05\K_1.00\seed_0006,OK
ring,1.00,,5,7,20260607,-3959206719480728744,outputs\fhn-sweep-T500-dt005-init05-observables\runs\ring\k_05\K_1.00\seed_0007,OK
ring,1.00,,5,8,20260607,-3959206719480728743,outputs\fhn-sweep-T500-dt005-init05-observables\runs\ring\k_05\K_1.00\seed_0008,OK
ring,1.00,,5,9,20260607,-3959206719480728742,outputs\fhn-sweep-T500-dt005-init05-observables\runs\ring\k_05\K_1.00\seed_0009,OK
ring,1.00,,5,10,20260607,-3959206719480728741,outputs\fhn-sweep-T500-dt005-init05-observables\runs\ring\k_05\K_1.00\seed_0010,OK
ring,1.00,,5,11,20260607,-3959206719480728740,outputs\fhn-sweep-T500-dt005-init05-observables\runs\ring\k_05\K_1.00\seed_0011,OK
ring,1.00,,5,12,20260607,-3959206719480728739,outputs\fhn-sweep-T500-dt005-init05-observables\runs\ring\k_05\K_1.00\seed_0012,OK
ring,1.00,,5,13,20260607,-3959206719480728738,outputs\fhn-sweep-T500-dt005-init05-observables\runs\ring\k_05\K_1.00\seed_0013,OK
ring,1.00,,5,14,20260607,-3959206719480728737,outputs\fhn-sweep-T500-dt005-init05-observables\runs\ring\k_05\K_1.00\seed_0014,OK
ring,1.00,,5,15,20260607,-3959206719480728736,outputs\fhn-sweep-T500-dt005-init05-observables\runs\ring\k_05\K_1.00\seed_0015,OK
ring,0.00,,6,1,20260607,5692007281974244209,outputs\fhn-sweep-T500-dt005-init05-observables\runs\ring\k_06\K_0.00\seed_0001,OK
ring,0.00,,6,2,20260607,5692007281974244210,outputs\fhn-sweep-T500-dt005-init05-observables\runs\ring\k_06\K_0.00\seed_0002,OK
ring,0.00,,6,3,20260607,5692007281974244211,outputs\fhn-sweep-T500-dt005-init05-observables\runs\ring\k_06\K_0.00\seed_0003,OK
ring,0.00,,6,4,20260607,5692007281974244212,outputs\fhn-sweep-T500-dt005-init05-observables\runs\ring\k_06\K_0.00\seed_0004,OK
ring,0.00,,6,5,20260607,5692007281974244213,outputs\fhn-sweep-T500-dt005-init05-observables\runs\ring\k_06\K_0.00\seed_0005,OK
ring,0.00,,6,6,20260607,5692007281974244214,outputs\fhn-sweep-T500-dt005-init05-observables\runs\ring\k_06\K_0.00\seed_0006,OK
ring,0.00,,6,7,20260607,5692007281974244215,outputs\fhn-sweep-T500-dt005-init05-observables\runs\ring\k_06\K_0.00\seed_0007,OK
ring,0.00,,6,8,20260607,5692007281974244216,outputs\fhn-sweep-T500-dt005-init05-observables\runs\ring\k_06\K_0.00\seed_0008,OK
ring,0.00,,6,9,20260607,5692007281974244217,outputs\fhn-sweep-T500-dt005-init05-observables\runs\ring\k_06\K_0.00\seed_0009,OK
ring,0.00,,6,10,20260607,5692007281974244218,outputs\fhn-sweep-T500-dt005-init05-observables\runs\ring\k_06\K_0.00\seed_0010,OK
ring,0.00,,6,11,20260607,5692007281974244219,outputs\fhn-sweep-T500-dt005-init05-observables\runs\ring\k_06\K_0.00\seed_0011,OK
ring,0.00,,6,12,20260607,5692007281974244220,outputs\fhn-sweep-T500-dt005-init05-observables\runs\ring\k_06\K_0.00\seed_0012,OK
ring,0.00,,6,13,20260607,5692007281974244221,outputs\fhn-sweep-T500-dt005-init05-observables\runs\ring\k_06\K_0.00\seed_0013,OK
ring,0.00,,6,14,20260607,5692007281974244222,outputs\fhn-sweep-T500-dt005-init05-observables\runs\ring\k_06\K_0.00\seed_0014,OK
ring,0.00,,6,15,20260607,5692007281974244223,outputs\fhn-sweep-T500-dt005-init05-observables\runs\ring\k_06\K_0.00\seed_0015,OK
ring,0.10,,6,1,20260607,1042491026676956055,outputs\fhn-sweep-T500-dt005-init05-observables\runs\ring\k_06\K_0.10\seed_0001,OK
ring,0.10,,6,2,20260607,1042491026676956056,outputs\fhn-sweep-T500-dt005-init05-observables\runs\ring\k_06\K_0.10\seed_0002,OK
ring,0.10,,6,3,20260607,1042491026676956057,outputs\fhn-sweep-T500-dt005-init05-observables\runs\ring\k_06\K_0.10\seed_0003,OK
ring,0.10,,6,4,20260607,1042491026676956058,outputs\fhn-sweep-T500-dt005-init05-observables\runs\ring\k_06\K_0.10\seed_0004,OK
ring,0.10,,6,5,20260607,1042491026676956059,outputs\fhn-sweep-T500-dt005-init05-observables\runs\ring\k_06\K_0.10\seed_0005,OK
ring,0.10,,6,6,20260607,1042491026676956060,outputs\fhn-sweep-T500-dt005-init05-observables\runs\ring\k_06\K_0.10\seed_0006,OK
ring,0.10,,6,7,20260607,1042491026676956061,outputs\fhn-sweep-T500-dt005-init05-observables\runs\ring\k_06\K_0.10\seed_0007,OK
ring,0.10,,6,8,20260607,1042491026676956062,outputs\fhn-sweep-T500-dt005-init05-observables\runs\ring\k_06\K_0.10\seed_0008,OK
ring,0.10,,6,9,20260607,1042491026676956063,outputs\fhn-sweep-T500-dt005-init05-observables\runs\ring\k_06\K_0.10\seed_0009,OK
ring,0.10,,6,10,20260607,1042491026676956064,outputs\fhn-sweep-T500-dt005-init05-observables\runs\ring\k_06\K_0.10\seed_0010,OK
ring,0.10,,6,11,20260607,1042491026676956065,outputs\fhn-sweep-T500-dt005-init05-observables\runs\ring\k_06\K_0.10\seed_0011,OK
ring,0.10,,6,12,20260607,1042491026676956066,outputs\fhn-sweep-T500-dt005-init05-observables\runs\ring\k_06\K_0.10\seed_0012,OK
ring,0.10,,6,13,20260607,1042491026676956067,outputs\fhn-sweep-T500-dt005-init05-observables\runs\ring\k_06\K_0.10\seed_0013,OK
ring,0.10,,6,14,20260607,1042491026676956068,outputs\fhn-sweep-T500-dt005-init05-observables\runs\ring\k_06\K_0.10\seed_0014,OK
ring,0.10,,6,15,20260607,1042491026676956069,outputs\fhn-sweep-T500-dt005-init05-observables\runs\ring\k_06\K_0.10\seed_0015,OK
ring,0.20,,6,1,20260607,6082019009704541079,outputs\fhn-sweep-T500-dt005-init05-observables\runs\ring\k_06\K_0.20\seed_0001,OK
ring,0.20,,6,2,20260607,6082019009704541080,outputs\fhn-sweep-T500-dt005-init05-observables\runs\ring\k_06\K_0.20\seed_0002,OK
ring,0.20,,6,3,20260607,6082019009704541081,outputs\fhn-sweep-T500-dt005-init05-observables\runs\ring\k_06\K_0.20\seed_0003,OK
ring,0.20,,6,4,20260607,6082019009704541082,outputs\fhn-sweep-T500-dt005-init05-observables\runs\ring\k_06\K_0.20\seed_0004,OK
ring,0.20,,6,5,20260607,6082019009704541083,outputs\fhn-sweep-T500-dt005-init05-observables\runs\ring\k_06\K_0.20\seed_0005,OK
ring,0.20,,6,6,20260607,6082019009704541084,outputs\fhn-sweep-T500-dt005-init05-observables\runs\ring\k_06\K_0.20\seed_0006,OK
ring,0.20,,6,7,20260607,6082019009704541085,outputs\fhn-sweep-T500-dt005-init05-observables\runs\ring\k_06\K_0.20\seed_0007,OK
ring,0.20,,6,8,20260607,6082019009704541086,outputs\fhn-sweep-T500-dt005-init05-observables\runs\ring\k_06\K_0.20\seed_0008,OK
ring,0.20,,6,9,20260607,6082019009704541087,outputs\fhn-sweep-T500-dt005-init05-observables\runs\ring\k_06\K_0.20\seed_0009,OK
ring,0.20,,6,10,20260607,6082019009704541088,outputs\fhn-sweep-T500-dt005-init05-observables\runs\ring\k_06\K_0.20\seed_0010,OK
ring,0.20,,6,11,20260607,6082019009704541089,outputs\fhn-sweep-T500-dt005-init05-observables\runs\ring\k_06\K_0.20\seed_0011,OK
ring,0.20,,6,12,20260607,6082019009704541090,outputs\fhn-sweep-T500-dt005-init05-observables\runs\ring\k_06\K_0.20\seed_0012,OK
ring,0.20,,6,13,20260607,6082019009704541091,outputs\fhn-sweep-T500-dt005-init05-observables\runs\ring\k_06\K_0.20\seed_0013,OK
ring,0.20,,6,14,20260607,6082019009704541092,outputs\fhn-sweep-T500-dt005-init05-observables\runs\ring\k_06\K_0.20\seed_0014,OK
ring,0.20,,6,15,20260607,6082019009704541093,outputs\fhn-sweep-T500-dt005-init05-observables\runs\ring\k_06\K_0.20\seed_0015,OK
ring,0.30,,6,1,20260607,-5651659459446567074,outputs\fhn-sweep-T500-dt005-init05-observables\runs\ring\k_06\K_0.30\seed_0001,OK
ring,0.30,,6,2,20260607,-5651659459446567073,outputs\fhn-sweep-T500-dt005-init05-observables\runs\ring\k_06\K_0.30\seed_0002,OK
ring,0.30,,6,3,20260607,-5651659459446567072,outputs\fhn-sweep-T500-dt005-init05-observables\runs\ring\k_06\K_0.30\seed_0003,OK
ring,0.30,,6,4,20260607,-5651659459446567071,outputs\fhn-sweep-T500-dt005-init05-observables\runs\ring\k_06\K_0.30\seed_0004,OK
ring,0.30,,6,5,20260607,-5651659459446567070,outputs\fhn-sweep-T500-dt005-init05-observables\runs\ring\k_06\K_0.30\seed_0005,OK
ring,0.30,,6,6,20260607,-5651659459446567069,outputs\fhn-sweep-T500-dt005-init05-observables\runs\ring\k_06\K_0.30\seed_0006,OK
ring,0.30,,6,7,20260607,-5651659459446567068,outputs\fhn-sweep-T500-dt005-init05-observables\runs\ring\k_06\K_0.30\seed_0007,OK
ring,0.30,,6,8,20260607,-5651659459446567067,outputs\fhn-sweep-T500-dt005-init05-observables\runs\ring\k_06\K_0.30\seed_0008,OK
ring,0.30,,6,9,20260607,-5651659459446567066,outputs\fhn-sweep-T500-dt005-init05-observables\runs\ring\k_06\K_0.30\seed_0009,OK
ring,0.30,,6,10,20260607,-5651659459446567065,outputs\fhn-sweep-T500-dt005-init05-observables\runs\ring\k_06\K_0.30\seed_0010,OK
ring,0.30,,6,11,20260607,-5651659459446567064,outputs\fhn-sweep-T500-dt005-init05-observables\runs\ring\k_06\K_0.30\seed_0011,OK
ring,0.30,,6,12,20260607,-5651659459446567063,outputs\fhn-sweep-T500-dt005-init05-observables\runs\ring\k_06\K_0.30\seed_0012,OK
ring,0.30,,6,13,20260607,-5651659459446567062,outputs\fhn-sweep-T500-dt005-init05-observables\runs\ring\k_06\K_0.30\seed_0013,OK
ring,0.30,,6,14,20260607,-5651659459446567061,outputs\fhn-sweep-T500-dt005-init05-observables\runs\ring\k_06\K_0.30\seed_0014,OK
ring,0.30,,6,15,20260607,-5651659459446567060,outputs\fhn-sweep-T500-dt005-init05-observables\runs\ring\k_06\K_0.30\seed_0015,OK
ring,0.40,,6,1,20260607,-7325197080977425513,outputs\fhn-sweep-T500-dt005-init05-observables\runs\ring\k_06\K_0.40\seed_0001,OK
ring,0.40,,6,2,20260607,-7325197080977425512,outputs\fhn-sweep-T500-dt005-init05-observables\runs\ring\k_06\K_0.40\seed_0002,OK
ring,0.40,,6,3,20260607,-7325197080977425511,outputs\fhn-sweep-T500-dt005-init05-observables\runs\ring\k_06\K_0.40\seed_0003,OK
ring,0.40,,6,4,20260607,-7325197080977425510,outputs\fhn-sweep-T500-dt005-init05-observables\runs\ring\k_06\K_0.40\seed_0004,OK
ring,0.40,,6,5,20260607,-7325197080977425509,outputs\fhn-sweep-T500-dt005-init05-observables\runs\ring\k_06\K_0.40\seed_0005,OK
ring,0.40,,6,6,20260607,-7325197080977425508,outputs\fhn-sweep-T500-dt005-init05-observables\runs\ring\k_06\K_0.40\seed_0006,OK
ring,0.40,,6,7,20260607,-7325197080977425507,outputs\fhn-sweep-T500-dt005-init05-observables\runs\ring\k_06\K_0.40\seed_0007,OK
ring,0.40,,6,8,20260607,-7325197080977425506,outputs\fhn-sweep-T500-dt005-init05-observables\runs\ring\k_06\K_0.40\seed_0008,OK
ring,0.40,,6,9,20260607,-7325197080977425505,outputs\fhn-sweep-T500-dt005-init05-observables\runs\ring\k_06\K_0.40\seed_0009,OK
ring,0.40,,6,10,20260607,-7325197080977425504,outputs\fhn-sweep-T500-dt005-init05-observables\runs\ring\k_06\K_0.40\seed_0010,OK
ring,0.40,,6,11,20260607,-7325197080977425503,outputs\fhn-sweep-T500-dt005-init05-observables\runs\ring\k_06\K_0.40\seed_0011,OK
ring,0.40,,6,12,20260607,-7325197080977425502,outputs\fhn-sweep-T500-dt005-init05-observables\runs\ring\k_06\K_0.40\seed_0012,OK
ring,0.40,,6,13,20260607,-7325197080977425501,outputs\fhn-sweep-T500-dt005-init05-observables\runs\ring\k_06\K_0.40\seed_0013,OK
ring,0.40,,6,14,20260607,-7325197080977425500,outputs\fhn-sweep-T500-dt005-init05-observables\runs\ring\k_06\K_0.40\seed_0014,OK
ring,0.40,,6,15,20260607,-7325197080977425499,outputs\fhn-sweep-T500-dt005-init05-observables\runs\ring\k_06\K_0.40\seed_0015,OK
ring,0.50,,6,1,20260607,-8998734702508313743,outputs\fhn-sweep-T500-dt005-init05-observables\runs\ring\k_06\K_0.50\seed_0001,OK
ring,0.50,,6,2,20260607,-8998734702508313742,outputs\fhn-sweep-T500-dt005-init05-observables\runs\ring\k_06\K_0.50\seed_0002,OK
ring,0.50,,6,3,20260607,-8998734702508313741,outputs\fhn-sweep-T500-dt005-init05-observables\runs\ring\k_06\K_0.50\seed_0003,OK
ring,0.50,,6,4,20260607,-8998734702508313740,outputs\fhn-sweep-T500-dt005-init05-observables\runs\ring\k_06\K_0.50\seed_0004,OK
ring,0.50,,6,5,20260607,-8998734702508313739,outputs\fhn-sweep-T500-dt005-init05-observables\runs\ring\k_06\K_0.50\seed_0005,OK
ring,0.50,,6,6,20260607,-8998734702508313738,outputs\fhn-sweep-T500-dt005-init05-observables\runs\ring\k_06\K_0.50\seed_0006,OK
ring,0.50,,6,7,20260607,-8998734702508313737,outputs\fhn-sweep-T500-dt005-init05-observables\runs\ring\k_06\K_0.50\seed_0007,OK
ring,0.50,,6,8,20260607,-8998734702508313736,outputs\fhn-sweep-T500-dt005-init05-observables\runs\ring\k_06\K_0.50\seed_0008,OK
ring,0.50,,6,9,20260607,-8998734702508313735,outputs\fhn-sweep-T500-dt005-init05-observables\runs\ring\k_06\K_0.50\seed_0009,OK
ring,0.50,,6,10,20260607,-8998734702508313734,outputs\fhn-sweep-T500-dt005-init05-observables\runs\ring\k_06\K_0.50\seed_0010,OK
ring,0.50,,6,11,20260607,-8998734702508313733,outputs\fhn-sweep-T500-dt005-init05-observables\runs\ring\k_06\K_0.50\seed_0011,OK
ring,0.50,,6,12,20260607,-8998734702508313732,outputs\fhn-sweep-T500-dt005-init05-observables\runs\ring\k_06\K_0.50\seed_0012,OK
ring,0.50,,6,13,20260607,-8998734702508313731,outputs\fhn-sweep-T500-dt005-init05-observables\runs\ring\k_06\K_0.50\seed_0013,OK
ring,0.50,,6,14,20260607,-8998734702508313730,outputs\fhn-sweep-T500-dt005-init05-observables\runs\ring\k_06\K_0.50\seed_0014,OK
ring,0.50,,6,15,20260607,-8998734702508313729,outputs\fhn-sweep-T500-dt005-init05-observables\runs\ring\k_06\K_0.50\seed_0015,OK
ring,0.60,,6,2,20260607,-612131476418982049,outputs\fhn-sweep-T500-dt005-init05-observables\runs\ring\k_06\K_0.60\seed_0002,OK
ring,0.60,,6,1,20260607,-612131476418982050,outputs\fhn-sweep-T500-dt005-init05-observables\runs\ring\k_06\K_0.60\seed_0001,OK
ring,0.60,,6,3,20260607,-612131476418982048,outputs\fhn-sweep-T500-dt005-init05-observables\runs\ring\k_06\K_0.60\seed_0003,OK
ring,0.60,,6,4,20260607,-612131476418982047,outputs\fhn-sweep-T500-dt005-init05-observables\runs\ring\k_06\K_0.60\seed_0004,OK
ring,0.60,,6,5,20260607,-612131476418982046,outputs\fhn-sweep-T500-dt005-init05-observables\runs\ring\k_06\K_0.60\seed_0005,OK
ring,0.60,,6,6,20260607,-612131476418982045,outputs\fhn-sweep-T500-dt005-init05-observables\runs\ring\k_06\K_0.60\seed_0006,OK
ring,0.60,,6,7,20260607,-612131476418982044,outputs\fhn-sweep-T500-dt005-init05-observables\runs\ring\k_06\K_0.60\seed_0007,OK
ring,0.60,,6,8,20260607,-612131476418982043,outputs\fhn-sweep-T500-dt005-init05-observables\runs\ring\k_06\K_0.60\seed_0008,OK
ring,0.60,,6,9,20260607,-612131476418982042,outputs\fhn-sweep-T500-dt005-init05-observables\runs\ring\k_06\K_0.60\seed_0009,OK
ring,0.60,,6,10,20260607,-612131476418982041,outputs\fhn-sweep-T500-dt005-init05-observables\runs\ring\k_06\K_0.60\seed_0010,OK
ring,0.60,,6,11,20260607,-612131476418982040,outputs\fhn-sweep-T500-dt005-init05-observables\runs\ring\k_06\K_0.60\seed_0011,OK
ring,0.60,,6,12,20260607,-612131476418982039,outputs\fhn-sweep-T500-dt005-init05-observables\runs\ring\k_06\K_0.60\seed_0012,OK
ring,0.60,,6,13,20260607,-612131476418982038,outputs\fhn-sweep-T500-dt005-init05-observables\runs\ring\k_06\K_0.60\seed_0013,OK
ring,0.60,,6,14,20260607,-612131476418982037,outputs\fhn-sweep-T500-dt005-init05-observables\runs\ring\k_06\K_0.60\seed_0014,OK
ring,0.60,,6,15,20260607,-612131476418982036,outputs\fhn-sweep-T500-dt005-init05-observables\runs\ring\k_06\K_0.60\seed_0015,OK
ring,0.70,,6,2,20260607,7774471749670349644,outputs\fhn-sweep-T500-dt005-init05-observables\runs\ring\k_06\K_0.70\seed_0002,OK
ring,0.70,,6,1,20260607,7774471749670349643,outputs\fhn-sweep-T500-dt005-init05-observables\runs\ring\k_06\K_0.70\seed_0001,OK
ring,0.70,,6,3,20260607,7774471749670349645,outputs\fhn-sweep-T500-dt005-init05-observables\runs\ring\k_06\K_0.70\seed_0003,OK
ring,0.70,,6,4,20260607,7774471749670349646,outputs\fhn-sweep-T500-dt005-init05-observables\runs\ring\k_06\K_0.70\seed_0004,OK
ring,0.70,,6,5,20260607,7774471749670349647,outputs\fhn-sweep-T500-dt005-init05-observables\runs\ring\k_06\K_0.70\seed_0005,OK
ring,0.70,,6,7,20260607,7774471749670349649,outputs\fhn-sweep-T500-dt005-init05-observables\runs\ring\k_06\K_0.70\seed_0007,OK
ring,0.70,,6,6,20260607,7774471749670349648,outputs\fhn-sweep-T500-dt005-init05-observables\runs\ring\k_06\K_0.70\seed_0006,OK
ring,0.70,,6,8,20260607,7774471749670349650,outputs\fhn-sweep-T500-dt005-init05-observables\runs\ring\k_06\K_0.70\seed_0008,OK
ring,0.70,,6,9,20260607,7774471749670349651,outputs\fhn-sweep-T500-dt005-init05-observables\runs\ring\k_06\K_0.70\seed_0009,OK
ring,0.70,,6,10,20260607,7774471749670349652,outputs\fhn-sweep-T500-dt005-init05-observables\runs\ring\k_06\K_0.70\seed_0010,OK
ring,0.70,,6,11,20260607,7774471749670349653,outputs\fhn-sweep-T500-dt005-init05-observables\runs\ring\k_06\K_0.70\seed_0011,OK
ring,0.70,,6,12,20260607,7774471749670349654,outputs\fhn-sweep-T500-dt005-init05-observables\runs\ring\k_06\K_0.70\seed_0012,OK
ring,0.70,,6,13,20260607,7774471749670349655,outputs\fhn-sweep-T500-dt005-init05-observables\runs\ring\k_06\K_0.70\seed_0013,OK
ring,0.70,,6,14,20260607,7774471749670349656,outputs\fhn-sweep-T500-dt005-init05-observables\runs\ring\k_06\K_0.70\seed_0014,OK
ring,0.70,,6,15,20260607,7774471749670349657,outputs\fhn-sweep-T500-dt005-init05-observables\runs\ring\k_06\K_0.70\seed_0015,OK
ring,0.80,,6,1,20260607,-2285669097949840489,outputs\fhn-sweep-T500-dt005-init05-observables\runs\ring\k_06\K_0.80\seed_0001,OK
ring,0.80,,6,2,20260607,-2285669097949840488,outputs\fhn-sweep-T500-dt005-init05-observables\runs\ring\k_06\K_0.80\seed_0002,OK
ring,0.80,,6,3,20260607,-2285669097949840487,outputs\fhn-sweep-T500-dt005-init05-observables\runs\ring\k_06\K_0.80\seed_0003,OK
ring,0.80,,6,4,20260607,-2285669097949840486,outputs\fhn-sweep-T500-dt005-init05-observables\runs\ring\k_06\K_0.80\seed_0004,OK
ring,0.80,,6,5,20260607,-2285669097949840485,outputs\fhn-sweep-T500-dt005-init05-observables\runs\ring\k_06\K_0.80\seed_0005,OK
ring,0.80,,6,6,20260607,-2285669097949840484,outputs\fhn-sweep-T500-dt005-init05-observables\runs\ring\k_06\K_0.80\seed_0006,OK
ring,0.80,,6,7,20260607,-2285669097949840483,outputs\fhn-sweep-T500-dt005-init05-observables\runs\ring\k_06\K_0.80\seed_0007,OK
ring,0.80,,6,8,20260607,-2285669097949840482,outputs\fhn-sweep-T500-dt005-init05-observables\runs\ring\k_06\K_0.80\seed_0008,OK
ring,0.80,,6,9,20260607,-2285669097949840481,outputs\fhn-sweep-T500-dt005-init05-observables\runs\ring\k_06\K_0.80\seed_0009,OK
ring,0.80,,6,10,20260607,-2285669097949840480,outputs\fhn-sweep-T500-dt005-init05-observables\runs\ring\k_06\K_0.80\seed_0010,OK
ring,0.80,,6,11,20260607,-2285669097949840479,outputs\fhn-sweep-T500-dt005-init05-observables\runs\ring\k_06\K_0.80\seed_0011,OK
ring,0.80,,6,12,20260607,-2285669097949840478,outputs\fhn-sweep-T500-dt005-init05-observables\runs\ring\k_06\K_0.80\seed_0012,OK
ring,0.80,,6,13,20260607,-2285669097949840477,outputs\fhn-sweep-T500-dt005-init05-observables\runs\ring\k_06\K_0.80\seed_0013,OK
ring,0.80,,6,14,20260607,-2285669097949840476,outputs\fhn-sweep-T500-dt005-init05-observables\runs\ring\k_06\K_0.80\seed_0014,OK
ring,0.80,,6,15,20260607,-2285669097949840475,outputs\fhn-sweep-T500-dt005-init05-observables\runs\ring\k_06\K_0.80\seed_0015,OK
ring,0.90,,6,1,20260607,6100934128139491204,outputs\fhn-sweep-T500-dt005-init05-observables\runs\ring\k_06\K_0.90\seed_0001,OK
ring,0.90,,6,2,20260607,6100934128139491205,outputs\fhn-sweep-T500-dt005-init05-observables\runs\ring\k_06\K_0.90\seed_0002,OK
ring,0.90,,6,3,20260607,6100934128139491206,outputs\fhn-sweep-T500-dt005-init05-observables\runs\ring\k_06\K_0.90\seed_0003,OK
ring,0.90,,6,4,20260607,6100934128139491207,outputs\fhn-sweep-T500-dt005-init05-observables\runs\ring\k_06\K_0.90\seed_0004,OK
ring,0.90,,6,5,20260607,6100934128139491208,outputs\fhn-sweep-T500-dt005-init05-observables\runs\ring\k_06\K_0.90\seed_0005,OK
ring,0.90,,6,7,20260607,6100934128139491210,outputs\fhn-sweep-T500-dt005-init05-observables\runs\ring\k_06\K_0.90\seed_0007,OK
ring,0.90,,6,6,20260607,6100934128139491209,outputs\fhn-sweep-T500-dt005-init05-observables\runs\ring\k_06\K_0.90\seed_0006,OK
ring,0.90,,6,8,20260607,6100934128139491211,outputs\fhn-sweep-T500-dt005-init05-observables\runs\ring\k_06\K_0.90\seed_0008,OK
ring,0.90,,6,9,20260607,6100934128139491212,outputs\fhn-sweep-T500-dt005-init05-observables\runs\ring\k_06\K_0.90\seed_0009,OK
ring,0.90,,6,10,20260607,6100934128139491213,outputs\fhn-sweep-T500-dt005-init05-observables\runs\ring\k_06\K_0.90\seed_0010,OK
ring,0.90,,6,12,20260607,6100934128139491215,outputs\fhn-sweep-T500-dt005-init05-observables\runs\ring\k_06\K_0.90\seed_0012,OK
ring,0.90,,6,11,20260607,6100934128139491214,outputs\fhn-sweep-T500-dt005-init05-observables\runs\ring\k_06\K_0.90\seed_0011,OK
ring,0.90,,6,13,20260607,6100934128139491216,outputs\fhn-sweep-T500-dt005-init05-observables\runs\ring\k_06\K_0.90\seed_0013,OK
ring,0.90,,6,14,20260607,6100934128139491217,outputs\fhn-sweep-T500-dt005-init05-observables\runs\ring\k_06\K_0.90\seed_0014,OK
ring,0.90,,6,15,20260607,6100934128139491218,outputs\fhn-sweep-T500-dt005-init05-observables\runs\ring\k_06\K_0.90\seed_0015,OK
ring,1.00,,6,1,20260607,-3959206719480728719,outputs\fhn-sweep-T500-dt005-init05-observables\runs\ring\k_06\K_1.00\seed_0001,OK
ring,1.00,,6,2,20260607,-3959206719480728718,outputs\fhn-sweep-T500-dt005-init05-observables\runs\ring\k_06\K_1.00\seed_0002,OK
ring,1.00,,6,3,20260607,-3959206719480728717,outputs\fhn-sweep-T500-dt005-init05-observables\runs\ring\k_06\K_1.00\seed_0003,OK
ring,1.00,,6,4,20260607,-3959206719480728716,outputs\fhn-sweep-T500-dt005-init05-observables\runs\ring\k_06\K_1.00\seed_0004,OK
ring,1.00,,6,5,20260607,-3959206719480728715,outputs\fhn-sweep-T500-dt005-init05-observables\runs\ring\k_06\K_1.00\seed_0005,OK
ring,1.00,,6,6,20260607,-3959206719480728714,outputs\fhn-sweep-T500-dt005-init05-observables\runs\ring\k_06\K_1.00\seed_0006,OK
ring,1.00,,6,7,20260607,-3959206719480728713,outputs\fhn-sweep-T500-dt005-init05-observables\runs\ring\k_06\K_1.00\seed_0007,OK
ring,1.00,,6,8,20260607,-3959206719480728712,outputs\fhn-sweep-T500-dt005-init05-observables\runs\ring\k_06\K_1.00\seed_0008,OK
ring,1.00,,6,9,20260607,-3959206719480728711,outputs\fhn-sweep-T500-dt005-init05-observables\runs\ring\k_06\K_1.00\seed_0009,OK
ring,1.00,,6,10,20260607,-3959206719480728710,outputs\fhn-sweep-T500-dt005-init05-observables\runs\ring\k_06\K_1.00\seed_0010,OK
ring,1.00,,6,11,20260607,-3959206719480728709,outputs\fhn-sweep-T500-dt005-init05-observables\runs\ring\k_06\K_1.00\seed_0011,OK
ring,1.00,,6,12,20260607,-3959206719480728708,outputs\fhn-sweep-T500-dt005-init05-observables\runs\ring\k_06\K_1.00\seed_0012,OK
ring,1.00,,6,13,20260607,-3959206719480728707,outputs\fhn-sweep-T500-dt005-init05-observables\runs\ring\k_06\K_1.00\seed_0013,OK
ring,1.00,,6,14,20260607,-3959206719480728706,outputs\fhn-sweep-T500-dt005-init05-observables\runs\ring\k_06\K_1.00\seed_0014,OK
ring,1.00,,6,15,20260607,-3959206719480728705,outputs\fhn-sweep-T500-dt005-init05-observables\runs\ring\k_06\K_1.00\seed_0015,OK
ring,0.00,,7,2,20260607,5692007281974244241,outputs\fhn-sweep-T500-dt005-init05-observables\runs\ring\k_07\K_0.00\seed_0002,OK
ring,0.00,,7,3,20260607,5692007281974244242,outputs\fhn-sweep-T500-dt005-init05-observables\runs\ring\k_07\K_0.00\seed_0003,OK
ring,0.00,,7,1,20260607,5692007281974244240,outputs\fhn-sweep-T500-dt005-init05-observables\runs\ring\k_07\K_0.00\seed_0001,OK
ring,0.00,,7,4,20260607,5692007281974244243,outputs\fhn-sweep-T500-dt005-init05-observables\runs\ring\k_07\K_0.00\seed_0004,OK
ring,0.00,,7,5,20260607,5692007281974244244,outputs\fhn-sweep-T500-dt005-init05-observables\runs\ring\k_07\K_0.00\seed_0005,OK
ring,0.00,,7,6,20260607,5692007281974244245,outputs\fhn-sweep-T500-dt005-init05-observables\runs\ring\k_07\K_0.00\seed_0006,OK
ring,0.00,,7,7,20260607,5692007281974244246,outputs\fhn-sweep-T500-dt005-init05-observables\runs\ring\k_07\K_0.00\seed_0007,OK
ring,0.00,,7,8,20260607,5692007281974244247,outputs\fhn-sweep-T500-dt005-init05-observables\runs\ring\k_07\K_0.00\seed_0008,OK
ring,0.00,,7,9,20260607,5692007281974244248,outputs\fhn-sweep-T500-dt005-init05-observables\runs\ring\k_07\K_0.00\seed_0009,OK
ring,0.00,,7,10,20260607,5692007281974244249,outputs\fhn-sweep-T500-dt005-init05-observables\runs\ring\k_07\K_0.00\seed_0010,OK
ring,0.00,,7,11,20260607,5692007281974244250,outputs\fhn-sweep-T500-dt005-init05-observables\runs\ring\k_07\K_0.00\seed_0011,OK
ring,0.00,,7,12,20260607,5692007281974244251,outputs\fhn-sweep-T500-dt005-init05-observables\runs\ring\k_07\K_0.00\seed_0012,OK
ring,0.00,,7,13,20260607,5692007281974244252,outputs\fhn-sweep-T500-dt005-init05-observables\runs\ring\k_07\K_0.00\seed_0013,OK
ring,0.00,,7,14,20260607,5692007281974244253,outputs\fhn-sweep-T500-dt005-init05-observables\runs\ring\k_07\K_0.00\seed_0014,OK
ring,0.00,,7,15,20260607,5692007281974244254,outputs\fhn-sweep-T500-dt005-init05-observables\runs\ring\k_07\K_0.00\seed_0015,OK
ring,0.10,,7,1,20260607,1042491026676956086,outputs\fhn-sweep-T500-dt005-init05-observables\runs\ring\k_07\K_0.10\seed_0001,OK
ring,0.10,,7,2,20260607,1042491026676956087,outputs\fhn-sweep-T500-dt005-init05-observables\runs\ring\k_07\K_0.10\seed_0002,OK
ring,0.10,,7,3,20260607,1042491026676956088,outputs\fhn-sweep-T500-dt005-init05-observables\runs\ring\k_07\K_0.10\seed_0003,OK
ring,0.10,,7,4,20260607,1042491026676956089,outputs\fhn-sweep-T500-dt005-init05-observables\runs\ring\k_07\K_0.10\seed_0004,OK
ring,0.10,,7,5,20260607,1042491026676956090,outputs\fhn-sweep-T500-dt005-init05-observables\runs\ring\k_07\K_0.10\seed_0005,OK
ring,0.10,,7,6,20260607,1042491026676956091,outputs\fhn-sweep-T500-dt005-init05-observables\runs\ring\k_07\K_0.10\seed_0006,OK
ring,0.10,,7,7,20260607,1042491026676956092,outputs\fhn-sweep-T500-dt005-init05-observables\runs\ring\k_07\K_0.10\seed_0007,OK
ring,0.10,,7,8,20260607,1042491026676956093,outputs\fhn-sweep-T500-dt005-init05-observables\runs\ring\k_07\K_0.10\seed_0008,OK
ring,0.10,,7,9,20260607,1042491026676956094,outputs\fhn-sweep-T500-dt005-init05-observables\runs\ring\k_07\K_0.10\seed_0009,OK
ring,0.10,,7,10,20260607,1042491026676956095,outputs\fhn-sweep-T500-dt005-init05-observables\runs\ring\k_07\K_0.10\seed_0010,OK
ring,0.10,,7,11,20260607,1042491026676956096,outputs\fhn-sweep-T500-dt005-init05-observables\runs\ring\k_07\K_0.10\seed_0011,OK
ring,0.10,,7,12,20260607,1042491026676956097,outputs\fhn-sweep-T500-dt005-init05-observables\runs\ring\k_07\K_0.10\seed_0012,OK
ring,0.10,,7,13,20260607,1042491026676956098,outputs\fhn-sweep-T500-dt005-init05-observables\runs\ring\k_07\K_0.10\seed_0013,OK
ring,0.10,,7,14,20260607,1042491026676956099,outputs\fhn-sweep-T500-dt005-init05-observables\runs\ring\k_07\K_0.10\seed_0014,OK
ring,0.10,,7,15,20260607,1042491026676956100,outputs\fhn-sweep-T500-dt005-init05-observables\runs\ring\k_07\K_0.10\seed_0015,OK
ring,0.20,,7,1,20260607,6082019009704541110,outputs\fhn-sweep-T500-dt005-init05-observables\runs\ring\k_07\K_0.20\seed_0001,OK
ring,0.20,,7,2,20260607,6082019009704541111,outputs\fhn-sweep-T500-dt005-init05-observables\runs\ring\k_07\K_0.20\seed_0002,OK
ring,0.20,,7,3,20260607,6082019009704541112,outputs\fhn-sweep-T500-dt005-init05-observables\runs\ring\k_07\K_0.20\seed_0003,OK
ring,0.20,,7,4,20260607,6082019009704541113,outputs\fhn-sweep-T500-dt005-init05-observables\runs\ring\k_07\K_0.20\seed_0004,OK
ring,0.20,,7,5,20260607,6082019009704541114,outputs\fhn-sweep-T500-dt005-init05-observables\runs\ring\k_07\K_0.20\seed_0005,OK
ring,0.20,,7,6,20260607,6082019009704541115,outputs\fhn-sweep-T500-dt005-init05-observables\runs\ring\k_07\K_0.20\seed_0006,OK
ring,0.20,,7,7,20260607,6082019009704541116,outputs\fhn-sweep-T500-dt005-init05-observables\runs\ring\k_07\K_0.20\seed_0007,OK
ring,0.20,,7,8,20260607,6082019009704541117,outputs\fhn-sweep-T500-dt005-init05-observables\runs\ring\k_07\K_0.20\seed_0008,OK
ring,0.20,,7,9,20260607,6082019009704541118,outputs\fhn-sweep-T500-dt005-init05-observables\runs\ring\k_07\K_0.20\seed_0009,OK
ring,0.20,,7,10,20260607,6082019009704541119,outputs\fhn-sweep-T500-dt005-init05-observables\runs\ring\k_07\K_0.20\seed_0010,OK
ring,0.20,,7,11,20260607,6082019009704541120,outputs\fhn-sweep-T500-dt005-init05-observables\runs\ring\k_07\K_0.20\seed_0011,OK
ring,0.20,,7,12,20260607,6082019009704541121,outputs\fhn-sweep-T500-dt005-init05-observables\runs\ring\k_07\K_0.20\seed_0012,OK
ring,0.20,,7,13,20260607,6082019009704541122,outputs\fhn-sweep-T500-dt005-init05-observables\runs\ring\k_07\K_0.20\seed_0013,OK
ring,0.20,,7,14,20260607,6082019009704541123,outputs\fhn-sweep-T500-dt005-init05-observables\runs\ring\k_07\K_0.20\seed_0014,OK
ring,0.20,,7,15,20260607,6082019009704541124,outputs\fhn-sweep-T500-dt005-init05-observables\runs\ring\k_07\K_0.20\seed_0015,OK
ring,0.30,,7,1,20260607,-5651659459446567043,outputs\fhn-sweep-T500-dt005-init05-observables\runs\ring\k_07\K_0.30\seed_0001,OK
ring,0.30,,7,2,20260607,-5651659459446567042,outputs\fhn-sweep-T500-dt005-init05-observables\runs\ring\k_07\K_0.30\seed_0002,OK
ring,0.30,,7,3,20260607,-5651659459446567041,outputs\fhn-sweep-T500-dt005-init05-observables\runs\ring\k_07\K_0.30\seed_0003,OK
ring,0.30,,7,4,20260607,-5651659459446567040,outputs\fhn-sweep-T500-dt005-init05-observables\runs\ring\k_07\K_0.30\seed_0004,OK
ring,0.30,,7,5,20260607,-5651659459446567039,outputs\fhn-sweep-T500-dt005-init05-observables\runs\ring\k_07\K_0.30\seed_0005,OK
ring,0.30,,7,6,20260607,-5651659459446567038,outputs\fhn-sweep-T500-dt005-init05-observables\runs\ring\k_07\K_0.30\seed_0006,OK
ring,0.30,,7,7,20260607,-5651659459446567037,outputs\fhn-sweep-T500-dt005-init05-observables\runs\ring\k_07\K_0.30\seed_0007,OK
ring,0.30,,7,8,20260607,-5651659459446567036,outputs\fhn-sweep-T500-dt005-init05-observables\runs\ring\k_07\K_0.30\seed_0008,OK
ring,0.30,,7,9,20260607,-5651659459446567035,outputs\fhn-sweep-T500-dt005-init05-observables\runs\ring\k_07\K_0.30\seed_0009,OK
ring,0.30,,7,10,20260607,-5651659459446567034,outputs\fhn-sweep-T500-dt005-init05-observables\runs\ring\k_07\K_0.30\seed_0010,OK
ring,0.30,,7,11,20260607,-5651659459446567033,outputs\fhn-sweep-T500-dt005-init05-observables\runs\ring\k_07\K_0.30\seed_0011,OK
ring,0.30,,7,12,20260607,-5651659459446567032,outputs\fhn-sweep-T500-dt005-init05-observables\runs\ring\k_07\K_0.30\seed_0012,OK
ring,0.30,,7,13,20260607,-5651659459446567031,outputs\fhn-sweep-T500-dt005-init05-observables\runs\ring\k_07\K_0.30\seed_0013,OK
ring,0.30,,7,14,20260607,-5651659459446567030,outputs\fhn-sweep-T500-dt005-init05-observables\runs\ring\k_07\K_0.30\seed_0014,OK
ring,0.30,,7,15,20260607,-5651659459446567029,outputs\fhn-sweep-T500-dt005-init05-observables\runs\ring\k_07\K_0.30\seed_0015,OK
ring,0.40,,7,1,20260607,-7325197080977425482,outputs\fhn-sweep-T500-dt005-init05-observables\runs\ring\k_07\K_0.40\seed_0001,OK
ring,0.40,,7,2,20260607,-7325197080977425481,outputs\fhn-sweep-T500-dt005-init05-observables\runs\ring\k_07\K_0.40\seed_0002,OK
ring,0.40,,7,3,20260607,-7325197080977425480,outputs\fhn-sweep-T500-dt005-init05-observables\runs\ring\k_07\K_0.40\seed_0003,OK
ring,0.40,,7,4,20260607,-7325197080977425479,outputs\fhn-sweep-T500-dt005-init05-observables\runs\ring\k_07\K_0.40\seed_0004,OK
ring,0.40,,7,5,20260607,-7325197080977425478,outputs\fhn-sweep-T500-dt005-init05-observables\runs\ring\k_07\K_0.40\seed_0005,OK
ring,0.40,,7,6,20260607,-7325197080977425477,outputs\fhn-sweep-T500-dt005-init05-observables\runs\ring\k_07\K_0.40\seed_0006,OK
ring,0.40,,7,7,20260607,-7325197080977425476,outputs\fhn-sweep-T500-dt005-init05-observables\runs\ring\k_07\K_0.40\seed_0007,OK
ring,0.40,,7,8,20260607,-7325197080977425475,outputs\fhn-sweep-T500-dt005-init05-observables\runs\ring\k_07\K_0.40\seed_0008,OK
ring,0.40,,7,9,20260607,-7325197080977425474,outputs\fhn-sweep-T500-dt005-init05-observables\runs\ring\k_07\K_0.40\seed_0009,OK
ring,0.40,,7,10,20260607,-7325197080977425473,outputs\fhn-sweep-T500-dt005-init05-observables\runs\ring\k_07\K_0.40\seed_0010,OK
ring,0.40,,7,11,20260607,-7325197080977425472,outputs\fhn-sweep-T500-dt005-init05-observables\runs\ring\k_07\K_0.40\seed_0011,OK
ring,0.40,,7,12,20260607,-7325197080977425471,outputs\fhn-sweep-T500-dt005-init05-observables\runs\ring\k_07\K_0.40\seed_0012,OK
ring,0.40,,7,13,20260607,-7325197080977425470,outputs\fhn-sweep-T500-dt005-init05-observables\runs\ring\k_07\K_0.40\seed_0013,OK
ring,0.40,,7,14,20260607,-7325197080977425469,outputs\fhn-sweep-T500-dt005-init05-observables\runs\ring\k_07\K_0.40\seed_0014,OK
ring,0.40,,7,15,20260607,-7325197080977425468,outputs\fhn-sweep-T500-dt005-init05-observables\runs\ring\k_07\K_0.40\seed_0015,OK
ring,0.50,,7,1,20260607,-8998734702508313712,outputs\fhn-sweep-T500-dt005-init05-observables\runs\ring\k_07\K_0.50\seed_0001,OK
ring,0.50,,7,2,20260607,-8998734702508313711,outputs\fhn-sweep-T500-dt005-init05-observables\runs\ring\k_07\K_0.50\seed_0002,OK
ring,0.50,,7,3,20260607,-8998734702508313710,outputs\fhn-sweep-T500-dt005-init05-observables\runs\ring\k_07\K_0.50\seed_0003,OK
ring,0.50,,7,4,20260607,-8998734702508313709,outputs\fhn-sweep-T500-dt005-init05-observables\runs\ring\k_07\K_0.50\seed_0004,OK
ring,0.50,,7,5,20260607,-8998734702508313708,outputs\fhn-sweep-T500-dt005-init05-observables\runs\ring\k_07\K_0.50\seed_0005,OK
ring,0.50,,7,6,20260607,-8998734702508313707,outputs\fhn-sweep-T500-dt005-init05-observables\runs\ring\k_07\K_0.50\seed_0006,OK
ring,0.50,,7,7,20260607,-8998734702508313706,outputs\fhn-sweep-T500-dt005-init05-observables\runs\ring\k_07\K_0.50\seed_0007,OK
ring,0.50,,7,8,20260607,-8998734702508313705,outputs\fhn-sweep-T500-dt005-init05-observables\runs\ring\k_07\K_0.50\seed_0008,OK
ring,0.50,,7,9,20260607,-8998734702508313704,outputs\fhn-sweep-T500-dt005-init05-observables\runs\ring\k_07\K_0.50\seed_0009,OK
ring,0.50,,7,10,20260607,-8998734702508313703,outputs\fhn-sweep-T500-dt005-init05-observables\runs\ring\k_07\K_0.50\seed_0010,OK
ring,0.50,,7,11,20260607,-8998734702508313702,outputs\fhn-sweep-T500-dt005-init05-observables\runs\ring\k_07\K_0.50\seed_0011,OK
ring,0.50,,7,12,20260607,-8998734702508313701,outputs\fhn-sweep-T500-dt005-init05-observables\runs\ring\k_07\K_0.50\seed_0012,OK
ring,0.50,,7,13,20260607,-8998734702508313700,outputs\fhn-sweep-T500-dt005-init05-observables\runs\ring\k_07\K_0.50\seed_0013,OK
ring,0.50,,7,14,20260607,-8998734702508313699,outputs\fhn-sweep-T500-dt005-init05-observables\runs\ring\k_07\K_0.50\seed_0014,OK
ring,0.50,,7,15,20260607,-8998734702508313698,outputs\fhn-sweep-T500-dt005-init05-observables\runs\ring\k_07\K_0.50\seed_0015,OK
ring,0.60,,7,1,20260607,-612131476418982019,outputs\fhn-sweep-T500-dt005-init05-observables\runs\ring\k_07\K_0.60\seed_0001,OK
ring,0.60,,7,2,20260607,-612131476418982018,outputs\fhn-sweep-T500-dt005-init05-observables\runs\ring\k_07\K_0.60\seed_0002,OK
ring,0.60,,7,3,20260607,-612131476418982017,outputs\fhn-sweep-T500-dt005-init05-observables\runs\ring\k_07\K_0.60\seed_0003,OK
ring,0.60,,7,4,20260607,-612131476418982016,outputs\fhn-sweep-T500-dt005-init05-observables\runs\ring\k_07\K_0.60\seed_0004,OK
ring,0.60,,7,5,20260607,-612131476418982015,outputs\fhn-sweep-T500-dt005-init05-observables\runs\ring\k_07\K_0.60\seed_0005,OK
ring,0.60,,7,6,20260607,-612131476418982014,outputs\fhn-sweep-T500-dt005-init05-observables\runs\ring\k_07\K_0.60\seed_0006,OK
ring,0.60,,7,7,20260607,-612131476418982013,outputs\fhn-sweep-T500-dt005-init05-observables\runs\ring\k_07\K_0.60\seed_0007,OK
ring,0.60,,7,8,20260607,-612131476418982012,outputs\fhn-sweep-T500-dt005-init05-observables\runs\ring\k_07\K_0.60\seed_0008,OK
ring,0.60,,7,9,20260607,-612131476418982011,outputs\fhn-sweep-T500-dt005-init05-observables\runs\ring\k_07\K_0.60\seed_0009,OK
ring,0.60,,7,10,20260607,-612131476418982010,outputs\fhn-sweep-T500-dt005-init05-observables\runs\ring\k_07\K_0.60\seed_0010,OK
ring,0.60,,7,11,20260607,-612131476418982009,outputs\fhn-sweep-T500-dt005-init05-observables\runs\ring\k_07\K_0.60\seed_0011,OK
ring,0.60,,7,12,20260607,-612131476418982008,outputs\fhn-sweep-T500-dt005-init05-observables\runs\ring\k_07\K_0.60\seed_0012,OK
ring,0.60,,7,13,20260607,-612131476418982007,outputs\fhn-sweep-T500-dt005-init05-observables\runs\ring\k_07\K_0.60\seed_0013,OK
ring,0.60,,7,14,20260607,-612131476418982006,outputs\fhn-sweep-T500-dt005-init05-observables\runs\ring\k_07\K_0.60\seed_0014,OK
ring,0.60,,7,15,20260607,-612131476418982005,outputs\fhn-sweep-T500-dt005-init05-observables\runs\ring\k_07\K_0.60\seed_0015,OK
ring,0.70,,7,1,20260607,7774471749670349674,outputs\fhn-sweep-T500-dt005-init05-observables\runs\ring\k_07\K_0.70\seed_0001,OK
ring,0.70,,7,2,20260607,7774471749670349675,outputs\fhn-sweep-T500-dt005-init05-observables\runs\ring\k_07\K_0.70\seed_0002,OK
ring,0.70,,7,3,20260607,7774471749670349676,outputs\fhn-sweep-T500-dt005-init05-observables\runs\ring\k_07\K_0.70\seed_0003,OK
ring,0.70,,7,4,20260607,7774471749670349677,outputs\fhn-sweep-T500-dt005-init05-observables\runs\ring\k_07\K_0.70\seed_0004,OK
ring,0.70,,7,5,20260607,7774471749670349678,outputs\fhn-sweep-T500-dt005-init05-observables\runs\ring\k_07\K_0.70\seed_0005,OK
ring,0.70,,7,6,20260607,7774471749670349679,outputs\fhn-sweep-T500-dt005-init05-observables\runs\ring\k_07\K_0.70\seed_0006,OK
ring,0.70,,7,7,20260607,7774471749670349680,outputs\fhn-sweep-T500-dt005-init05-observables\runs\ring\k_07\K_0.70\seed_0007,OK
ring,0.70,,7,8,20260607,7774471749670349681,outputs\fhn-sweep-T500-dt005-init05-observables\runs\ring\k_07\K_0.70\seed_0008,OK
ring,0.70,,7,9,20260607,7774471749670349682,outputs\fhn-sweep-T500-dt005-init05-observables\runs\ring\k_07\K_0.70\seed_0009,OK
ring,0.70,,7,10,20260607,7774471749670349683,outputs\fhn-sweep-T500-dt005-init05-observables\runs\ring\k_07\K_0.70\seed_0010,OK
ring,0.70,,7,11,20260607,7774471749670349684,outputs\fhn-sweep-T500-dt005-init05-observables\runs\ring\k_07\K_0.70\seed_0011,OK
ring,0.70,,7,12,20260607,7774471749670349685,outputs\fhn-sweep-T500-dt005-init05-observables\runs\ring\k_07\K_0.70\seed_0012,OK
ring,0.70,,7,13,20260607,7774471749670349686,outputs\fhn-sweep-T500-dt005-init05-observables\runs\ring\k_07\K_0.70\seed_0013,OK
ring,0.70,,7,14,20260607,7774471749670349687,outputs\fhn-sweep-T500-dt005-init05-observables\runs\ring\k_07\K_0.70\seed_0014,OK
ring,0.70,,7,15,20260607,7774471749670349688,outputs\fhn-sweep-T500-dt005-init05-observables\runs\ring\k_07\K_0.70\seed_0015,OK
ring,0.80,,7,1,20260607,-2285669097949840458,outputs\fhn-sweep-T500-dt005-init05-observables\runs\ring\k_07\K_0.80\seed_0001,OK
ring,0.80,,7,2,20260607,-2285669097949840457,outputs\fhn-sweep-T500-dt005-init05-observables\runs\ring\k_07\K_0.80\seed_0002,OK
ring,0.80,,7,3,20260607,-2285669097949840456,outputs\fhn-sweep-T500-dt005-init05-observables\runs\ring\k_07\K_0.80\seed_0003,OK
ring,0.80,,7,4,20260607,-2285669097949840455,outputs\fhn-sweep-T500-dt005-init05-observables\runs\ring\k_07\K_0.80\seed_0004,OK
ring,0.80,,7,5,20260607,-2285669097949840454,outputs\fhn-sweep-T500-dt005-init05-observables\runs\ring\k_07\K_0.80\seed_0005,OK
ring,0.80,,7,6,20260607,-2285669097949840453,outputs\fhn-sweep-T500-dt005-init05-observables\runs\ring\k_07\K_0.80\seed_0006,OK
ring,0.80,,7,7,20260607,-2285669097949840452,outputs\fhn-sweep-T500-dt005-init05-observables\runs\ring\k_07\K_0.80\seed_0007,OK
ring,0.80,,7,8,20260607,-2285669097949840451,outputs\fhn-sweep-T500-dt005-init05-observables\runs\ring\k_07\K_0.80\seed_0008,OK
ring,0.80,,7,9,20260607,-2285669097949840450,outputs\fhn-sweep-T500-dt005-init05-observables\runs\ring\k_07\K_0.80\seed_0009,OK
ring,0.80,,7,10,20260607,-2285669097949840449,outputs\fhn-sweep-T500-dt005-init05-observables\runs\ring\k_07\K_0.80\seed_0010,OK
ring,0.80,,7,11,20260607,-2285669097949840448,outputs\fhn-sweep-T500-dt005-init05-observables\runs\ring\k_07\K_0.80\seed_0011,OK
ring,0.80,,7,12,20260607,-2285669097949840447,outputs\fhn-sweep-T500-dt005-init05-observables\runs\ring\k_07\K_0.80\seed_0012,OK
ring,0.80,,7,13,20260607,-2285669097949840446,outputs\fhn-sweep-T500-dt005-init05-observables\runs\ring\k_07\K_0.80\seed_0013,OK
ring,0.80,,7,14,20260607,-2285669097949840445,outputs\fhn-sweep-T500-dt005-init05-observables\runs\ring\k_07\K_0.80\seed_0014,OK
ring,0.80,,7,15,20260607,-2285669097949840444,outputs\fhn-sweep-T500-dt005-init05-observables\runs\ring\k_07\K_0.80\seed_0015,OK
ring,0.90,,7,1,20260607,6100934128139491235,outputs\fhn-sweep-T500-dt005-init05-observables\runs\ring\k_07\K_0.90\seed_0001,OK
ring,0.90,,7,2,20260607,6100934128139491236,outputs\fhn-sweep-T500-dt005-init05-observables\runs\ring\k_07\K_0.90\seed_0002,OK
ring,0.90,,7,3,20260607,6100934128139491237,outputs\fhn-sweep-T500-dt005-init05-observables\runs\ring\k_07\K_0.90\seed_0003,OK
ring,0.90,,7,4,20260607,6100934128139491238,outputs\fhn-sweep-T500-dt005-init05-observables\runs\ring\k_07\K_0.90\seed_0004,OK
ring,0.90,,7,5,20260607,6100934128139491239,outputs\fhn-sweep-T500-dt005-init05-observables\runs\ring\k_07\K_0.90\seed_0005,OK
ring,0.90,,7,6,20260607,6100934128139491240,outputs\fhn-sweep-T500-dt005-init05-observables\runs\ring\k_07\K_0.90\seed_0006,OK
ring,0.90,,7,7,20260607,6100934128139491241,outputs\fhn-sweep-T500-dt005-init05-observables\runs\ring\k_07\K_0.90\seed_0007,OK
ring,0.90,,7,8,20260607,6100934128139491242,outputs\fhn-sweep-T500-dt005-init05-observables\runs\ring\k_07\K_0.90\seed_0008,OK
ring,0.90,,7,9,20260607,6100934128139491243,outputs\fhn-sweep-T500-dt005-init05-observables\runs\ring\k_07\K_0.90\seed_0009,OK
ring,0.90,,7,10,20260607,6100934128139491244,outputs\fhn-sweep-T500-dt005-init05-observables\runs\ring\k_07\K_0.90\seed_0010,OK
ring,0.90,,7,11,20260607,6100934128139491245,outputs\fhn-sweep-T500-dt005-init05-observables\runs\ring\k_07\K_0.90\seed_0011,OK
ring,0.90,,7,12,20260607,6100934128139491246,outputs\fhn-sweep-T500-dt005-init05-observables\runs\ring\k_07\K_0.90\seed_0012,OK
ring,0.90,,7,13,20260607,6100934128139491247,outputs\fhn-sweep-T500-dt005-init05-observables\runs\ring\k_07\K_0.90\seed_0013,OK
ring,0.90,,7,14,20260607,6100934128139491248,outputs\fhn-sweep-T500-dt005-init05-observables\runs\ring\k_07\K_0.90\seed_0014,OK
ring,0.90,,7,15,20260607,6100934128139491249,outputs\fhn-sweep-T500-dt005-init05-observables\runs\ring\k_07\K_0.90\seed_0015,OK
ring,1.00,,7,1,20260607,-3959206719480728688,outputs\fhn-sweep-T500-dt005-init05-observables\runs\ring\k_07\K_1.00\seed_0001,OK
ring,1.00,,7,2,20260607,-3959206719480728687,outputs\fhn-sweep-T500-dt005-init05-observables\runs\ring\k_07\K_1.00\seed_0002,OK
ring,1.00,,7,3,20260607,-3959206719480728686,outputs\fhn-sweep-T500-dt005-init05-observables\runs\ring\k_07\K_1.00\seed_0003,OK
ring,1.00,,7,4,20260607,-3959206719480728685,outputs\fhn-sweep-T500-dt005-init05-observables\runs\ring\k_07\K_1.00\seed_0004,OK
ring,1.00,,7,5,20260607,-3959206719480728684,outputs\fhn-sweep-T500-dt005-init05-observables\runs\ring\k_07\K_1.00\seed_0005,OK
ring,1.00,,7,6,20260607,-3959206719480728683,outputs\fhn-sweep-T500-dt005-init05-observables\runs\ring\k_07\K_1.00\seed_0006,OK
ring,1.00,,7,7,20260607,-3959206719480728682,outputs\fhn-sweep-T500-dt005-init05-observables\runs\ring\k_07\K_1.00\seed_0007,OK
ring,1.00,,7,8,20260607,-3959206719480728681,outputs\fhn-sweep-T500-dt005-init05-observables\runs\ring\k_07\K_1.00\seed_0008,OK
ring,1.00,,7,9,20260607,-3959206719480728680,outputs\fhn-sweep-T500-dt005-init05-observables\runs\ring\k_07\K_1.00\seed_0009,OK
ring,1.00,,7,10,20260607,-3959206719480728679,outputs\fhn-sweep-T500-dt005-init05-observables\runs\ring\k_07\K_1.00\seed_0010,OK
ring,1.00,,7,11,20260607,-3959206719480728678,outputs\fhn-sweep-T500-dt005-init05-observables\runs\ring\k_07\K_1.00\seed_0011,OK
ring,1.00,,7,12,20260607,-3959206719480728677,outputs\fhn-sweep-T500-dt005-init05-observables\runs\ring\k_07\K_1.00\seed_0012,OK
ring,1.00,,7,13,20260607,-3959206719480728676,outputs\fhn-sweep-T500-dt005-init05-observables\runs\ring\k_07\K_1.00\seed_0013,OK
ring,1.00,,7,14,20260607,-3959206719480728675,outputs\fhn-sweep-T500-dt005-init05-observables\runs\ring\k_07\K_1.00\seed_0014,OK
ring,1.00,,7,15,20260607,-3959206719480728674,outputs\fhn-sweep-T500-dt005-init05-observables\runs\ring\k_07\K_1.00\seed_0015,OK
ring,0.00,,8,1,20260607,5692007281974244271,outputs\fhn-sweep-T500-dt005-init05-observables\runs\ring\k_08\K_0.00\seed_0001,OK
ring,0.00,,8,2,20260607,5692007281974244272,outputs\fhn-sweep-T500-dt005-init05-observables\runs\ring\k_08\K_0.00\seed_0002,OK
ring,0.00,,8,3,20260607,5692007281974244273,outputs\fhn-sweep-T500-dt005-init05-observables\runs\ring\k_08\K_0.00\seed_0003,OK
ring,0.00,,8,4,20260607,5692007281974244274,outputs\fhn-sweep-T500-dt005-init05-observables\runs\ring\k_08\K_0.00\seed_0004,OK
ring,0.00,,8,5,20260607,5692007281974244275,outputs\fhn-sweep-T500-dt005-init05-observables\runs\ring\k_08\K_0.00\seed_0005,OK
ring,0.00,,8,6,20260607,5692007281974244276,outputs\fhn-sweep-T500-dt005-init05-observables\runs\ring\k_08\K_0.00\seed_0006,OK
ring,0.00,,8,7,20260607,5692007281974244277,outputs\fhn-sweep-T500-dt005-init05-observables\runs\ring\k_08\K_0.00\seed_0007,OK
ring,0.00,,8,8,20260607,5692007281974244278,outputs\fhn-sweep-T500-dt005-init05-observables\runs\ring\k_08\K_0.00\seed_0008,OK
ring,0.00,,8,9,20260607,5692007281974244279,outputs\fhn-sweep-T500-dt005-init05-observables\runs\ring\k_08\K_0.00\seed_0009,OK
ring,0.00,,8,10,20260607,5692007281974244280,outputs\fhn-sweep-T500-dt005-init05-observables\runs\ring\k_08\K_0.00\seed_0010,OK
ring,0.00,,8,12,20260607,5692007281974244282,outputs\fhn-sweep-T500-dt005-init05-observables\runs\ring\k_08\K_0.00\seed_0012,OK
ring,0.00,,8,11,20260607,5692007281974244281,outputs\fhn-sweep-T500-dt005-init05-observables\runs\ring\k_08\K_0.00\seed_0011,OK
ring,0.00,,8,13,20260607,5692007281974244283,outputs\fhn-sweep-T500-dt005-init05-observables\runs\ring\k_08\K_0.00\seed_0013,OK
ring,0.00,,8,14,20260607,5692007281974244284,outputs\fhn-sweep-T500-dt005-init05-observables\runs\ring\k_08\K_0.00\seed_0014,OK
ring,0.00,,8,15,20260607,5692007281974244285,outputs\fhn-sweep-T500-dt005-init05-observables\runs\ring\k_08\K_0.00\seed_0015,OK
ring,0.10,,8,1,20260607,1042491026676956117,outputs\fhn-sweep-T500-dt005-init05-observables\runs\ring\k_08\K_0.10\seed_0001,OK
ring,0.10,,8,2,20260607,1042491026676956118,outputs\fhn-sweep-T500-dt005-init05-observables\runs\ring\k_08\K_0.10\seed_0002,OK
ring,0.10,,8,3,20260607,1042491026676956119,outputs\fhn-sweep-T500-dt005-init05-observables\runs\ring\k_08\K_0.10\seed_0003,OK
ring,0.10,,8,4,20260607,1042491026676956120,outputs\fhn-sweep-T500-dt005-init05-observables\runs\ring\k_08\K_0.10\seed_0004,OK
ring,0.10,,8,5,20260607,1042491026676956121,outputs\fhn-sweep-T500-dt005-init05-observables\runs\ring\k_08\K_0.10\seed_0005,OK
ring,0.10,,8,6,20260607,1042491026676956122,outputs\fhn-sweep-T500-dt005-init05-observables\runs\ring\k_08\K_0.10\seed_0006,OK
ring,0.10,,8,7,20260607,1042491026676956123,outputs\fhn-sweep-T500-dt005-init05-observables\runs\ring\k_08\K_0.10\seed_0007,OK
ring,0.10,,8,8,20260607,1042491026676956124,outputs\fhn-sweep-T500-dt005-init05-observables\runs\ring\k_08\K_0.10\seed_0008,OK
ring,0.10,,8,9,20260607,1042491026676956125,outputs\fhn-sweep-T500-dt005-init05-observables\runs\ring\k_08\K_0.10\seed_0009,OK
ring,0.10,,8,10,20260607,1042491026676956126,outputs\fhn-sweep-T500-dt005-init05-observables\runs\ring\k_08\K_0.10\seed_0010,OK
ring,0.10,,8,11,20260607,1042491026676956127,outputs\fhn-sweep-T500-dt005-init05-observables\runs\ring\k_08\K_0.10\seed_0011,OK
ring,0.10,,8,12,20260607,1042491026676956128,outputs\fhn-sweep-T500-dt005-init05-observables\runs\ring\k_08\K_0.10\seed_0012,OK
ring,0.10,,8,13,20260607,1042491026676956129,outputs\fhn-sweep-T500-dt005-init05-observables\runs\ring\k_08\K_0.10\seed_0013,OK
ring,0.10,,8,14,20260607,1042491026676956130,outputs\fhn-sweep-T500-dt005-init05-observables\runs\ring\k_08\K_0.10\seed_0014,OK
ring,0.10,,8,15,20260607,1042491026676956131,outputs\fhn-sweep-T500-dt005-init05-observables\runs\ring\k_08\K_0.10\seed_0015,OK
ring,0.20,,8,1,20260607,6082019009704541141,outputs\fhn-sweep-T500-dt005-init05-observables\runs\ring\k_08\K_0.20\seed_0001,OK
ring,0.20,,8,2,20260607,6082019009704541142,outputs\fhn-sweep-T500-dt005-init05-observables\runs\ring\k_08\K_0.20\seed_0002,OK
ring,0.20,,8,3,20260607,6082019009704541143,outputs\fhn-sweep-T500-dt005-init05-observables\runs\ring\k_08\K_0.20\seed_0003,OK
ring,0.20,,8,4,20260607,6082019009704541144,outputs\fhn-sweep-T500-dt005-init05-observables\runs\ring\k_08\K_0.20\seed_0004,OK
ring,0.20,,8,5,20260607,6082019009704541145,outputs\fhn-sweep-T500-dt005-init05-observables\runs\ring\k_08\K_0.20\seed_0005,OK
ring,0.20,,8,6,20260607,6082019009704541146,outputs\fhn-sweep-T500-dt005-init05-observables\runs\ring\k_08\K_0.20\seed_0006,OK
ring,0.20,,8,7,20260607,6082019009704541147,outputs\fhn-sweep-T500-dt005-init05-observables\runs\ring\k_08\K_0.20\seed_0007,OK
ring,0.20,,8,8,20260607,6082019009704541148,outputs\fhn-sweep-T500-dt005-init05-observables\runs\ring\k_08\K_0.20\seed_0008,OK
ring,0.20,,8,9,20260607,6082019009704541149,outputs\fhn-sweep-T500-dt005-init05-observables\runs\ring\k_08\K_0.20\seed_0009,OK
ring,0.20,,8,10,20260607,6082019009704541150,outputs\fhn-sweep-T500-dt005-init05-observables\runs\ring\k_08\K_0.20\seed_0010,OK
ring,0.20,,8,11,20260607,6082019009704541151,outputs\fhn-sweep-T500-dt005-init05-observables\runs\ring\k_08\K_0.20\seed_0011,OK
ring,0.20,,8,12,20260607,6082019009704541152,outputs\fhn-sweep-T500-dt005-init05-observables\runs\ring\k_08\K_0.20\seed_0012,OK
ring,0.20,,8,13,20260607,6082019009704541153,outputs\fhn-sweep-T500-dt005-init05-observables\runs\ring\k_08\K_0.20\seed_0013,OK
ring,0.20,,8,14,20260607,6082019009704541154,outputs\fhn-sweep-T500-dt005-init05-observables\runs\ring\k_08\K_0.20\seed_0014,OK
ring,0.20,,8,15,20260607,6082019009704541155,outputs\fhn-sweep-T500-dt005-init05-observables\runs\ring\k_08\K_0.20\seed_0015,OK
ring,0.30,,8,1,20260607,-5651659459446567012,outputs\fhn-sweep-T500-dt005-init05-observables\runs\ring\k_08\K_0.30\seed_0001,OK
ring,0.30,,8,2,20260607,-5651659459446567011,outputs\fhn-sweep-T500-dt005-init05-observables\runs\ring\k_08\K_0.30\seed_0002,OK
ring,0.30,,8,3,20260607,-5651659459446567010,outputs\fhn-sweep-T500-dt005-init05-observables\runs\ring\k_08\K_0.30\seed_0003,OK
ring,0.30,,8,4,20260607,-5651659459446567009,outputs\fhn-sweep-T500-dt005-init05-observables\runs\ring\k_08\K_0.30\seed_0004,OK
ring,0.30,,8,5,20260607,-5651659459446567008,outputs\fhn-sweep-T500-dt005-init05-observables\runs\ring\k_08\K_0.30\seed_0005,OK
ring,0.30,,8,6,20260607,-5651659459446567007,outputs\fhn-sweep-T500-dt005-init05-observables\runs\ring\k_08\K_0.30\seed_0006,OK
ring,0.30,,8,7,20260607,-5651659459446567006,outputs\fhn-sweep-T500-dt005-init05-observables\runs\ring\k_08\K_0.30\seed_0007,OK
ring,0.30,,8,8,20260607,-5651659459446567005,outputs\fhn-sweep-T500-dt005-init05-observables\runs\ring\k_08\K_0.30\seed_0008,OK
ring,0.30,,8,9,20260607,-5651659459446567004,outputs\fhn-sweep-T500-dt005-init05-observables\runs\ring\k_08\K_0.30\seed_0009,OK
ring,0.30,,8,10,20260607,-5651659459446567003,outputs\fhn-sweep-T500-dt005-init05-observables\runs\ring\k_08\K_0.30\seed_0010,OK
ring,0.30,,8,11,20260607,-5651659459446567002,outputs\fhn-sweep-T500-dt005-init05-observables\runs\ring\k_08\K_0.30\seed_0011,OK
ring,0.30,,8,12,20260607,-5651659459446567001,outputs\fhn-sweep-T500-dt005-init05-observables\runs\ring\k_08\K_0.30\seed_0012,OK
ring,0.30,,8,13,20260607,-5651659459446567000,outputs\fhn-sweep-T500-dt005-init05-observables\runs\ring\k_08\K_0.30\seed_0013,OK
ring,0.30,,8,14,20260607,-5651659459446566999,outputs\fhn-sweep-T500-dt005-init05-observables\runs\ring\k_08\K_0.30\seed_0014,OK
ring,0.30,,8,15,20260607,-5651659459446566998,outputs\fhn-sweep-T500-dt005-init05-observables\runs\ring\k_08\K_0.30\seed_0015,OK
ring,0.40,,8,1,20260607,-7325197080977425451,outputs\fhn-sweep-T500-dt005-init05-observables\runs\ring\k_08\K_0.40\seed_0001,OK
ring,0.40,,8,2,20260607,-7325197080977425450,outputs\fhn-sweep-T500-dt005-init05-observables\runs\ring\k_08\K_0.40\seed_0002,OK
ring,0.40,,8,3,20260607,-7325197080977425449,outputs\fhn-sweep-T500-dt005-init05-observables\runs\ring\k_08\K_0.40\seed_0003,OK
ring,0.40,,8,4,20260607,-7325197080977425448,outputs\fhn-sweep-T500-dt005-init05-observables\runs\ring\k_08\K_0.40\seed_0004,OK
ring,0.40,,8,5,20260607,-7325197080977425447,outputs\fhn-sweep-T500-dt005-init05-observables\runs\ring\k_08\K_0.40\seed_0005,OK
ring,0.40,,8,6,20260607,-7325197080977425446,outputs\fhn-sweep-T500-dt005-init05-observables\runs\ring\k_08\K_0.40\seed_0006,OK
ring,0.40,,8,7,20260607,-7325197080977425445,outputs\fhn-sweep-T500-dt005-init05-observables\runs\ring\k_08\K_0.40\seed_0007,OK
ring,0.40,,8,8,20260607,-7325197080977425444,outputs\fhn-sweep-T500-dt005-init05-observables\runs\ring\k_08\K_0.40\seed_0008,OK
ring,0.40,,8,9,20260607,-7325197080977425443,outputs\fhn-sweep-T500-dt005-init05-observables\runs\ring\k_08\K_0.40\seed_0009,OK
ring,0.40,,8,10,20260607,-7325197080977425442,outputs\fhn-sweep-T500-dt005-init05-observables\runs\ring\k_08\K_0.40\seed_0010,OK
ring,0.40,,8,11,20260607,-7325197080977425441,outputs\fhn-sweep-T500-dt005-init05-observables\runs\ring\k_08\K_0.40\seed_0011,OK
ring,0.40,,8,12,20260607,-7325197080977425440,outputs\fhn-sweep-T500-dt005-init05-observables\runs\ring\k_08\K_0.40\seed_0012,OK
ring,0.40,,8,13,20260607,-7325197080977425439,outputs\fhn-sweep-T500-dt005-init05-observables\runs\ring\k_08\K_0.40\seed_0013,OK
ring,0.40,,8,14,20260607,-7325197080977425438,outputs\fhn-sweep-T500-dt005-init05-observables\runs\ring\k_08\K_0.40\seed_0014,OK
ring,0.40,,8,15,20260607,-7325197080977425437,outputs\fhn-sweep-T500-dt005-init05-observables\runs\ring\k_08\K_0.40\seed_0015,OK
ring,0.50,,8,1,20260607,-8998734702508313681,outputs\fhn-sweep-T500-dt005-init05-observables\runs\ring\k_08\K_0.50\seed_0001,OK
ring,0.50,,8,2,20260607,-8998734702508313680,outputs\fhn-sweep-T500-dt005-init05-observables\runs\ring\k_08\K_0.50\seed_0002,OK
ring,0.50,,8,3,20260607,-8998734702508313679,outputs\fhn-sweep-T500-dt005-init05-observables\runs\ring\k_08\K_0.50\seed_0003,OK
ring,0.50,,8,4,20260607,-8998734702508313678,outputs\fhn-sweep-T500-dt005-init05-observables\runs\ring\k_08\K_0.50\seed_0004,OK
ring,0.50,,8,5,20260607,-8998734702508313677,outputs\fhn-sweep-T500-dt005-init05-observables\runs\ring\k_08\K_0.50\seed_0005,OK
ring,0.50,,8,6,20260607,-8998734702508313676,outputs\fhn-sweep-T500-dt005-init05-observables\runs\ring\k_08\K_0.50\seed_0006,OK
ring,0.50,,8,7,20260607,-8998734702508313675,outputs\fhn-sweep-T500-dt005-init05-observables\runs\ring\k_08\K_0.50\seed_0007,OK
ring,0.50,,8,8,20260607,-8998734702508313674,outputs\fhn-sweep-T500-dt005-init05-observables\runs\ring\k_08\K_0.50\seed_0008,OK
ring,0.50,,8,9,20260607,-8998734702508313673,outputs\fhn-sweep-T500-dt005-init05-observables\runs\ring\k_08\K_0.50\seed_0009,OK
ring,0.50,,8,10,20260607,-8998734702508313672,outputs\fhn-sweep-T500-dt005-init05-observables\runs\ring\k_08\K_0.50\seed_0010,OK
ring,0.50,,8,11,20260607,-8998734702508313671,outputs\fhn-sweep-T500-dt005-init05-observables\runs\ring\k_08\K_0.50\seed_0011,OK
ring,0.50,,8,12,20260607,-8998734702508313670,outputs\fhn-sweep-T500-dt005-init05-observables\runs\ring\k_08\K_0.50\seed_0012,OK
ring,0.50,,8,13,20260607,-8998734702508313669,outputs\fhn-sweep-T500-dt005-init05-observables\runs\ring\k_08\K_0.50\seed_0013,OK
ring,0.50,,8,14,20260607,-8998734702508313668,outputs\fhn-sweep-T500-dt005-init05-observables\runs\ring\k_08\K_0.50\seed_0014,OK
ring,0.50,,8,15,20260607,-8998734702508313667,outputs\fhn-sweep-T500-dt005-init05-observables\runs\ring\k_08\K_0.50\seed_0015,OK
ring,0.60,,8,2,20260607,-612131476418981987,outputs\fhn-sweep-T500-dt005-init05-observables\runs\ring\k_08\K_0.60\seed_0002,OK
ring,0.60,,8,1,20260607,-612131476418981988,outputs\fhn-sweep-T500-dt005-init05-observables\runs\ring\k_08\K_0.60\seed_0001,OK
ring,0.60,,8,3,20260607,-612131476418981986,outputs\fhn-sweep-T500-dt005-init05-observables\runs\ring\k_08\K_0.60\seed_0003,OK
ring,0.60,,8,4,20260607,-612131476418981985,outputs\fhn-sweep-T500-dt005-init05-observables\runs\ring\k_08\K_0.60\seed_0004,OK
ring,0.60,,8,5,20260607,-612131476418981984,outputs\fhn-sweep-T500-dt005-init05-observables\runs\ring\k_08\K_0.60\seed_0005,OK
ring,0.60,,8,6,20260607,-612131476418981983,outputs\fhn-sweep-T500-dt005-init05-observables\runs\ring\k_08\K_0.60\seed_0006,OK
ring,0.60,,8,7,20260607,-612131476418981982,outputs\fhn-sweep-T500-dt005-init05-observables\runs\ring\k_08\K_0.60\seed_0007,OK
ring,0.60,,8,8,20260607,-612131476418981981,outputs\fhn-sweep-T500-dt005-init05-observables\runs\ring\k_08\K_0.60\seed_0008,OK
ring,0.60,,8,9,20260607,-612131476418981980,outputs\fhn-sweep-T500-dt005-init05-observables\runs\ring\k_08\K_0.60\seed_0009,OK
ring,0.60,,8,10,20260607,-612131476418981979,outputs\fhn-sweep-T500-dt005-init05-observables\runs\ring\k_08\K_0.60\seed_0010,OK
ring,0.60,,8,11,20260607,-612131476418981978,outputs\fhn-sweep-T500-dt005-init05-observables\runs\ring\k_08\K_0.60\seed_0011,OK
ring,0.60,,8,12,20260607,-612131476418981977,outputs\fhn-sweep-T500-dt005-init05-observables\runs\ring\k_08\K_0.60\seed_0012,OK
ring,0.60,,8,13,20260607,-612131476418981976,outputs\fhn-sweep-T500-dt005-init05-observables\runs\ring\k_08\K_0.60\seed_0013,OK
ring,0.60,,8,14,20260607,-612131476418981975,outputs\fhn-sweep-T500-dt005-init05-observables\runs\ring\k_08\K_0.60\seed_0014,OK
ring,0.60,,8,15,20260607,-612131476418981974,outputs\fhn-sweep-T500-dt005-init05-observables\runs\ring\k_08\K_0.60\seed_0015,OK
ring,0.70,,8,1,20260607,7774471749670349705,outputs\fhn-sweep-T500-dt005-init05-observables\runs\ring\k_08\K_0.70\seed_0001,OK
ring,0.70,,8,2,20260607,7774471749670349706,outputs\fhn-sweep-T500-dt005-init05-observables\runs\ring\k_08\K_0.70\seed_0002,OK
ring,0.70,,8,3,20260607,7774471749670349707,outputs\fhn-sweep-T500-dt005-init05-observables\runs\ring\k_08\K_0.70\seed_0003,OK
ring,0.70,,8,4,20260607,7774471749670349708,outputs\fhn-sweep-T500-dt005-init05-observables\runs\ring\k_08\K_0.70\seed_0004,OK
ring,0.70,,8,7,20260607,7774471749670349711,outputs\fhn-sweep-T500-dt005-init05-observables\runs\ring\k_08\K_0.70\seed_0007,OK
ring,0.70,,8,6,20260607,7774471749670349710,outputs\fhn-sweep-T500-dt005-init05-observables\runs\ring\k_08\K_0.70\seed_0006,OK
ring,0.70,,8,5,20260607,7774471749670349709,outputs\fhn-sweep-T500-dt005-init05-observables\runs\ring\k_08\K_0.70\seed_0005,OK
ring,0.70,,8,8,20260607,7774471749670349712,outputs\fhn-sweep-T500-dt005-init05-observables\runs\ring\k_08\K_0.70\seed_0008,OK
ring,0.70,,8,9,20260607,7774471749670349713,outputs\fhn-sweep-T500-dt005-init05-observables\runs\ring\k_08\K_0.70\seed_0009,OK
ring,0.70,,8,10,20260607,7774471749670349714,outputs\fhn-sweep-T500-dt005-init05-observables\runs\ring\k_08\K_0.70\seed_0010,OK
ring,0.70,,8,11,20260607,7774471749670349715,outputs\fhn-sweep-T500-dt005-init05-observables\runs\ring\k_08\K_0.70\seed_0011,OK
ring,0.70,,8,12,20260607,7774471749670349716,outputs\fhn-sweep-T500-dt005-init05-observables\runs\ring\k_08\K_0.70\seed_0012,OK
ring,0.70,,8,13,20260607,7774471749670349717,outputs\fhn-sweep-T500-dt005-init05-observables\runs\ring\k_08\K_0.70\seed_0013,OK
ring,0.70,,8,14,20260607,7774471749670349718,outputs\fhn-sweep-T500-dt005-init05-observables\runs\ring\k_08\K_0.70\seed_0014,OK
ring,0.70,,8,15,20260607,7774471749670349719,outputs\fhn-sweep-T500-dt005-init05-observables\runs\ring\k_08\K_0.70\seed_0015,OK
ring,0.80,,8,1,20260607,-2285669097949840427,outputs\fhn-sweep-T500-dt005-init05-observables\runs\ring\k_08\K_0.80\seed_0001,OK
ring,0.80,,8,2,20260607,-2285669097949840426,outputs\fhn-sweep-T500-dt005-init05-observables\runs\ring\k_08\K_0.80\seed_0002,OK
ring,0.80,,8,3,20260607,-2285669097949840425,outputs\fhn-sweep-T500-dt005-init05-observables\runs\ring\k_08\K_0.80\seed_0003,OK
ring,0.80,,8,4,20260607,-2285669097949840424,outputs\fhn-sweep-T500-dt005-init05-observables\runs\ring\k_08\K_0.80\seed_0004,OK
ring,0.80,,8,7,20260607,-2285669097949840421,outputs\fhn-sweep-T500-dt005-init05-observables\runs\ring\k_08\K_0.80\seed_0007,OK
ring,0.80,,8,5,20260607,-2285669097949840423,outputs\fhn-sweep-T500-dt005-init05-observables\runs\ring\k_08\K_0.80\seed_0005,OK
ring,0.80,,8,6,20260607,-2285669097949840422,outputs\fhn-sweep-T500-dt005-init05-observables\runs\ring\k_08\K_0.80\seed_0006,OK
ring,0.80,,8,8,20260607,-2285669097949840420,outputs\fhn-sweep-T500-dt005-init05-observables\runs\ring\k_08\K_0.80\seed_0008,OK
ring,0.80,,8,9,20260607,-2285669097949840419,outputs\fhn-sweep-T500-dt005-init05-observables\runs\ring\k_08\K_0.80\seed_0009,OK
ring,0.80,,8,10,20260607,-2285669097949840418,outputs\fhn-sweep-T500-dt005-init05-observables\runs\ring\k_08\K_0.80\seed_0010,OK
ring,0.80,,8,12,20260607,-2285669097949840416,outputs\fhn-sweep-T500-dt005-init05-observables\runs\ring\k_08\K_0.80\seed_0012,OK
ring,0.80,,8,11,20260607,-2285669097949840417,outputs\fhn-sweep-T500-dt005-init05-observables\runs\ring\k_08\K_0.80\seed_0011,OK
ring,0.80,,8,13,20260607,-2285669097949840415,outputs\fhn-sweep-T500-dt005-init05-observables\runs\ring\k_08\K_0.80\seed_0013,OK
ring,0.80,,8,14,20260607,-2285669097949840414,outputs\fhn-sweep-T500-dt005-init05-observables\runs\ring\k_08\K_0.80\seed_0014,OK
ring,0.90,,8,1,20260607,6100934128139491266,outputs\fhn-sweep-T500-dt005-init05-observables\runs\ring\k_08\K_0.90\seed_0001,OK
ring,0.80,,8,15,20260607,-2285669097949840413,outputs\fhn-sweep-T500-dt005-init05-observables\runs\ring\k_08\K_0.80\seed_0015,OK
ring,0.90,,8,2,20260607,6100934128139491267,outputs\fhn-sweep-T500-dt005-init05-observables\runs\ring\k_08\K_0.90\seed_0002,OK
ring,0.90,,8,3,20260607,6100934128139491268,outputs\fhn-sweep-T500-dt005-init05-observables\runs\ring\k_08\K_0.90\seed_0003,OK
ring,0.90,,8,4,20260607,6100934128139491269,outputs\fhn-sweep-T500-dt005-init05-observables\runs\ring\k_08\K_0.90\seed_0004,OK
ring,0.90,,8,6,20260607,6100934128139491271,outputs\fhn-sweep-T500-dt005-init05-observables\runs\ring\k_08\K_0.90\seed_0006,OK
ring,0.90,,8,5,20260607,6100934128139491270,outputs\fhn-sweep-T500-dt005-init05-observables\runs\ring\k_08\K_0.90\seed_0005,OK
ring,0.90,,8,7,20260607,6100934128139491272,outputs\fhn-sweep-T500-dt005-init05-observables\runs\ring\k_08\K_0.90\seed_0007,OK
ring,0.90,,8,8,20260607,6100934128139491273,outputs\fhn-sweep-T500-dt005-init05-observables\runs\ring\k_08\K_0.90\seed_0008,OK
ring,0.90,,8,9,20260607,6100934128139491274,outputs\fhn-sweep-T500-dt005-init05-observables\runs\ring\k_08\K_0.90\seed_0009,OK
ring,0.90,,8,10,20260607,6100934128139491275,outputs\fhn-sweep-T500-dt005-init05-observables\runs\ring\k_08\K_0.90\seed_0010,OK
ring,0.90,,8,11,20260607,6100934128139491276,outputs\fhn-sweep-T500-dt005-init05-observables\runs\ring\k_08\K_0.90\seed_0011,OK
ring,0.90,,8,12,20260607,6100934128139491277,outputs\fhn-sweep-T500-dt005-init05-observables\runs\ring\k_08\K_0.90\seed_0012,OK
ring,0.90,,8,13,20260607,6100934128139491278,outputs\fhn-sweep-T500-dt005-init05-observables\runs\ring\k_08\K_0.90\seed_0013,OK
ring,0.90,,8,14,20260607,6100934128139491279,outputs\fhn-sweep-T500-dt005-init05-observables\runs\ring\k_08\K_0.90\seed_0014,OK
ring,0.90,,8,15,20260607,6100934128139491280,outputs\fhn-sweep-T500-dt005-init05-observables\runs\ring\k_08\K_0.90\seed_0015,OK
ring,1.00,,8,1,20260607,-3959206719480728657,outputs\fhn-sweep-T500-dt005-init05-observables\runs\ring\k_08\K_1.00\seed_0001,OK
ring,1.00,,8,2,20260607,-3959206719480728656,outputs\fhn-sweep-T500-dt005-init05-observables\runs\ring\k_08\K_1.00\seed_0002,OK
ring,1.00,,8,3,20260607,-3959206719480728655,outputs\fhn-sweep-T500-dt005-init05-observables\runs\ring\k_08\K_1.00\seed_0003,OK
ring,1.00,,8,4,20260607,-3959206719480728654,outputs\fhn-sweep-T500-dt005-init05-observables\runs\ring\k_08\K_1.00\seed_0004,OK
ring,1.00,,8,5,20260607,-3959206719480728653,outputs\fhn-sweep-T500-dt005-init05-observables\runs\ring\k_08\K_1.00\seed_0005,OK
ring,1.00,,8,6,20260607,-3959206719480728652,outputs\fhn-sweep-T500-dt005-init05-observables\runs\ring\k_08\K_1.00\seed_0006,OK
ring,1.00,,8,7,20260607,-3959206719480728651,outputs\fhn-sweep-T500-dt005-init05-observables\runs\ring\k_08\K_1.00\seed_0007,OK
ring,1.00,,8,8,20260607,-3959206719480728650,outputs\fhn-sweep-T500-dt005-init05-observables\runs\ring\k_08\K_1.00\seed_0008,OK
ring,1.00,,8,9,20260607,-3959206719480728649,outputs\fhn-sweep-T500-dt005-init05-observables\runs\ring\k_08\K_1.00\seed_0009,OK
ring,1.00,,8,11,20260607,-3959206719480728647,outputs\fhn-sweep-T500-dt005-init05-observables\runs\ring\k_08\K_1.00\seed_0011,OK
ring,1.00,,8,10,20260607,-3959206719480728648,outputs\fhn-sweep-T500-dt005-init05-observables\runs\ring\k_08\K_1.00\seed_0010,OK
ring,1.00,,8,12,20260607,-3959206719480728646,outputs\fhn-sweep-T500-dt005-init05-observables\runs\ring\k_08\K_1.00\seed_0012,OK
ring,1.00,,8,13,20260607,-3959206719480728645,outputs\fhn-sweep-T500-dt005-init05-observables\runs\ring\k_08\K_1.00\seed_0013,OK
ring,1.00,,8,14,20260607,-3959206719480728644,outputs\fhn-sweep-T500-dt005-init05-observables\runs\ring\k_08\K_1.00\seed_0014,OK
ring,1.00,,8,15,20260607,-3959206719480728643,outputs\fhn-sweep-T500-dt005-init05-observables\runs\ring\k_08\K_1.00\seed_0015,OK
ring,0.00,,9,1,20260607,5692007281974244302,outputs\fhn-sweep-T500-dt005-init05-observables\runs\ring\k_09\K_0.00\seed_0001,OK
ring,0.00,,9,2,20260607,5692007281974244303,outputs\fhn-sweep-T500-dt005-init05-observables\runs\ring\k_09\K_0.00\seed_0002,OK
ring,0.00,,9,3,20260607,5692007281974244304,outputs\fhn-sweep-T500-dt005-init05-observables\runs\ring\k_09\K_0.00\seed_0003,OK
ring,0.00,,9,4,20260607,5692007281974244305,outputs\fhn-sweep-T500-dt005-init05-observables\runs\ring\k_09\K_0.00\seed_0004,OK
ring,0.00,,9,5,20260607,5692007281974244306,outputs\fhn-sweep-T500-dt005-init05-observables\runs\ring\k_09\K_0.00\seed_0005,OK
ring,0.00,,9,6,20260607,5692007281974244307,outputs\fhn-sweep-T500-dt005-init05-observables\runs\ring\k_09\K_0.00\seed_0006,OK
ring,0.00,,9,7,20260607,5692007281974244308,outputs\fhn-sweep-T500-dt005-init05-observables\runs\ring\k_09\K_0.00\seed_0007,OK
ring,0.00,,9,8,20260607,5692007281974244309,outputs\fhn-sweep-T500-dt005-init05-observables\runs\ring\k_09\K_0.00\seed_0008,OK
ring,0.00,,9,9,20260607,5692007281974244310,outputs\fhn-sweep-T500-dt005-init05-observables\runs\ring\k_09\K_0.00\seed_0009,OK
ring,0.00,,9,10,20260607,5692007281974244311,outputs\fhn-sweep-T500-dt005-init05-observables\runs\ring\k_09\K_0.00\seed_0010,OK
ring,0.00,,9,11,20260607,5692007281974244312,outputs\fhn-sweep-T500-dt005-init05-observables\runs\ring\k_09\K_0.00\seed_0011,OK
ring,0.00,,9,12,20260607,5692007281974244313,outputs\fhn-sweep-T500-dt005-init05-observables\runs\ring\k_09\K_0.00\seed_0012,OK
ring,0.00,,9,13,20260607,5692007281974244314,outputs\fhn-sweep-T500-dt005-init05-observables\runs\ring\k_09\K_0.00\seed_0013,OK
ring,0.00,,9,14,20260607,5692007281974244315,outputs\fhn-sweep-T500-dt005-init05-observables\runs\ring\k_09\K_0.00\seed_0014,OK
ring,0.00,,9,15,20260607,5692007281974244316,outputs\fhn-sweep-T500-dt005-init05-observables\runs\ring\k_09\K_0.00\seed_0015,OK
ring,0.10,,9,1,20260607,1042491026676956148,outputs\fhn-sweep-T500-dt005-init05-observables\runs\ring\k_09\K_0.10\seed_0001,OK
ring,0.10,,9,2,20260607,1042491026676956149,outputs\fhn-sweep-T500-dt005-init05-observables\runs\ring\k_09\K_0.10\seed_0002,OK
ring,0.10,,9,3,20260607,1042491026676956150,outputs\fhn-sweep-T500-dt005-init05-observables\runs\ring\k_09\K_0.10\seed_0003,OK
ring,0.10,,9,4,20260607,1042491026676956151,outputs\fhn-sweep-T500-dt005-init05-observables\runs\ring\k_09\K_0.10\seed_0004,OK
ring,0.10,,9,6,20260607,1042491026676956153,outputs\fhn-sweep-T500-dt005-init05-observables\runs\ring\k_09\K_0.10\seed_0006,OK
ring,0.10,,9,5,20260607,1042491026676956152,outputs\fhn-sweep-T500-dt005-init05-observables\runs\ring\k_09\K_0.10\seed_0005,OK
ring,0.10,,9,7,20260607,1042491026676956154,outputs\fhn-sweep-T500-dt005-init05-observables\runs\ring\k_09\K_0.10\seed_0007,OK
ring,0.10,,9,8,20260607,1042491026676956155,outputs\fhn-sweep-T500-dt005-init05-observables\runs\ring\k_09\K_0.10\seed_0008,OK
ring,0.10,,9,9,20260607,1042491026676956156,outputs\fhn-sweep-T500-dt005-init05-observables\runs\ring\k_09\K_0.10\seed_0009,OK
ring,0.10,,9,10,20260607,1042491026676956157,outputs\fhn-sweep-T500-dt005-init05-observables\runs\ring\k_09\K_0.10\seed_0010,OK
ring,0.10,,9,11,20260607,1042491026676956158,outputs\fhn-sweep-T500-dt005-init05-observables\runs\ring\k_09\K_0.10\seed_0011,OK
ring,0.10,,9,12,20260607,1042491026676956159,outputs\fhn-sweep-T500-dt005-init05-observables\runs\ring\k_09\K_0.10\seed_0012,OK
ring,0.10,,9,13,20260607,1042491026676956160,outputs\fhn-sweep-T500-dt005-init05-observables\runs\ring\k_09\K_0.10\seed_0013,OK
ring,0.10,,9,14,20260607,1042491026676956161,outputs\fhn-sweep-T500-dt005-init05-observables\runs\ring\k_09\K_0.10\seed_0014,OK
ring,0.10,,9,15,20260607,1042491026676956162,outputs\fhn-sweep-T500-dt005-init05-observables\runs\ring\k_09\K_0.10\seed_0015,OK
ring,0.20,,9,1,20260607,6082019009704541172,outputs\fhn-sweep-T500-dt005-init05-observables\runs\ring\k_09\K_0.20\seed_0001,OK
ring,0.20,,9,2,20260607,6082019009704541173,outputs\fhn-sweep-T500-dt005-init05-observables\runs\ring\k_09\K_0.20\seed_0002,OK
ring,0.20,,9,3,20260607,6082019009704541174,outputs\fhn-sweep-T500-dt005-init05-observables\runs\ring\k_09\K_0.20\seed_0003,OK
ring,0.20,,9,4,20260607,6082019009704541175,outputs\fhn-sweep-T500-dt005-init05-observables\runs\ring\k_09\K_0.20\seed_0004,OK
ring,0.20,,9,5,20260607,6082019009704541176,outputs\fhn-sweep-T500-dt005-init05-observables\runs\ring\k_09\K_0.20\seed_0005,OK
ring,0.20,,9,6,20260607,6082019009704541177,outputs\fhn-sweep-T500-dt005-init05-observables\runs\ring\k_09\K_0.20\seed_0006,OK
ring,0.20,,9,7,20260607,6082019009704541178,outputs\fhn-sweep-T500-dt005-init05-observables\runs\ring\k_09\K_0.20\seed_0007,OK
ring,0.20,,9,8,20260607,6082019009704541179,outputs\fhn-sweep-T500-dt005-init05-observables\runs\ring\k_09\K_0.20\seed_0008,OK
ring,0.20,,9,9,20260607,6082019009704541180,outputs\fhn-sweep-T500-dt005-init05-observables\runs\ring\k_09\K_0.20\seed_0009,OK
ring,0.20,,9,10,20260607,6082019009704541181,outputs\fhn-sweep-T500-dt005-init05-observables\runs\ring\k_09\K_0.20\seed_0010,OK
ring,0.20,,9,11,20260607,6082019009704541182,outputs\fhn-sweep-T500-dt005-init05-observables\runs\ring\k_09\K_0.20\seed_0011,OK
ring,0.20,,9,12,20260607,6082019009704541183,outputs\fhn-sweep-T500-dt005-init05-observables\runs\ring\k_09\K_0.20\seed_0012,OK
ring,0.20,,9,13,20260607,6082019009704541184,outputs\fhn-sweep-T500-dt005-init05-observables\runs\ring\k_09\K_0.20\seed_0013,OK
ring,0.20,,9,14,20260607,6082019009704541185,outputs\fhn-sweep-T500-dt005-init05-observables\runs\ring\k_09\K_0.20\seed_0014,OK
ring,0.20,,9,15,20260607,6082019009704541186,outputs\fhn-sweep-T500-dt005-init05-observables\runs\ring\k_09\K_0.20\seed_0015,OK
ring,0.30,,9,1,20260607,-5651659459446566981,outputs\fhn-sweep-T500-dt005-init05-observables\runs\ring\k_09\K_0.30\seed_0001,OK
ring,0.30,,9,2,20260607,-5651659459446566980,outputs\fhn-sweep-T500-dt005-init05-observables\runs\ring\k_09\K_0.30\seed_0002,OK
ring,0.30,,9,3,20260607,-5651659459446566979,outputs\fhn-sweep-T500-dt005-init05-observables\runs\ring\k_09\K_0.30\seed_0003,OK
ring,0.30,,9,4,20260607,-5651659459446566978,outputs\fhn-sweep-T500-dt005-init05-observables\runs\ring\k_09\K_0.30\seed_0004,OK
ring,0.30,,9,5,20260607,-5651659459446566977,outputs\fhn-sweep-T500-dt005-init05-observables\runs\ring\k_09\K_0.30\seed_0005,OK
ring,0.30,,9,7,20260607,-5651659459446566975,outputs\fhn-sweep-T500-dt005-init05-observables\runs\ring\k_09\K_0.30\seed_0007,OK
ring,0.30,,9,6,20260607,-5651659459446566976,outputs\fhn-sweep-T500-dt005-init05-observables\runs\ring\k_09\K_0.30\seed_0006,OK
ring,0.30,,9,8,20260607,-5651659459446566974,outputs\fhn-sweep-T500-dt005-init05-observables\runs\ring\k_09\K_0.30\seed_0008,OK
ring,0.30,,9,9,20260607,-5651659459446566973,outputs\fhn-sweep-T500-dt005-init05-observables\runs\ring\k_09\K_0.30\seed_0009,OK
ring,0.30,,9,10,20260607,-5651659459446566972,outputs\fhn-sweep-T500-dt005-init05-observables\runs\ring\k_09\K_0.30\seed_0010,OK
ring,0.30,,9,11,20260607,-5651659459446566971,outputs\fhn-sweep-T500-dt005-init05-observables\runs\ring\k_09\K_0.30\seed_0011,OK
ring,0.30,,9,12,20260607,-5651659459446566970,outputs\fhn-sweep-T500-dt005-init05-observables\runs\ring\k_09\K_0.30\seed_0012,OK
ring,0.30,,9,13,20260607,-5651659459446566969,outputs\fhn-sweep-T500-dt005-init05-observables\runs\ring\k_09\K_0.30\seed_0013,OK
ring,0.30,,9,14,20260607,-5651659459446566968,outputs\fhn-sweep-T500-dt005-init05-observables\runs\ring\k_09\K_0.30\seed_0014,OK
ring,0.30,,9,15,20260607,-5651659459446566967,outputs\fhn-sweep-T500-dt005-init05-observables\runs\ring\k_09\K_0.30\seed_0015,OK
ring,0.40,,9,1,20260607,-7325197080977425420,outputs\fhn-sweep-T500-dt005-init05-observables\runs\ring\k_09\K_0.40\seed_0001,OK
ring,0.40,,9,2,20260607,-7325197080977425419,outputs\fhn-sweep-T500-dt005-init05-observables\runs\ring\k_09\K_0.40\seed_0002,OK
ring,0.40,,9,3,20260607,-7325197080977425418,outputs\fhn-sweep-T500-dt005-init05-observables\runs\ring\k_09\K_0.40\seed_0003,OK
ring,0.40,,9,4,20260607,-7325197080977425417,outputs\fhn-sweep-T500-dt005-init05-observables\runs\ring\k_09\K_0.40\seed_0004,OK
ring,0.40,,9,5,20260607,-7325197080977425416,outputs\fhn-sweep-T500-dt005-init05-observables\runs\ring\k_09\K_0.40\seed_0005,OK
ring,0.40,,9,6,20260607,-7325197080977425415,outputs\fhn-sweep-T500-dt005-init05-observables\runs\ring\k_09\K_0.40\seed_0006,OK
ring,0.40,,9,7,20260607,-7325197080977425414,outputs\fhn-sweep-T500-dt005-init05-observables\runs\ring\k_09\K_0.40\seed_0007,OK
ring,0.40,,9,8,20260607,-7325197080977425413,outputs\fhn-sweep-T500-dt005-init05-observables\runs\ring\k_09\K_0.40\seed_0008,OK
ring,0.40,,9,9,20260607,-7325197080977425412,outputs\fhn-sweep-T500-dt005-init05-observables\runs\ring\k_09\K_0.40\seed_0009,OK
ring,0.40,,9,10,20260607,-7325197080977425411,outputs\fhn-sweep-T500-dt005-init05-observables\runs\ring\k_09\K_0.40\seed_0010,OK
ring,0.40,,9,11,20260607,-7325197080977425410,outputs\fhn-sweep-T500-dt005-init05-observables\runs\ring\k_09\K_0.40\seed_0011,OK
ring,0.40,,9,12,20260607,-7325197080977425409,outputs\fhn-sweep-T500-dt005-init05-observables\runs\ring\k_09\K_0.40\seed_0012,OK
ring,0.40,,9,13,20260607,-7325197080977425408,outputs\fhn-sweep-T500-dt005-init05-observables\runs\ring\k_09\K_0.40\seed_0013,OK
ring,0.40,,9,14,20260607,-7325197080977425407,outputs\fhn-sweep-T500-dt005-init05-observables\runs\ring\k_09\K_0.40\seed_0014,OK
ring,0.40,,9,15,20260607,-7325197080977425406,outputs\fhn-sweep-T500-dt005-init05-observables\runs\ring\k_09\K_0.40\seed_0015,OK
ring,0.50,,9,1,20260607,-8998734702508313650,outputs\fhn-sweep-T500-dt005-init05-observables\runs\ring\k_09\K_0.50\seed_0001,OK
ring,0.50,,9,2,20260607,-8998734702508313649,outputs\fhn-sweep-T500-dt005-init05-observables\runs\ring\k_09\K_0.50\seed_0002,OK
ring,0.50,,9,3,20260607,-8998734702508313648,outputs\fhn-sweep-T500-dt005-init05-observables\runs\ring\k_09\K_0.50\seed_0003,OK
ring,0.50,,9,4,20260607,-8998734702508313647,outputs\fhn-sweep-T500-dt005-init05-observables\runs\ring\k_09\K_0.50\seed_0004,OK
ring,0.50,,9,5,20260607,-8998734702508313646,outputs\fhn-sweep-T500-dt005-init05-observables\runs\ring\k_09\K_0.50\seed_0005,OK
ring,0.50,,9,6,20260607,-8998734702508313645,outputs\fhn-sweep-T500-dt005-init05-observables\runs\ring\k_09\K_0.50\seed_0006,OK
ring,0.50,,9,7,20260607,-8998734702508313644,outputs\fhn-sweep-T500-dt005-init05-observables\runs\ring\k_09\K_0.50\seed_0007,OK
ring,0.50,,9,8,20260607,-8998734702508313643,outputs\fhn-sweep-T500-dt005-init05-observables\runs\ring\k_09\K_0.50\seed_0008,OK
ring,0.50,,9,9,20260607,-8998734702508313642,outputs\fhn-sweep-T500-dt005-init05-observables\runs\ring\k_09\K_0.50\seed_0009,OK
ring,0.50,,9,10,20260607,-8998734702508313641,outputs\fhn-sweep-T500-dt005-init05-observables\runs\ring\k_09\K_0.50\seed_0010,OK
ring,0.50,,9,11,20260607,-8998734702508313640,outputs\fhn-sweep-T500-dt005-init05-observables\runs\ring\k_09\K_0.50\seed_0011,OK
ring,0.50,,9,12,20260607,-8998734702508313639,outputs\fhn-sweep-T500-dt005-init05-observables\runs\ring\k_09\K_0.50\seed_0012,OK
ring,0.50,,9,13,20260607,-8998734702508313638,outputs\fhn-sweep-T500-dt005-init05-observables\runs\ring\k_09\K_0.50\seed_0013,OK
ring,0.50,,9,14,20260607,-8998734702508313637,outputs\fhn-sweep-T500-dt005-init05-observables\runs\ring\k_09\K_0.50\seed_0014,OK
ring,0.50,,9,15,20260607,-8998734702508313636,outputs\fhn-sweep-T500-dt005-init05-observables\runs\ring\k_09\K_0.50\seed_0015,OK
ring,0.60,,9,1,20260607,-612131476418981957,outputs\fhn-sweep-T500-dt005-init05-observables\runs\ring\k_09\K_0.60\seed_0001,OK
ring,0.60,,9,2,20260607,-612131476418981956,outputs\fhn-sweep-T500-dt005-init05-observables\runs\ring\k_09\K_0.60\seed_0002,OK
ring,0.60,,9,3,20260607,-612131476418981955,outputs\fhn-sweep-T500-dt005-init05-observables\runs\ring\k_09\K_0.60\seed_0003,OK
ring,0.60,,9,4,20260607,-612131476418981954,outputs\fhn-sweep-T500-dt005-init05-observables\runs\ring\k_09\K_0.60\seed_0004,OK
ring,0.60,,9,5,20260607,-612131476418981953,outputs\fhn-sweep-T500-dt005-init05-observables\runs\ring\k_09\K_0.60\seed_0005,OK
ring,0.60,,9,6,20260607,-612131476418981952,outputs\fhn-sweep-T500-dt005-init05-observables\runs\ring\k_09\K_0.60\seed_0006,OK
ring,0.60,,9,7,20260607,-612131476418981951,outputs\fhn-sweep-T500-dt005-init05-observables\runs\ring\k_09\K_0.60\seed_0007,OK
ring,0.60,,9,8,20260607,-612131476418981950,outputs\fhn-sweep-T500-dt005-init05-observables\runs\ring\k_09\K_0.60\seed_0008,OK
ring,0.60,,9,9,20260607,-612131476418981949,outputs\fhn-sweep-T500-dt005-init05-observables\runs\ring\k_09\K_0.60\seed_0009,OK
ring,0.60,,9,10,20260607,-612131476418981948,outputs\fhn-sweep-T500-dt005-init05-observables\runs\ring\k_09\K_0.60\seed_0010,OK
ring,0.60,,9,11,20260607,-612131476418981947,outputs\fhn-sweep-T500-dt005-init05-observables\runs\ring\k_09\K_0.60\seed_0011,OK
ring,0.60,,9,12,20260607,-612131476418981946,outputs\fhn-sweep-T500-dt005-init05-observables\runs\ring\k_09\K_0.60\seed_0012,OK
ring,0.60,,9,13,20260607,-612131476418981945,outputs\fhn-sweep-T500-dt005-init05-observables\runs\ring\k_09\K_0.60\seed_0013,OK
ring,0.60,,9,14,20260607,-612131476418981944,outputs\fhn-sweep-T500-dt005-init05-observables\runs\ring\k_09\K_0.60\seed_0014,OK
ring,0.60,,9,15,20260607,-612131476418981943,outputs\fhn-sweep-T500-dt005-init05-observables\runs\ring\k_09\K_0.60\seed_0015,OK
ring,0.70,,9,1,20260607,7774471749670349736,outputs\fhn-sweep-T500-dt005-init05-observables\runs\ring\k_09\K_0.70\seed_0001,OK
ring,0.70,,9,2,20260607,7774471749670349737,outputs\fhn-sweep-T500-dt005-init05-observables\runs\ring\k_09\K_0.70\seed_0002,OK
ring,0.70,,9,3,20260607,7774471749670349738,outputs\fhn-sweep-T500-dt005-init05-observables\runs\ring\k_09\K_0.70\seed_0003,OK
ring,0.70,,9,4,20260607,7774471749670349739,outputs\fhn-sweep-T500-dt005-init05-observables\runs\ring\k_09\K_0.70\seed_0004,OK
ring,0.70,,9,5,20260607,7774471749670349740,outputs\fhn-sweep-T500-dt005-init05-observables\runs\ring\k_09\K_0.70\seed_0005,OK
ring,0.70,,9,6,20260607,7774471749670349741,outputs\fhn-sweep-T500-dt005-init05-observables\runs\ring\k_09\K_0.70\seed_0006,OK
ring,0.70,,9,7,20260607,7774471749670349742,outputs\fhn-sweep-T500-dt005-init05-observables\runs\ring\k_09\K_0.70\seed_0007,OK
ring,0.70,,9,8,20260607,7774471749670349743,outputs\fhn-sweep-T500-dt005-init05-observables\runs\ring\k_09\K_0.70\seed_0008,OK
ring,0.70,,9,9,20260607,7774471749670349744,outputs\fhn-sweep-T500-dt005-init05-observables\runs\ring\k_09\K_0.70\seed_0009,OK
ring,0.70,,9,10,20260607,7774471749670349745,outputs\fhn-sweep-T500-dt005-init05-observables\runs\ring\k_09\K_0.70\seed_0010,OK
ring,0.70,,9,11,20260607,7774471749670349746,outputs\fhn-sweep-T500-dt005-init05-observables\runs\ring\k_09\K_0.70\seed_0011,OK
ring,0.70,,9,12,20260607,7774471749670349747,outputs\fhn-sweep-T500-dt005-init05-observables\runs\ring\k_09\K_0.70\seed_0012,OK
ring,0.70,,9,13,20260607,7774471749670349748,outputs\fhn-sweep-T500-dt005-init05-observables\runs\ring\k_09\K_0.70\seed_0013,OK
ring,0.70,,9,14,20260607,7774471749670349749,outputs\fhn-sweep-T500-dt005-init05-observables\runs\ring\k_09\K_0.70\seed_0014,OK
ring,0.70,,9,15,20260607,7774471749670349750,outputs\fhn-sweep-T500-dt005-init05-observables\runs\ring\k_09\K_0.70\seed_0015,OK
ring,0.80,,9,1,20260607,-2285669097949840396,outputs\fhn-sweep-T500-dt005-init05-observables\runs\ring\k_09\K_0.80\seed_0001,OK
ring,0.80,,9,2,20260607,-2285669097949840395,outputs\fhn-sweep-T500-dt005-init05-observables\runs\ring\k_09\K_0.80\seed_0002,OK
ring,0.80,,9,3,20260607,-2285669097949840394,outputs\fhn-sweep-T500-dt005-init05-observables\runs\ring\k_09\K_0.80\seed_0003,OK
ring,0.80,,9,4,20260607,-2285669097949840393,outputs\fhn-sweep-T500-dt005-init05-observables\runs\ring\k_09\K_0.80\seed_0004,OK
ring,0.80,,9,5,20260607,-2285669097949840392,outputs\fhn-sweep-T500-dt005-init05-observables\runs\ring\k_09\K_0.80\seed_0005,OK
ring,0.80,,9,6,20260607,-2285669097949840391,outputs\fhn-sweep-T500-dt005-init05-observables\runs\ring\k_09\K_0.80\seed_0006,OK
ring,0.80,,9,7,20260607,-2285669097949840390,outputs\fhn-sweep-T500-dt005-init05-observables\runs\ring\k_09\K_0.80\seed_0007,OK
ring,0.80,,9,8,20260607,-2285669097949840389,outputs\fhn-sweep-T500-dt005-init05-observables\runs\ring\k_09\K_0.80\seed_0008,OK
ring,0.80,,9,9,20260607,-2285669097949840388,outputs\fhn-sweep-T500-dt005-init05-observables\runs\ring\k_09\K_0.80\seed_0009,OK
ring,0.80,,9,10,20260607,-2285669097949840387,outputs\fhn-sweep-T500-dt005-init05-observables\runs\ring\k_09\K_0.80\seed_0010,OK
ring,0.80,,9,11,20260607,-2285669097949840386,outputs\fhn-sweep-T500-dt005-init05-observables\runs\ring\k_09\K_0.80\seed_0011,OK
ring,0.80,,9,12,20260607,-2285669097949840385,outputs\fhn-sweep-T500-dt005-init05-observables\runs\ring\k_09\K_0.80\seed_0012,OK
ring,0.80,,9,13,20260607,-2285669097949840384,outputs\fhn-sweep-T500-dt005-init05-observables\runs\ring\k_09\K_0.80\seed_0013,OK
ring,0.80,,9,14,20260607,-2285669097949840383,outputs\fhn-sweep-T500-dt005-init05-observables\runs\ring\k_09\K_0.80\seed_0014,OK
ring,0.80,,9,15,20260607,-2285669097949840382,outputs\fhn-sweep-T500-dt005-init05-observables\runs\ring\k_09\K_0.80\seed_0015,OK
ring,0.90,,9,1,20260607,6100934128139491297,outputs\fhn-sweep-T500-dt005-init05-observables\runs\ring\k_09\K_0.90\seed_0001,OK
ring,0.90,,9,2,20260607,6100934128139491298,outputs\fhn-sweep-T500-dt005-init05-observables\runs\ring\k_09\K_0.90\seed_0002,OK
ring,0.90,,9,3,20260607,6100934128139491299,outputs\fhn-sweep-T500-dt005-init05-observables\runs\ring\k_09\K_0.90\seed_0003,OK
ring,0.90,,9,4,20260607,6100934128139491300,outputs\fhn-sweep-T500-dt005-init05-observables\runs\ring\k_09\K_0.90\seed_0004,OK
ring,0.90,,9,5,20260607,6100934128139491301,outputs\fhn-sweep-T500-dt005-init05-observables\runs\ring\k_09\K_0.90\seed_0005,OK
ring,0.90,,9,6,20260607,6100934128139491302,outputs\fhn-sweep-T500-dt005-init05-observables\runs\ring\k_09\K_0.90\seed_0006,OK
ring,0.90,,9,7,20260607,6100934128139491303,outputs\fhn-sweep-T500-dt005-init05-observables\runs\ring\k_09\K_0.90\seed_0007,OK
ring,0.90,,9,8,20260607,6100934128139491304,outputs\fhn-sweep-T500-dt005-init05-observables\runs\ring\k_09\K_0.90\seed_0008,OK
ring,0.90,,9,9,20260607,6100934128139491305,outputs\fhn-sweep-T500-dt005-init05-observables\runs\ring\k_09\K_0.90\seed_0009,OK
ring,0.90,,9,10,20260607,6100934128139491306,outputs\fhn-sweep-T500-dt005-init05-observables\runs\ring\k_09\K_0.90\seed_0010,OK
ring,0.90,,9,11,20260607,6100934128139491307,outputs\fhn-sweep-T500-dt005-init05-observables\runs\ring\k_09\K_0.90\seed_0011,OK
ring,0.90,,9,12,20260607,6100934128139491308,outputs\fhn-sweep-T500-dt005-init05-observables\runs\ring\k_09\K_0.90\seed_0012,OK
ring,0.90,,9,13,20260607,6100934128139491309,outputs\fhn-sweep-T500-dt005-init05-observables\runs\ring\k_09\K_0.90\seed_0013,OK
ring,0.90,,9,14,20260607,6100934128139491310,outputs\fhn-sweep-T500-dt005-init05-observables\runs\ring\k_09\K_0.90\seed_0014,OK
ring,0.90,,9,15,20260607,6100934128139491311,outputs\fhn-sweep-T500-dt005-init05-observables\runs\ring\k_09\K_0.90\seed_0015,OK
ring,1.00,,9,1,20260607,-3959206719480728626,outputs\fhn-sweep-T500-dt005-init05-observables\runs\ring\k_09\K_1.00\seed_0001,OK
ring,1.00,,9,2,20260607,-3959206719480728625,outputs\fhn-sweep-T500-dt005-init05-observables\runs\ring\k_09\K_1.00\seed_0002,OK
ring,1.00,,9,3,20260607,-3959206719480728624,outputs\fhn-sweep-T500-dt005-init05-observables\runs\ring\k_09\K_1.00\seed_0003,OK
ring,1.00,,9,4,20260607,-3959206719480728623,outputs\fhn-sweep-T500-dt005-init05-observables\runs\ring\k_09\K_1.00\seed_0004,OK
ring,1.00,,9,5,20260607,-3959206719480728622,outputs\fhn-sweep-T500-dt005-init05-observables\runs\ring\k_09\K_1.00\seed_0005,OK
ring,1.00,,9,6,20260607,-3959206719480728621,outputs\fhn-sweep-T500-dt005-init05-observables\runs\ring\k_09\K_1.00\seed_0006,OK
ring,1.00,,9,7,20260607,-3959206719480728620,outputs\fhn-sweep-T500-dt005-init05-observables\runs\ring\k_09\K_1.00\seed_0007,OK
ring,1.00,,9,8,20260607,-3959206719480728619,outputs\fhn-sweep-T500-dt005-init05-observables\runs\ring\k_09\K_1.00\seed_0008,OK
ring,1.00,,9,9,20260607,-3959206719480728618,outputs\fhn-sweep-T500-dt005-init05-observables\runs\ring\k_09\K_1.00\seed_0009,OK
ring,1.00,,9,10,20260607,-3959206719480728617,outputs\fhn-sweep-T500-dt005-init05-observables\runs\ring\k_09\K_1.00\seed_0010,OK
ring,1.00,,9,11,20260607,-3959206719480728616,outputs\fhn-sweep-T500-dt005-init05-observables\runs\ring\k_09\K_1.00\seed_0011,OK
ring,1.00,,9,12,20260607,-3959206719480728615,outputs\fhn-sweep-T500-dt005-init05-observables\runs\ring\k_09\K_1.00\seed_0012,OK
ring,1.00,,9,13,20260607,-3959206719480728614,outputs\fhn-sweep-T500-dt005-init05-observables\runs\ring\k_09\K_1.00\seed_0013,OK
ring,1.00,,9,14,20260607,-3959206719480728613,outputs\fhn-sweep-T500-dt005-init05-observables\runs\ring\k_09\K_1.00\seed_0014,OK
ring,1.00,,9,15,20260607,-3959206719480728612,outputs\fhn-sweep-T500-dt005-init05-observables\runs\ring\k_09\K_1.00\seed_0015,OK
ring,0.00,,10,1,20260607,5692007281974244333,outputs\fhn-sweep-T500-dt005-init05-observables\runs\ring\k_10\K_0.00\seed_0001,OK
ring,0.00,,10,2,20260607,5692007281974244334,outputs\fhn-sweep-T500-dt005-init05-observables\runs\ring\k_10\K_0.00\seed_0002,OK
ring,0.00,,10,3,20260607,5692007281974244335,outputs\fhn-sweep-T500-dt005-init05-observables\runs\ring\k_10\K_0.00\seed_0003,OK
ring,0.00,,10,4,20260607,5692007281974244336,outputs\fhn-sweep-T500-dt005-init05-observables\runs\ring\k_10\K_0.00\seed_0004,OK
ring,0.00,,10,5,20260607,5692007281974244337,outputs\fhn-sweep-T500-dt005-init05-observables\runs\ring\k_10\K_0.00\seed_0005,OK
ring,0.00,,10,6,20260607,5692007281974244338,outputs\fhn-sweep-T500-dt005-init05-observables\runs\ring\k_10\K_0.00\seed_0006,OK
ring,0.00,,10,7,20260607,5692007281974244339,outputs\fhn-sweep-T500-dt005-init05-observables\runs\ring\k_10\K_0.00\seed_0007,OK
ring,0.00,,10,8,20260607,5692007281974244340,outputs\fhn-sweep-T500-dt005-init05-observables\runs\ring\k_10\K_0.00\seed_0008,OK
ring,0.00,,10,9,20260607,5692007281974244341,outputs\fhn-sweep-T500-dt005-init05-observables\runs\ring\k_10\K_0.00\seed_0009,OK
ring,0.00,,10,10,20260607,5692007281974244342,outputs\fhn-sweep-T500-dt005-init05-observables\runs\ring\k_10\K_0.00\seed_0010,OK
ring,0.00,,10,11,20260607,5692007281974244343,outputs\fhn-sweep-T500-dt005-init05-observables\runs\ring\k_10\K_0.00\seed_0011,OK
ring,0.00,,10,12,20260607,5692007281974244344,outputs\fhn-sweep-T500-dt005-init05-observables\runs\ring\k_10\K_0.00\seed_0012,OK
ring,0.00,,10,13,20260607,5692007281974244345,outputs\fhn-sweep-T500-dt005-init05-observables\runs\ring\k_10\K_0.00\seed_0013,OK
ring,0.00,,10,14,20260607,5692007281974244346,outputs\fhn-sweep-T500-dt005-init05-observables\runs\ring\k_10\K_0.00\seed_0014,OK
ring,0.00,,10,15,20260607,5692007281974244347,outputs\fhn-sweep-T500-dt005-init05-observables\runs\ring\k_10\K_0.00\seed_0015,OK
ring,0.10,,10,1,20260607,1042491026676956179,outputs\fhn-sweep-T500-dt005-init05-observables\runs\ring\k_10\K_0.10\seed_0001,OK
ring,0.10,,10,2,20260607,1042491026676956180,outputs\fhn-sweep-T500-dt005-init05-observables\runs\ring\k_10\K_0.10\seed_0002,OK
ring,0.10,,10,3,20260607,1042491026676956181,outputs\fhn-sweep-T500-dt005-init05-observables\runs\ring\k_10\K_0.10\seed_0003,OK
ring,0.10,,10,4,20260607,1042491026676956182,outputs\fhn-sweep-T500-dt005-init05-observables\runs\ring\k_10\K_0.10\seed_0004,OK
ring,0.10,,10,5,20260607,1042491026676956183,outputs\fhn-sweep-T500-dt005-init05-observables\runs\ring\k_10\K_0.10\seed_0005,OK
ring,0.10,,10,6,20260607,1042491026676956184,outputs\fhn-sweep-T500-dt005-init05-observables\runs\ring\k_10\K_0.10\seed_0006,OK
ring,0.10,,10,7,20260607,1042491026676956185,outputs\fhn-sweep-T500-dt005-init05-observables\runs\ring\k_10\K_0.10\seed_0007,OK
ring,0.10,,10,8,20260607,1042491026676956186,outputs\fhn-sweep-T500-dt005-init05-observables\runs\ring\k_10\K_0.10\seed_0008,OK
ring,0.10,,10,9,20260607,1042491026676956187,outputs\fhn-sweep-T500-dt005-init05-observables\runs\ring\k_10\K_0.10\seed_0009,OK
ring,0.10,,10,10,20260607,1042491026676956188,outputs\fhn-sweep-T500-dt005-init05-observables\runs\ring\k_10\K_0.10\seed_0010,OK
ring,0.10,,10,11,20260607,1042491026676956189,outputs\fhn-sweep-T500-dt005-init05-observables\runs\ring\k_10\K_0.10\seed_0011,OK
ring,0.10,,10,12,20260607,1042491026676956190,outputs\fhn-sweep-T500-dt005-init05-observables\runs\ring\k_10\K_0.10\seed_0012,OK
ring,0.10,,10,13,20260607,1042491026676956191,outputs\fhn-sweep-T500-dt005-init05-observables\runs\ring\k_10\K_0.10\seed_0013,OK
ring,0.10,,10,14,20260607,1042491026676956192,outputs\fhn-sweep-T500-dt005-init05-observables\runs\ring\k_10\K_0.10\seed_0014,OK
ring,0.10,,10,15,20260607,1042491026676956193,outputs\fhn-sweep-T500-dt005-init05-observables\runs\ring\k_10\K_0.10\seed_0015,OK
ring,0.20,,10,1,20260607,6082019009704541203,outputs\fhn-sweep-T500-dt005-init05-observables\runs\ring\k_10\K_0.20\seed_0001,OK
ring,0.20,,10,2,20260607,6082019009704541204,outputs\fhn-sweep-T500-dt005-init05-observables\runs\ring\k_10\K_0.20\seed_0002,OK
ring,0.20,,10,3,20260607,6082019009704541205,outputs\fhn-sweep-T500-dt005-init05-observables\runs\ring\k_10\K_0.20\seed_0003,OK
ring,0.20,,10,4,20260607,6082019009704541206,outputs\fhn-sweep-T500-dt005-init05-observables\runs\ring\k_10\K_0.20\seed_0004,OK
ring,0.20,,10,5,20260607,6082019009704541207,outputs\fhn-sweep-T500-dt005-init05-observables\runs\ring\k_10\K_0.20\seed_0005,OK
ring,0.20,,10,6,20260607,6082019009704541208,outputs\fhn-sweep-T500-dt005-init05-observables\runs\ring\k_10\K_0.20\seed_0006,OK
ring,0.20,,10,7,20260607,6082019009704541209,outputs\fhn-sweep-T500-dt005-init05-observables\runs\ring\k_10\K_0.20\seed_0007,OK
ring,0.20,,10,8,20260607,6082019009704541210,outputs\fhn-sweep-T500-dt005-init05-observables\runs\ring\k_10\K_0.20\seed_0008,OK
ring,0.20,,10,9,20260607,6082019009704541211,outputs\fhn-sweep-T500-dt005-init05-observables\runs\ring\k_10\K_0.20\seed_0009,OK
ring,0.20,,10,10,20260607,6082019009704541212,outputs\fhn-sweep-T500-dt005-init05-observables\runs\ring\k_10\K_0.20\seed_0010,OK
ring,0.20,,10,11,20260607,6082019009704541213,outputs\fhn-sweep-T500-dt005-init05-observables\runs\ring\k_10\K_0.20\seed_0011,OK
ring,0.20,,10,12,20260607,6082019009704541214,outputs\fhn-sweep-T500-dt005-init05-observables\runs\ring\k_10\K_0.20\seed_0012,OK
ring,0.20,,10,13,20260607,6082019009704541215,outputs\fhn-sweep-T500-dt005-init05-observables\runs\ring\k_10\K_0.20\seed_0013,OK
ring,0.20,,10,14,20260607,6082019009704541216,outputs\fhn-sweep-T500-dt005-init05-observables\runs\ring\k_10\K_0.20\seed_0014,OK
ring,0.20,,10,15,20260607,6082019009704541217,outputs\fhn-sweep-T500-dt005-init05-observables\runs\ring\k_10\K_0.20\seed_0015,OK
ring,0.30,,10,1,20260607,-5651659459446566950,outputs\fhn-sweep-T500-dt005-init05-observables\runs\ring\k_10\K_0.30\seed_0001,OK
ring,0.30,,10,2,20260607,-5651659459446566949,outputs\fhn-sweep-T500-dt005-init05-observables\runs\ring\k_10\K_0.30\seed_0002,OK
ring,0.30,,10,3,20260607,-5651659459446566948,outputs\fhn-sweep-T500-dt005-init05-observables\runs\ring\k_10\K_0.30\seed_0003,OK
ring,0.30,,10,4,20260607,-5651659459446566947,outputs\fhn-sweep-T500-dt005-init05-observables\runs\ring\k_10\K_0.30\seed_0004,OK
ring,0.30,,10,5,20260607,-5651659459446566946,outputs\fhn-sweep-T500-dt005-init05-observables\runs\ring\k_10\K_0.30\seed_0005,OK
ring,0.30,,10,6,20260607,-5651659459446566945,outputs\fhn-sweep-T500-dt005-init05-observables\runs\ring\k_10\K_0.30\seed_0006,OK
ring,0.30,,10,7,20260607,-5651659459446566944,outputs\fhn-sweep-T500-dt005-init05-observables\runs\ring\k_10\K_0.30\seed_0007,OK
ring,0.30,,10,8,20260607,-5651659459446566943,outputs\fhn-sweep-T500-dt005-init05-observables\runs\ring\k_10\K_0.30\seed_0008,OK
ring,0.30,,10,9,20260607,-5651659459446566942,outputs\fhn-sweep-T500-dt005-init05-observables\runs\ring\k_10\K_0.30\seed_0009,OK
ring,0.30,,10,10,20260607,-5651659459446566941,outputs\fhn-sweep-T500-dt005-init05-observables\runs\ring\k_10\K_0.30\seed_0010,OK
ring,0.30,,10,11,20260607,-5651659459446566940,outputs\fhn-sweep-T500-dt005-init05-observables\runs\ring\k_10\K_0.30\seed_0011,OK
ring,0.30,,10,12,20260607,-5651659459446566939,outputs\fhn-sweep-T500-dt005-init05-observables\runs\ring\k_10\K_0.30\seed_0012,OK
ring,0.30,,10,13,20260607,-5651659459446566938,outputs\fhn-sweep-T500-dt005-init05-observables\runs\ring\k_10\K_0.30\seed_0013,OK
ring,0.30,,10,14,20260607,-5651659459446566937,outputs\fhn-sweep-T500-dt005-init05-observables\runs\ring\k_10\K_0.30\seed_0014,OK
ring,0.30,,10,15,20260607,-5651659459446566936,outputs\fhn-sweep-T500-dt005-init05-observables\runs\ring\k_10\K_0.30\seed_0015,OK
ring,0.40,,10,1,20260607,-7325197080977425389,outputs\fhn-sweep-T500-dt005-init05-observables\runs\ring\k_10\K_0.40\seed_0001,OK
ring,0.40,,10,2,20260607,-7325197080977425388,outputs\fhn-sweep-T500-dt005-init05-observables\runs\ring\k_10\K_0.40\seed_0002,OK
ring,0.40,,10,3,20260607,-7325197080977425387,outputs\fhn-sweep-T500-dt005-init05-observables\runs\ring\k_10\K_0.40\seed_0003,OK
ring,0.40,,10,4,20260607,-7325197080977425386,outputs\fhn-sweep-T500-dt005-init05-observables\runs\ring\k_10\K_0.40\seed_0004,OK
ring,0.40,,10,5,20260607,-7325197080977425385,outputs\fhn-sweep-T500-dt005-init05-observables\runs\ring\k_10\K_0.40\seed_0005,OK
ring,0.40,,10,6,20260607,-7325197080977425384,outputs\fhn-sweep-T500-dt005-init05-observables\runs\ring\k_10\K_0.40\seed_0006,OK
ring,0.40,,10,7,20260607,-7325197080977425383,outputs\fhn-sweep-T500-dt005-init05-observables\runs\ring\k_10\K_0.40\seed_0007,OK
ring,0.40,,10,8,20260607,-7325197080977425382,outputs\fhn-sweep-T500-dt005-init05-observables\runs\ring\k_10\K_0.40\seed_0008,OK
ring,0.40,,10,9,20260607,-7325197080977425381,outputs\fhn-sweep-T500-dt005-init05-observables\runs\ring\k_10\K_0.40\seed_0009,OK
ring,0.40,,10,10,20260607,-7325197080977425380,outputs\fhn-sweep-T500-dt005-init05-observables\runs\ring\k_10\K_0.40\seed_0010,OK
ring,0.40,,10,11,20260607,-7325197080977425379,outputs\fhn-sweep-T500-dt005-init05-observables\runs\ring\k_10\K_0.40\seed_0011,OK
ring,0.40,,10,12,20260607,-7325197080977425378,outputs\fhn-sweep-T500-dt005-init05-observables\runs\ring\k_10\K_0.40\seed_0012,OK
ring,0.40,,10,13,20260607,-7325197080977425377,outputs\fhn-sweep-T500-dt005-init05-observables\runs\ring\k_10\K_0.40\seed_0013,OK
ring,0.40,,10,14,20260607,-7325197080977425376,outputs\fhn-sweep-T500-dt005-init05-observables\runs\ring\k_10\K_0.40\seed_0014,OK
ring,0.40,,10,15,20260607,-7325197080977425375,outputs\fhn-sweep-T500-dt005-init05-observables\runs\ring\k_10\K_0.40\seed_0015,OK
ring,0.50,,10,1,20260607,-8998734702508313619,outputs\fhn-sweep-T500-dt005-init05-observables\runs\ring\k_10\K_0.50\seed_0001,OK
ring,0.50,,10,2,20260607,-8998734702508313618,outputs\fhn-sweep-T500-dt005-init05-observables\runs\ring\k_10\K_0.50\seed_0002,OK
ring,0.50,,10,3,20260607,-8998734702508313617,outputs\fhn-sweep-T500-dt005-init05-observables\runs\ring\k_10\K_0.50\seed_0003,OK
ring,0.50,,10,4,20260607,-8998734702508313616,outputs\fhn-sweep-T500-dt005-init05-observables\runs\ring\k_10\K_0.50\seed_0004,OK
ring,0.50,,10,5,20260607,-8998734702508313615,outputs\fhn-sweep-T500-dt005-init05-observables\runs\ring\k_10\K_0.50\seed_0005,OK
ring,0.50,,10,6,20260607,-8998734702508313614,outputs\fhn-sweep-T500-dt005-init05-observables\runs\ring\k_10\K_0.50\seed_0006,OK
ring,0.50,,10,7,20260607,-8998734702508313613,outputs\fhn-sweep-T500-dt005-init05-observables\runs\ring\k_10\K_0.50\seed_0007,OK
ring,0.50,,10,8,20260607,-8998734702508313612,outputs\fhn-sweep-T500-dt005-init05-observables\runs\ring\k_10\K_0.50\seed_0008,OK
ring,0.50,,10,9,20260607,-8998734702508313611,outputs\fhn-sweep-T500-dt005-init05-observables\runs\ring\k_10\K_0.50\seed_0009,OK
ring,0.50,,10,10,20260607,-8998734702508313610,outputs\fhn-sweep-T500-dt005-init05-observables\runs\ring\k_10\K_0.50\seed_0010,OK
ring,0.50,,10,11,20260607,-8998734702508313609,outputs\fhn-sweep-T500-dt005-init05-observables\runs\ring\k_10\K_0.50\seed_0011,OK
ring,0.50,,10,12,20260607,-8998734702508313608,outputs\fhn-sweep-T500-dt005-init05-observables\runs\ring\k_10\K_0.50\seed_0012,OK
ring,0.50,,10,13,20260607,-8998734702508313607,outputs\fhn-sweep-T500-dt005-init05-observables\runs\ring\k_10\K_0.50\seed_0013,OK
ring,0.50,,10,14,20260607,-8998734702508313606,outputs\fhn-sweep-T500-dt005-init05-observables\runs\ring\k_10\K_0.50\seed_0014,OK
ring,0.50,,10,15,20260607,-8998734702508313605,outputs\fhn-sweep-T500-dt005-init05-observables\runs\ring\k_10\K_0.50\seed_0015,OK
ring,0.60,,10,1,20260607,-612131476418981926,outputs\fhn-sweep-T500-dt005-init05-observables\runs\ring\k_10\K_0.60\seed_0001,OK
ring,0.60,,10,2,20260607,-612131476418981925,outputs\fhn-sweep-T500-dt005-init05-observables\runs\ring\k_10\K_0.60\seed_0002,OK
ring,0.60,,10,3,20260607,-612131476418981924,outputs\fhn-sweep-T500-dt005-init05-observables\runs\ring\k_10\K_0.60\seed_0003,OK
ring,0.60,,10,4,20260607,-612131476418981923,outputs\fhn-sweep-T500-dt005-init05-observables\runs\ring\k_10\K_0.60\seed_0004,OK
ring,0.60,,10,5,20260607,-612131476418981922,outputs\fhn-sweep-T500-dt005-init05-observables\runs\ring\k_10\K_0.60\seed_0005,OK
ring,0.60,,10,6,20260607,-612131476418981921,outputs\fhn-sweep-T500-dt005-init05-observables\runs\ring\k_10\K_0.60\seed_0006,OK
ring,0.60,,10,7,20260607,-612131476418981920,outputs\fhn-sweep-T500-dt005-init05-observables\runs\ring\k_10\K_0.60\seed_0007,OK
ring,0.60,,10,8,20260607,-612131476418981919,outputs\fhn-sweep-T500-dt005-init05-observables\runs\ring\k_10\K_0.60\seed_0008,OK
ring,0.60,,10,9,20260607,-612131476418981918,outputs\fhn-sweep-T500-dt005-init05-observables\runs\ring\k_10\K_0.60\seed_0009,OK
ring,0.60,,10,10,20260607,-612131476418981917,outputs\fhn-sweep-T500-dt005-init05-observables\runs\ring\k_10\K_0.60\seed_0010,OK
ring,0.60,,10,11,20260607,-612131476418981916,outputs\fhn-sweep-T500-dt005-init05-observables\runs\ring\k_10\K_0.60\seed_0011,OK
ring,0.60,,10,12,20260607,-612131476418981915,outputs\fhn-sweep-T500-dt005-init05-observables\runs\ring\k_10\K_0.60\seed_0012,OK
ring,0.60,,10,13,20260607,-612131476418981914,outputs\fhn-sweep-T500-dt005-init05-observables\runs\ring\k_10\K_0.60\seed_0013,OK
ring,0.60,,10,14,20260607,-612131476418981913,outputs\fhn-sweep-T500-dt005-init05-observables\runs\ring\k_10\K_0.60\seed_0014,OK
ring,0.60,,10,15,20260607,-612131476418981912,outputs\fhn-sweep-T500-dt005-init05-observables\runs\ring\k_10\K_0.60\seed_0015,OK
ring,0.70,,10,1,20260607,7774471749670349767,outputs\fhn-sweep-T500-dt005-init05-observables\runs\ring\k_10\K_0.70\seed_0001,OK
ring,0.70,,10,2,20260607,7774471749670349768,outputs\fhn-sweep-T500-dt005-init05-observables\runs\ring\k_10\K_0.70\seed_0002,OK
ring,0.70,,10,3,20260607,7774471749670349769,outputs\fhn-sweep-T500-dt005-init05-observables\runs\ring\k_10\K_0.70\seed_0003,OK
ring,0.70,,10,4,20260607,7774471749670349770,outputs\fhn-sweep-T500-dt005-init05-observables\runs\ring\k_10\K_0.70\seed_0004,OK
ring,0.70,,10,5,20260607,7774471749670349771,outputs\fhn-sweep-T500-dt005-init05-observables\runs\ring\k_10\K_0.70\seed_0005,OK
ring,0.70,,10,6,20260607,7774471749670349772,outputs\fhn-sweep-T500-dt005-init05-observables\runs\ring\k_10\K_0.70\seed_0006,OK
ring,0.70,,10,7,20260607,7774471749670349773,outputs\fhn-sweep-T500-dt005-init05-observables\runs\ring\k_10\K_0.70\seed_0007,OK
ring,0.70,,10,8,20260607,7774471749670349774,outputs\fhn-sweep-T500-dt005-init05-observables\runs\ring\k_10\K_0.70\seed_0008,OK
ring,0.70,,10,9,20260607,7774471749670349775,outputs\fhn-sweep-T500-dt005-init05-observables\runs\ring\k_10\K_0.70\seed_0009,OK
ring,0.70,,10,10,20260607,7774471749670349776,outputs\fhn-sweep-T500-dt005-init05-observables\runs\ring\k_10\K_0.70\seed_0010,OK
ring,0.70,,10,11,20260607,7774471749670349777,outputs\fhn-sweep-T500-dt005-init05-observables\runs\ring\k_10\K_0.70\seed_0011,OK
ring,0.70,,10,12,20260607,7774471749670349778,outputs\fhn-sweep-T500-dt005-init05-observables\runs\ring\k_10\K_0.70\seed_0012,OK
ring,0.70,,10,13,20260607,7774471749670349779,outputs\fhn-sweep-T500-dt005-init05-observables\runs\ring\k_10\K_0.70\seed_0013,OK
ring,0.70,,10,14,20260607,7774471749670349780,outputs\fhn-sweep-T500-dt005-init05-observables\runs\ring\k_10\K_0.70\seed_0014,OK
ring,0.70,,10,15,20260607,7774471749670349781,outputs\fhn-sweep-T500-dt005-init05-observables\runs\ring\k_10\K_0.70\seed_0015,OK
ring,0.80,,10,2,20260607,-2285669097949840364,outputs\fhn-sweep-T500-dt005-init05-observables\runs\ring\k_10\K_0.80\seed_0002,OK
ring,0.80,,10,1,20260607,-2285669097949840365,outputs\fhn-sweep-T500-dt005-init05-observables\runs\ring\k_10\K_0.80\seed_0001,OK
ring,0.80,,10,3,20260607,-2285669097949840363,outputs\fhn-sweep-T500-dt005-init05-observables\runs\ring\k_10\K_0.80\seed_0003,OK
ring,0.80,,10,5,20260607,-2285669097949840361,outputs\fhn-sweep-T500-dt005-init05-observables\runs\ring\k_10\K_0.80\seed_0005,OK
ring,0.80,,10,6,20260607,-2285669097949840360,outputs\fhn-sweep-T500-dt005-init05-observables\runs\ring\k_10\K_0.80\seed_0006,OK
ring,0.80,,10,4,20260607,-2285669097949840362,outputs\fhn-sweep-T500-dt005-init05-observables\runs\ring\k_10\K_0.80\seed_0004,OK
ring,0.80,,10,7,20260607,-2285669097949840359,outputs\fhn-sweep-T500-dt005-init05-observables\runs\ring\k_10\K_0.80\seed_0007,OK
ring,0.80,,10,8,20260607,-2285669097949840358,outputs\fhn-sweep-T500-dt005-init05-observables\runs\ring\k_10\K_0.80\seed_0008,OK
ring,0.80,,10,9,20260607,-2285669097949840357,outputs\fhn-sweep-T500-dt005-init05-observables\runs\ring\k_10\K_0.80\seed_0009,OK
ring,0.80,,10,10,20260607,-2285669097949840356,outputs\fhn-sweep-T500-dt005-init05-observables\runs\ring\k_10\K_0.80\seed_0010,OK
ring,0.80,,10,11,20260607,-2285669097949840355,outputs\fhn-sweep-T500-dt005-init05-observables\runs\ring\k_10\K_0.80\seed_0011,OK
ring,0.80,,10,12,20260607,-2285669097949840354,outputs\fhn-sweep-T500-dt005-init05-observables\runs\ring\k_10\K_0.80\seed_0012,OK
ring,0.80,,10,13,20260607,-2285669097949840353,outputs\fhn-sweep-T500-dt005-init05-observables\runs\ring\k_10\K_0.80\seed_0013,OK
ring,0.80,,10,14,20260607,-2285669097949840352,outputs\fhn-sweep-T500-dt005-init05-observables\runs\ring\k_10\K_0.80\seed_0014,OK
ring,0.90,,10,1,20260607,6100934128139491328,outputs\fhn-sweep-T500-dt005-init05-observables\runs\ring\k_10\K_0.90\seed_0001,OK
ring,0.80,,10,15,20260607,-2285669097949840351,outputs\fhn-sweep-T500-dt005-init05-observables\runs\ring\k_10\K_0.80\seed_0015,OK
ring,0.90,,10,2,20260607,6100934128139491329,outputs\fhn-sweep-T500-dt005-init05-observables\runs\ring\k_10\K_0.90\seed_0002,OK
ring,0.90,,10,3,20260607,6100934128139491330,outputs\fhn-sweep-T500-dt005-init05-observables\runs\ring\k_10\K_0.90\seed_0003,OK
ring,0.90,,10,4,20260607,6100934128139491331,outputs\fhn-sweep-T500-dt005-init05-observables\runs\ring\k_10\K_0.90\seed_0004,OK
ring,0.90,,10,5,20260607,6100934128139491332,outputs\fhn-sweep-T500-dt005-init05-observables\runs\ring\k_10\K_0.90\seed_0005,OK
ring,0.90,,10,6,20260607,6100934128139491333,outputs\fhn-sweep-T500-dt005-init05-observables\runs\ring\k_10\K_0.90\seed_0006,OK
ring,0.90,,10,7,20260607,6100934128139491334,outputs\fhn-sweep-T500-dt005-init05-observables\runs\ring\k_10\K_0.90\seed_0007,OK
ring,0.90,,10,8,20260607,6100934128139491335,outputs\fhn-sweep-T500-dt005-init05-observables\runs\ring\k_10\K_0.90\seed_0008,OK
ring,0.90,,10,10,20260607,6100934128139491337,outputs\fhn-sweep-T500-dt005-init05-observables\runs\ring\k_10\K_0.90\seed_0010,OK
ring,0.90,,10,9,20260607,6100934128139491336,outputs\fhn-sweep-T500-dt005-init05-observables\runs\ring\k_10\K_0.90\seed_0009,OK
ring,0.90,,10,11,20260607,6100934128139491338,outputs\fhn-sweep-T500-dt005-init05-observables\runs\ring\k_10\K_0.90\seed_0011,OK
ring,0.90,,10,12,20260607,6100934128139491339,outputs\fhn-sweep-T500-dt005-init05-observables\runs\ring\k_10\K_0.90\seed_0012,OK
ring,0.90,,10,13,20260607,6100934128139491340,outputs\fhn-sweep-T500-dt005-init05-observables\runs\ring\k_10\K_0.90\seed_0013,OK
ring,0.90,,10,15,20260607,6100934128139491342,outputs\fhn-sweep-T500-dt005-init05-observables\runs\ring\k_10\K_0.90\seed_0015,OK
ring,0.90,,10,14,20260607,6100934128139491341,outputs\fhn-sweep-T500-dt005-init05-observables\runs\ring\k_10\K_0.90\seed_0014,OK
ring,1.00,,10,1,20260607,-3959206719480728595,outputs\fhn-sweep-T500-dt005-init05-observables\runs\ring\k_10\K_1.00\seed_0001,OK
ring,1.00,,10,2,20260607,-3959206719480728594,outputs\fhn-sweep-T500-dt005-init05-observables\runs\ring\k_10\K_1.00\seed_0002,OK
ring,1.00,,10,3,20260607,-3959206719480728593,outputs\fhn-sweep-T500-dt005-init05-observables\runs\ring\k_10\K_1.00\seed_0003,OK
ring,1.00,,10,4,20260607,-3959206719480728592,outputs\fhn-sweep-T500-dt005-init05-observables\runs\ring\k_10\K_1.00\seed_0004,OK
ring,1.00,,10,5,20260607,-3959206719480728591,outputs\fhn-sweep-T500-dt005-init05-observables\runs\ring\k_10\K_1.00\seed_0005,OK
ring,1.00,,10,6,20260607,-3959206719480728590,outputs\fhn-sweep-T500-dt005-init05-observables\runs\ring\k_10\K_1.00\seed_0006,OK
ring,1.00,,10,7,20260607,-3959206719480728589,outputs\fhn-sweep-T500-dt005-init05-observables\runs\ring\k_10\K_1.00\seed_0007,OK
ring,1.00,,10,8,20260607,-3959206719480728588,outputs\fhn-sweep-T500-dt005-init05-observables\runs\ring\k_10\K_1.00\seed_0008,OK
ring,1.00,,10,9,20260607,-3959206719480728587,outputs\fhn-sweep-T500-dt005-init05-observables\runs\ring\k_10\K_1.00\seed_0009,OK
ring,1.00,,10,10,20260607,-3959206719480728586,outputs\fhn-sweep-T500-dt005-init05-observables\runs\ring\k_10\K_1.00\seed_0010,OK
ring,1.00,,10,11,20260607,-3959206719480728585,outputs\fhn-sweep-T500-dt005-init05-observables\runs\ring\k_10\K_1.00\seed_0011,OK
ring,1.00,,10,12,20260607,-3959206719480728584,outputs\fhn-sweep-T500-dt005-init05-observables\runs\ring\k_10\K_1.00\seed_0012,OK
ring,1.00,,10,13,20260607,-3959206719480728583,outputs\fhn-sweep-T500-dt005-init05-observables\runs\ring\k_10\K_1.00\seed_0013,OK
ring,1.00,,10,14,20260607,-3959206719480728582,outputs\fhn-sweep-T500-dt005-init05-observables\runs\ring\k_10\K_1.00\seed_0014,OK
ring,1.00,,10,15,20260607,-3959206719480728581,outputs\fhn-sweep-T500-dt005-init05-observables\runs\ring\k_10\K_1.00\seed_0015,OK
